ID,CAT,SCAT,TTL,DESC,NT,KV,UN,PL,CS,EW,SS,DS,TC,PM,EP,EO,TBBC
1,Station,Property site work,GIS site infrastructure - Large area 200m × 200m,Civil site infrastucture including substation common ancillary system,Developing the infrastructure for this footprint area to build a new site, N/A,lot,0.0,5880611.205432937,66825.12733446519,521342.15848125896,329490.6166219839,0.0,395388.73994638067,136593.90679757015,88120.0,7418371.754614595
2,Station,Property site work,GIS site infrastructure - Med area 150m × 150m,Civil site infrastucture including substation common ancillary system,Developing the infrastructure for this footprint area to build a new site, N/A,lot,0.0,3307843.803056027,37589.134125636665,521342.15848125896,185338.47184986595,0.0,222406.16621983913,76834.07257363321,49567.5,4400921.306306261
3,Station,Property site work,GIS site infrastructure - Small area 100m × 100m,Civil site infrastucture including substation common ancillary system,Developing the infrastructure for this footprint area to build a new site, N/A,lot,0.0,1470152.8013582341,16706.281833616296,521342.15848125896,82372.65415549597,0.0,98847.18498659517,34148.47669939254,22030.0,2245599.557514593
4,Station,Building,GIS building size 50 × 30 × 14m,Building housing the GIS asset indoor,GIS building with cable basement and overhead gantry cranes to house GIS asset indoor, 500-330,lot,0.0,17040407.470288623,400950.7640067911,0.0,1186166.219839142,0.0,1383860.5898123325,0.0,0.0,20011385.043946885
5,Station,Building,GIS building size 50 × 30 × 12m,Building housing the GIS asset indoor,GIS building with cable basement and overhead gantry cranes to house GIS asset indoor, 275-220,lot,0.0,14200339.558573851,334125.63667232596,0.0,988471.8498659517,0.0,1153217.1581769437,0.0,0.0,16676154.203289073
6,Station,Building,GIS building size 50 × 30 × 10m,Building housing the GIS asset indoor,GIS building with cable basement and overhead gantry cranes to house GIS asset indoor, 132,lot,0.0,10650254.668930389,250594.22750424445,0.0,741353.8873994638,0.0,864912.8686327079,0.0,0.0,12507115.652466804
7,Station,GIS Switchbay,3CB Diameter 3CBs,Construction of 3 bays of GIS switchgear with only 3 circuit breakers and secondary system,"1. Plant amount includes GIL plant/structure
2. GIS equipment are directly procured by TNSPs and the OEM install it on site. The OEM project management and overheads are embedded in tender/panel contract.", 500,lot,18407517.84521723,868726.6553480474,347490.66213921894,813293.767230764,514005.3619302949,521235.99320882844,0.0,0.0,0.0,21472270.285074387
8,Station,GIS Switchbay,3CB Diameter 2CBs,Construction of 3 bays of GIS switchgear with only 2 circuit breakers and secondary system,"1. Plant amount includes GIL plant/structure
2. GIS equipment are directly procured by TNSPs and the OEM install it on site. The OEM project management and overheads are embedded in tender/panel contract.", 500,lot,13805638.383912923,651544.9915110356,260617.99660441422,609970.325423073,385504.02144772117,390926.99490662134,0.0,0.0,0.0,16104202.71380579
9,Station,GIS Switchbay,3CB Diameter 1CB,Construction of 3 bays of GIS switchgear with only 1 circuit breakers and secondary system,"1. Plant amount includes GIL plant/structure
2. GIS equipment are directly procured by TNSPs and the OEM install it on site. The OEM project management and overheads are embedded in tender/panel contract.", 500,lot,7363007.138086892,347490.66213921894,138996.2648556876,325317.5068923056,205602.14477211796,208494.39728353138,0.0,0.0,0.0,8588908.114029754
10,Station,GIS Switchbay,2CB Diameter 2CBs,Construction of 2 bays of GIS switchgear with only 2 circuit breakers and secondary system,"1. Plant amount includes GIL plant/structure
2. GIS equipment are directly procured by TNSPs and the OEM install it on site. The OEM project management and overheads are embedded in tender/panel contract.", 500,lot,9203758.922608616,434363.3276740237,260617.99660441422,609970.325423073,385504.02144772117,260617.99660441422,0.0,0.0,0.0,11154832.590362264
11,Station,GIS Switchbay,2CB Diameter 1CB,Construction of 2 bays of GIS switchgear with only 1 circuit breakers and secondary system,"1. Plant amount includes GIL plant/structure
2. GIS equipment are directly procured by TNSPs and the OEM install it on site. The OEM project management and overheads are embedded in tender/panel contract.", 500,lot,5522255.3535651695,260617.99660441422,138996.2648556876,325317.5068923056,205602.14477211796,156370.79796264853,0.0,0.0,0.0,6609160.064652344
12,Station,GIS Switchbay,1CB Diameter 1CB,Construction of 1 bays of GIS switchgear with only 1 circuit breakers and secondary system,"1. Plant amount includes GIL plant/structure
2. GIS equipment are directly procured by TNSPs and the OEM install it on site. The OEM project management and overheads are embedded in tender/panel contract.", 500,lot,4601879.461304308,217181.66383701185,138996.2648556876,325317.5068923056,205602.14477211796,130308.99830220711,0.0,0.0,0.0,5619286.039963638
13,Station,GIS Switchbay,3CB Diameter 3CBs,Construction of 3 bays of GIS switchgear with only 3 circuit breakers and secondary system,"1. Plant amount includes GIL plant/structure
2. GIS equipment are directly procured by TNSPs and the OEM install it on site. The OEM project management and overheads are embedded in tender/panel contract.", 330,lot,14159629.111705562,668251.2733446519,267300.50933786074,625610.5901775107,395388.73994638067,400950.7640067911,0.0,0.0,0.0,16517130.988518758
14,Station,GIS Switchbay,3CB Diameter 2CBs,Construction of 3 bays of GIS switchgear with only 2 circuit breakers and secondary system,"1. Plant amount includes GIL plant/structure
2. GIS equipment are directly procured by TNSPs and the OEM install it on site. The OEM project management and overheads are embedded in tender/panel contract.", 330,lot,10619721.833779171,501188.4550084889,200475.38200339556,469207.9426331331,296541.5549597855,300713.0730050933,0.0,0.0,0.0,12387848.241389066
15,Station,GIS Switchbay,3CB Diameter 1CB,Construction of 3 bays of GIS switchgear with only 1 circuit breakers and secondary system,"1. Plant amount includes GIL plant/structure
2. GIS equipment are directly procured by TNSPs and the OEM install it on site. The OEM project management and overheads are embedded in tender/panel contract.", 330,lot,5663851.644682225,267300.50933786074,106920.2037351443,250244.2360710043,158155.49597855227,160380.30560271646,0.0,0.0,0.0,6606852.395407503
16,Station,GIS Switchbay,2CB Diameter 2CBs,Construction of 2 bays of GIS switchgear with only 2 circuit breakers and secondary system,"1. Plant amount includes GIL plant/structure
2. GIS equipment are directly procured by TNSPs and the OEM install it on site. The OEM project management and overheads are embedded in tender/panel contract.", 330,lot,7079814.555852781,334125.63667232596,200475.38200339556,469207.9426331331,296541.5549597855,200475.38200339556,0.0,0.0,0.0,8580640.454124818
17,Station,GIS Switchbay,2CB Diameter 1CB,Construction of 2 bays of GIS switchgear with only 1 circuit breakers and secondary system,"1. Plant amount includes GIL plant/structure
2. GIS equipment are directly procured by TNSPs and the OEM install it on site. The OEM project management and overheads are embedded in tender/panel contract.", 330,lot,4247888.733511669,200475.38200339556,106920.2037351443,250244.2360710043,158155.49597855227,120285.22920203734,0.0,0.0,0.0,5083969.280501802
18,Station,GIS Switchbay,1CB Diameter 1CB,Construction of 1 bays of GIS switchgear with only 1 circuit breakers and secondary system,"1. Plant amount includes GIL plant/structure
2. GIS equipment are directly procured by TNSPs and the OEM install it on site. The OEM project management and overheads are embedded in tender/panel contract.", 330,lot,3539907.2779263905,167062.81833616298,106920.2037351443,250244.2360710043,158155.49597855227,100237.69100169778,0.0,0.0,0.0,4322527.7230489515
19,Station,GIS Switchbay,3CB Diameter 3CBs,Construction of 3 bays of GIS switchgear with only 3 circuit breakers and secondary system,"1. Plant amount includes GIL plant/structure
2. GIS equipment are directly procured by TNSPs and the OEM install it on site. The OEM project management and overheads are embedded in tender/panel contract.", 275,lot,11799690.926421301,556876.0611205432,222750.4244482173,521342.15848125896,329490.6166219839,334125.63667232596,0.0,0.0,0.0,13764275.823765632
20,Station,GIS Switchbay,3CB Diameter 2CBs,Construction of 3 bays of GIS switchgear with only 2 circuit breakers and secondary system,"1. Plant amount includes GIL plant/structure
2. GIS equipment are directly procured by TNSPs and the OEM install it on site. The OEM project management and overheads are embedded in tender/panel contract.", 275,lot,8849768.194815977,417657.04584040743,167062.81833616298,391006.61886094423,247117.96246648792,250594.22750424445,0.0,0.0,0.0,10323206.867824223
21,Station,GIS Switchbay,3CB Diameter 1CB,Construction of 3 bays of GIS switchgear with only 1 circuit breakers and secondary system,"1. Plant amount includes GIL plant/structure
2. GIS equipment are directly procured by TNSPs and the OEM install it on site. The OEM project management and overheads are embedded in tender/panel contract.", 275,lot,4719876.37056852,222750.4244482173,89100.16977928691,208536.86339250358,131796.24664879355,133650.25466893037,0.0,0.0,0.0,5505710.329506252
22,Station,GIS Switchbay,2CB Diameter 2CBs,Construction of 2 bays of GIS switchgear with only 2 circuit breakers and secondary system,"1. Plant amount includes GIL plant/structure
2. GIS equipment are directly procured by TNSPs and the OEM install it on site. The OEM project management and overheads are embedded in tender/panel contract.", 275,lot,5899845.463210651,278438.0305602716,167062.81833616298,391006.61886094423,247117.96246648792,167062.81833616298,0.0,0.0,0.0,7150533.71177068
23,Station,GIS Switchbay,2CB Diameter 1CB,Construction of 2 bays of GIS switchgear with only 1 circuit breakers and secondary system,"1. Plant amount includes GIL plant/structure
2. GIS equipment are directly procured by TNSPs and the OEM install it on site. The OEM project management and overheads are embedded in tender/panel contract.", 275,lot,3539907.2779263905,167062.81833616298,89100.16977928691,208536.86339250358,131796.24664879355,100237.69100169778,0.0,0.0,0.0,4236641.067084835
24,Station,GIS Switchbay,1CB Diameter 1CB,Construction of 1 bays of GIS switchgear with only 1 circuit breakers and secondary system,"1. Plant amount includes GIL plant/structure
2. GIS equipment are directly procured by TNSPs and the OEM install it on site. The OEM project management and overheads are embedded in tender/panel contract.", 275,lot,2949922.7316053254,139219.0152801358,89100.16977928691,208536.86339250358,131796.24664879355,83531.40916808149,0.0,0.0,0.0,3602106.4358741264
25,Station,GIS Switchbay,3CB Diameter 3CBs,Construction of 3 bays of GIS switchgear with only 3 circuit breakers and secondary system,"1. Plant amount includes GIL plant/structure
2. GIS equipment are directly procured by TNSPs and the OEM install it on site. The OEM project management and overheads are embedded in tender/panel contract.", 220,lot,7669799.102173846,361969.4397283531,217181.66383701185,508308.6045192275,321253.3512064343,217181.66383701185,0.0,0.0,0.0,9295693.825301886
26,Station,GIS Switchbay,3CB Diameter 2CBs,Construction of 3 bays of GIS switchgear with only 2 circuit breakers and secondary system,"1. Plant amount includes GIL plant/structure
2. GIS equipment are directly procured by TNSPs and the OEM install it on site. The OEM project management and overheads are embedded in tender/panel contract.", 220,lot,5781848.553946437,272869.26994906616,155925.2971137521,364939.5109368813,230643.43163538873,163721.5619694397,0.0,0.0,0.0,6969947.625550966
27,Station,GIS Switchbay,3CB Diameter 1CB,Construction of 3 bays of GIS switchgear with only 1 circuit breakers and secondary system,"1. Plant amount includes GIL plant/structure
2. GIS equipment are directly procured by TNSPs and the OEM install it on site. The OEM project management and overheads are embedded in tender/panel contract.", 220,lot,3244915.004765858,153140.9168081494,83531.40916808149,195503.30943047212,123558.98123324396,91884.55008488963,0.0,0.0,0.0,3892534.1714906944
28,Station,GIS Switchbay,2CB Diameter 2CBs,Construction of 2 bays of GIS switchgear with only 2 circuit breakers and secondary system,"1. Plant amount includes GIL plant/structure
2. GIS equipment are directly procured by TNSPs and the OEM install it on site. The OEM project management and overheads are embedded in tender/panel contract.", 220,lot,3893898.0057190293,183769.10016977927,155925.2971137521,364939.5109368813,230643.43163538873,110261.46010186756,0.0,0.0,0.0,4939436.805676699
29,Station,GIS Switchbay,2CB Diameter 1CB,Construction of 2 bays of GIS switchgear with only 1 circuit breakers and secondary system,"1. Plant amount includes GIL plant/structure
2. GIS equipment are directly procured by TNSPs and the OEM install it on site. The OEM project management and overheads are embedded in tender/panel contract.", 220,lot,2359938.18528426,111375.21222410865,83531.40916808149,195503.30943047212,123558.98123324396,66825.12733446519,0.0,0.0,0.0,2940732.2246746314
30,Station,GIS Switchbay,1CB Diameter 1CB,Construction of 1 bays of GIS switchgear with only 1 circuit breakers and secondary system,"1. Plant amount includes GIL plant/structure
2. GIS equipment are directly procured by TNSPs and the OEM install it on site. The OEM project management and overheads are embedded in tender/panel contract.", 220,lot,1946949.0028595147,91884.55008488963,83531.40916808149,195503.30943047212,123558.98123324396,55130.73005093378,0.0,0.0,0.0,2496557.9828271354
31,Station,GIS Switchbay,3CB Diameter 3CBs,Construction of 3 bays of GIS switchgear with only 3 circuit breakers and secondary system,"1. Plant amount includes GIL plant/structure
2. GIS equipment are directly procured by TNSPs and the OEM install it on site. The OEM project management and overheads are embedded in tender/panel contract.", 132,lot,3539907.2779263905,167062.81833616298,211612.90322580643,495275.050557196,313016.0857908847,100237.69100169778,0.0,0.0,0.0,4827111.8268381385
32,Station,GIS Switchbay,3CB Diameter 2CBs,Construction of 3 bays of GIS switchgear with only 2 circuit breakers and secondary system,"1. Plant amount includes GIL plant/structure
2. GIS equipment are directly procured by TNSPs and the OEM install it on site. The OEM project management and overheads are embedded in tender/panel contract.", 132,lot,2713928.9130768995,128081.49405772494,144787.77589134124,338872.4030128183,214168.90080428953,76848.89643463497,0.0,0.0,0.0,3616688.383277708
33,Station,GIS Switchbay,3CB Diameter 1CB,Construction of 3 bays of GIS switchgear with only 1 circuit breakers and secondary system,"1. Plant amount includes GIL plant/structure
2. GIS equipment are directly procured by TNSPs and the OEM install it on site. The OEM project management and overheads are embedded in tender/panel contract.", 132,lot,1769953.6389631953,83531.40916808149,77962.64855687605,182469.75546844065,115321.71581769436,50118.84550084889,0.0,0.0,0.0,2279358.013475137
34,Station,GIS Switchbay,2CB Diameter 2CBs,Construction of 2 bays of GIS switchgear with only 2 circuit breakers and secondary system,"1. Plant amount includes GIL plant/structure
2. GIS equipment are directly procured by TNSPs and the OEM install it on site. The OEM project management and overheads are embedded in tender/panel contract.", 132,lot,1887950.5482274082,89100.16977928691,144787.77589134124,338872.4030128183,214168.90080428953,53460.10186757215,0.0,0.0,0.0,2728339.899582716
35,Station,GIS Switchbay,2CB Diameter 1CB,Construction of 2 bays of GIS switchgear with only 1 circuit breakers and secondary system,"1. Plant amount includes GIL plant/structure
2. GIS equipment are directly procured by TNSPs and the OEM install it on site. The OEM project management and overheads are embedded in tender/panel contract.", 132,lot,1179969.09264213,55687.60611205432,77962.64855687605,182469.75546844065,115321.71581769436,33412.56366723259,0.0,0.0,0.0,1644823.382264428
36,Station,GIS Switchbay,1CB Diameter 1CB,Construction of 1 bays of GIS switchgear with only 1 circuit breakers and secondary system,"1. Plant amount includes GIL plant/structure
2. GIS equipment are directly procured by TNSPs and the OEM install it on site. The OEM project management and overheads are embedded in tender/panel contract.", 132,lot,943975.2741137041,44550.084889643455,77962.64855687605,182469.75546844065,115321.71581769436,26730.050933786075,0.0,0.0,0.0,1391009.5297801446
37,Station,Property site work and building,AIS site infrastructure 5000 m2 footprint area and applicable control building,Civil site infrastucture including masonry control building and substation common ancillary system,Developing the infrastructure for this footprint area to build a new site and control building, N/A,lot,182724.62687113736,5553552.32597623,396682.30899830215,817014.5862158447,156471.79892761394,158672.92359932087,625887.1957104558,17074.23834969627,11077.66116546134,7919157.665814062
38,Station,Property site work and building,AIS site infrastructure 7500 m2 footprint area and applicable control building,Civil site infrastucture including masonry control building and substation common ancillary system,Developing the infrastructure for this footprint area to build a new site and control building, N/A,lot,213180.65521231128,6479202.85229202,462800.2037351442,953192.2860641005,182552.07953529936,185120.0814940577,730208.3181411974,25611.3575245444,16616.491748192013,9248484.325746866
39,Station,Property site work and building,AIS site infrastructure 10000 m2 footprint area and applicable control building,Civil site infrastucture including masonry control building and substation common ancillary system,Developing the infrastructure for this footprint area to build a new site and control building, N/A,lot,245784.9968471543,7470147.0967741925,533581.9354838709,1098975.7151823733,210472.01608579088,213432.77419354836,841888.0643431635,34148.47669939254,22155.32233092268,10670586.397940408
40,Station,Property site work and building,AIS site infrastructure 15000 m2 footprint area and applicable control building,Civil site infrastucture including masonry control building and substation common ancillary system,Developing the infrastructure for this footprint area to build a new site and control building, N/A,lot,317438.61999784765,9647916.74023769,689136.9100169778,1419359.761228971,271830.8570151921,275654.7640067911,1087323.4280607684,51222.7150490888,33232.98349638403,13793116.779109713
41,Station,Property site work and building,AIS site infrastructure 20000 m2 footprint area and applicable control building,Civil site infrastucture including masonry control building and substation common ancillary system,Developing the infrastructure for this footprint area to build a new site and control building, N/A,lot,397685.4963232174,12086861.256366722,863347.232597623,1778166.724355637,340548.32171581767,345338.8930390492,1362193.2868632707,68296.95339878507,44310.64466184536,17286748.809321966
42,Station,Property site work and building,AIS site infrastructure 25000 m2 footprint area and applicable control building,Civil site infrastucture including masonry control building and substation common ancillary system,Developing the infrastructure for this footprint area to build a new site and control building, N/A,lot,486525.62582326354,14786980.645161288,1056212.9032258063,2175396.604562372,416624.4101876675,422485.16129032255,1666497.64075067,85371.19174848135,55388.30582730669,21151482.488577176
43,Station,Property site work and building,AIS site infrastructure 30000 m2 footprint area and applicable control building,Civil site infrastucture including masonry control building and substation common ancillary system,Developing the infrastructure for this footprint area to build a new site and control building, N/A,lot,583959.008497986,17748274.90662139,1267733.9219015278,2611049.401849176,500059.12243074167,507093.5687606111,2000236.4897229667,102445.4300981776,66465.96699276805,25387317.816875346
44,Station,Property site work and building,AIS site infrastructure 35000 m2 footprint area and applicable control building,Civil site infrastucture including masonry control building and substation common ancillary system,Developing the infrastructure for this footprint area to build a new site and control building, N/A,lot,689985.6443473849,20970744.040747028,1497910.2886247875,3085125.1162160486,590852.4584450402,599164.115449915,2363409.8337801606,119519.66844787388,77543.62815822939,29994254.79421647
45,Station,Secondary system building,Demountable building 14 × 3 × 4m size,"Demountable building with air con, AC supply, fire system without any secondary system fitted, on concrete pad. Suitable to house 4-6 diameters (i.e. 12-18 bays) secondary systems. No amenities. Delivered and installed on site.",Pre-fabricated demountable building to house substation secondary system, N/A,ea.,458520.5984995234,159266.55348047536,36196.94397283531,67774.48060256366,14277.926720285968,14478.777589134124,28555.853440571937,0.0,0.0,779071.13430539
46,Station,Secondary system building,Demountable building 12 × 3 × 4m size,"Demountable building with air con, AC supply, fire system without any secondary system fitted, on concrete pad. Suitable to house 4-6 diameters (i.e. 12-18 bays) secondary systems. No amenities. Delivered and installed on site.",Pre-fabricated demountable building to house substation secondary system, N/A,ea.,440885.1908649263,153140.9168081494,34804.75382003395,65167.76981015737,13728.775692582662,13921.90152801358,27457.551385165323,0.0,0.0,749106.8599090287
47,Station,Secondary system building,Demountable building 10 × 3 × 4m size,"Demountable building with air con, AC supply, fire system without any secondary system fitted, on concrete pad. Suitable to house 4-6 diameters (i.e. 12-18 bays) secondary systems. No amenities. Delivered and installed on site.",Pre-fabricated demountable building to house substation secondary system, N/A,ea.,423249.7832303293,147015.2801358234,33412.56366723259,62561.059017751075,13179.624664879355,13365.025466893037,26359.24932975871,0.0,0.0,719142.5855126674
48,Station,AIS Switchbay,3CB Diameter 3CBs,Construction of 3 new AIS switchbays with only 3 circuit breakers and secondary system,"2 sets of gantry and busbar structure. Footprint area to house 3 bays. Each CB is accompanied by 1 VT, 1 CT, 2 DC and miscellaneous equipment", 500,lot,2952487.8818067214,1654088.9643463495,608108.6587436332,312805.2950887554,508859.8168007149,103203.61290322579,628950.7335656836,0.0,0.0,6768504.963255083
49,Station,AIS Switchbay,3CB Diameter 2CBs,Construction of 3 new AIS switchbays with only 2 circuit breakers and secondary system,"2 sets of gantry and busbar structure. Footprint area to house 3 bays. Each CB is accompanied by 1 VT, 1 CT, 2 DC and miscellaneous equipment", 500,lot,1984143.6807797558,1459126.6553480474,427680.8149405772,208536.86339250358,377936.7202859696,76650.64855687605,467129.78627345845,0.0,0.0,5001205.169577188
50,Station,AIS Switchbay,3CB Diameter 1CB,Construction of 3 new AIS switchbays with only 1 circuit breakers and secondary system,"2 sets of gantry and busbar structure. Footprint area to house 3 bays. Each CB is accompanied by 1 VT, 1 CT, 2 DC and miscellaneous equipment", 500,lot,1035038.1062632598,1264164.346349745,247252.97113752118,104268.43169625179,248661.0768543342,50431.80984719864,307345.0909919571,0.0,0.0,3257161.833140268
51,Station,AIS Switchbay,2CB Diameter 2CBs,Construction of 2 new AIS switchbays with only 2 circuit breakers and secondary system,"2 sets of gantry and busbar structure. Footprint area to house 2 bays. Each CB is accompanied by 1 VT, 1 CT, 2 DC and miscellaneous equipment", 500,lot,1984143.6807797558,1452861.7996604412,427680.8149405772,208536.86339250358,377318.92537980335,76525.35144312393,466366.191769437,0.0,0.0,4993433.627365642
52,Station,AIS Switchbay,2CB Diameter 1CB,Construction of 2 new AIS switchbays with only 1 circuit breakers and secondary system,"2 sets of gantry and busbar structure. Footprint area to house 2 bays. Each CB is accompanied by 1 VT, 1 CT, 2 DC and miscellaneous equipment", 500,lot,1035038.1062632598,1257899.4906621391,247252.97113752118,104268.43169625179,248043.28194816798,50306.512733446514,306581.49648793566,0.0,0.0,3249390.290928722
53,Station,AIS Switchbay,1CB Diameter 1CB,Construction of 1 new AIS switchbays with only 1 circuit breakers and secondary system,"1 set of gantry and busbar structure. Footprint area to house 1 bay. Each CB is accompanied by 1 VT, 1 CT, 2 DC and miscellaneous equipment", 500,lot,1041450.9817667496,750446.179966044,238899.83022071305,104268.43169625179,197727.31903485252,40101.75891341256,244390.96632707774,0.0,0.0,2617285.4679251015
54,Station,AIS Switchbay,3CB Diameter 3CBs,Construction of 3 new AIS switchbays with only 3 circuit breakers and secondary system,"2 sets of gantry and busbar structure. Footprint area to house 3 bays. Each CB is accompanied by 1 VT, 1 CT, 2 DC and miscellaneous equipment", 330,lot,1959774.7538664944,1039242.1052631577,407299.1511035653,312805.2950887554,343417.08668453974,69649.60271646858,424463.5191420911,0.0,0.0,4556651.513865073
55,Station,AIS Switchbay,3CB Diameter 2CBs,Construction of 3 new AIS switchbays with only 2 circuit breakers and secondary system,"2 sets of gantry and busbar structure. Footprint area to house 3 bays. Each CB is accompanied by 1 VT, 1 CT, 2 DC and miscellaneous equipment", 330,lot,1331312.9545244903,917898.8115449913,291023.42954159586,208536.86339250358,255184.9910634495,51754.947368421046,315408.64895442355,0.0,0.0,3371120.646389875
56,Station,AIS Switchbay,3CB Diameter 1CB,Construction of 3 new AIS switchbays with only 1 circuit breakers and secondary system,"2 sets of gantry and busbar structure. Footprint area to house 3 bays. Each CB is accompanied by 1 VT, 1 CT, 2 DC and miscellaneous equipment", 330,lot,690025.4041755066,796555.517826825,174747.70797962646,104268.43169625179,165854.59338695262,33637.54159592529,204996.27742627345,0.0,0.0,2170085.4740873612
57,Station,AIS Switchbay,2CB Diameter 2CBs,Construction of 2 new AIS switchbays with only 2 circuit breakers and secondary system,"2 sets of gantry and busbar structure. Footprint area to house 2 bays. Each CB is accompanied by 1 VT, 1 CT, 2 DC and miscellaneous equipment", 330,lot,1331312.9545244903,909545.6706281833,291023.42954159586,208536.86339250358,254361.26452189454,51587.884550084884,314390.52294906165,0.0,0.0,3360758.590107814
58,Station,AIS Switchbay,2CB Diameter 1CB,Construction of 2 new AIS switchbays with only 1 circuit breakers and secondary system,"2 sets of gantry and busbar structure. Footprint area to house 2 bays. Each CB is accompanied by 1 VT, 1 CT, 2 DC and miscellaneous equipment", 330,lot,690025.4041755066,788202.3769100169,174747.70797962646,104268.43169625179,165030.86684539766,33470.47877758913,203978.15142091154,0.0,0.0,2159723.4178053
59,Station,AIS Switchbay,1CB Diameter 1CB,Construction of 1 new AIS switchbays with only 1 circuit breakers and secondary system,"1 set of gantry and busbar structure. Footprint area to house 1 bay. Each CB is accompanied by 1 VT, 1 CT, 2 DC and miscellaneous equipment", 330,lot,696438.2796789964,473567.40237691,171239.38879456703,104268.43169625179,134207.01966041108,27218.988115449913,165879.87630026808,0.0,0.0,1772819.3866228543
60,Station,AIS Switchbay,3CB Diameter 3CBs,Construction of 3 new AIS switchbays with only 3 circuit breakers and secondary system,"2 sets of gantry and busbar structure. Footprint area to house 3 bays. Each CB is accompanied by 1 VT, 1 CT, 2 DC and miscellaneous equipment", 275,lot,1813176.4198567166,904940.3056027164,377896.0925704583,312805.2950887554,314720.1011827301,63829.468201154494,388994.0450618544,0.0,0.0,4176361.727564386
61,Station,AIS Switchbay,3CB Diameter 2CBs,Construction of 3 new AIS switchbays with only 2 circuit breakers and secondary system,"2 sets of gantry and busbar structure. Footprint area to house 3 bays. Each CB is accompanied by 1 VT, 1 CT, 2 DC and miscellaneous equipment", 275,lot,1234093.7618915844,793559.5246179965,268637.01021392184,208536.86339250358,232390.83004079532,47131.985026010174,287235.06593042304,0.0,0.0,3071585.0411132346
62,Station,AIS Switchbay,3CB Diameter 1CB,Construction of 3 new AIS switchbays with only 1 circuit breakers and secondary system,"2 sets of gantry and busbar structure. Footprint area to house 3 bays. Each CB is accompanied by 1 VT, 1 CT, 2 DC and miscellaneous equipment", 275,lot,643467.9280201703,677166.8590831917,159377.92785738537,104268.43169625179,148578.85112406165,30133.78877786078,183643.45998934022,0.0,0.0,1946637.246548262
63,Station,AIS Switchbay,2CB Diameter 2CBs,Construction of 2 new AIS switchbays with only 2 circuit breakers and secondary system,"2 sets of gantry and busbar structure. Footprint area to house 2 bays. Each CB is accompanied by 1 VT, 1 CT, 2 DC and miscellaneous equipment", 275,lot,1234093.7618915844,787712.3259762308,268637.01021392184,208536.86339250358,231814.22146170685,47015.04105317486,286522.37772666966,0.0,0.0,3064331.601715792
64,Station,AIS Switchbay,2CB Diameter 1CB,Construction of 2 new AIS switchbays with only 1 circuit breakers and secondary system,"2 sets of gantry and busbar structure. Footprint area to house 2 bays. Each CB is accompanied by 1 VT, 1 CT, 2 DC and miscellaneous equipment", 275,lot,643467.9280201703,671319.6604414261,159377.92785738537,104268.43169625179,148002.24254497318,30016.844805025466,182930.77178558684,0.0,0.0,1939383.8071508193
65,Station,AIS Switchbay,1CB Diameter 1CB,Construction of 1 new AIS switchbays with only 1 circuit breakers and secondary system,"1 set of gantry and busbar structure. Footprint area to house 1 bay. Each CB is accompanied by 1 VT, 1 CT, 2 DC and miscellaneous equipment", 275,lot,649880.8035236602,409309.47368421045,154700.16894397282,104268.43169625179,122252.55085596514,24794.461103837006,151104.1528579729,0.0,0.0,1616310.04266587
66,Station,AIS Switchbay,3CB Diameter 3CBs,Construction of 3 new AIS switchbays with only 3 circuit breakers and secondary system,"2 sets of gantry and busbar structure. Footprint area to house 3 bays. Each CB is accompanied by 1 VT, 1 CT, 2 DC and miscellaneous equipment", 220,lot,1615018.5667988807,816937.1816638369,344316.46357894735,312805.2950887554,285761.7197917337,57956.31908482173,353201.48566258285,0.0,0.0,3785997.0316695585
67,Station,AIS Switchbay,3CB Diameter 2CBs,Construction of 3 new AIS switchbays with only 2 circuit breakers and secondary system,"2 sets of gantry and busbar structure. Footprint area to house 3 bays. Each CB is accompanied by 1 VT, 1 CT, 2 DC and miscellaneous equipment", 220,lot,1086725.8828213878,706118.8455008488,242074.0204278438,208536.86339250358,208529.11942028598,42292.50927103565,257741.99160347346,0.0,0.0,2752019.232437379
68,Station,AIS Switchbay,3CB Diameter 1CB,Construction of 3 new AIS switchbays with only 1 circuit breakers and secondary system,"2 sets of gantry and busbar structure. Footprint area to house 3 bays. Each CB is accompanied by 1 VT, 1 CT, 2 DC and miscellaneous equipment", 220,lot,561639.63659564,592794.5670628182,144008.1477351443,104268.43169625179,131735.8398710009,26717.79962702886,162825.4980805571,0.0,0.0,1723989.9206684413
69,Station,AIS Switchbay,2CB Diameter 2CBs,Construction of 2 new AIS switchbays with only 2 circuit breakers and secondary system,"2 sets of gantry and busbar structure. Footprint area to house 2 bays. Each CB is accompanied by 1 VT, 1 CT, 2 DC and miscellaneous equipment", 220,lot,1086725.8828213878,701106.9609507639,242074.0204278438,208536.86339250358,208034.883495353,42192.27158003395,257131.1160002563,0.0,0.0,2745801.9986681426
70,Station,AIS Switchbay,2CB Diameter 1CB,Construction of 2 new AIS switchbays with only 1 circuit breakers and secondary system,"2 sets of gantry and busbar structure. Footprint area to house 2 bays. Each CB is accompanied by 1 VT, 1 CT, 2 DC and miscellaneous equipment", 220,lot,561639.63659564,587782.6825127334,144008.1477351443,104268.43169625179,131241.60394606792,26617.561936027163,162214.62247733993,0.0,0.0,1717772.6868992043
71,Station,AIS Switchbay,1CB Diameter 1CB,Construction of 1 new AIS switchbays with only 1 circuit breakers and secondary system,"1 set of gantry and busbar structure. Footprint area to house 1 bay. Each CB is accompanied by 1 VT, 1 CT, 2 DC and miscellaneous equipment", 220,lot,568052.5120991298,365589.1341256366,138160.9490933786,104268.43169625179,109303.02038932082,22168.122207674023,135098.53320120054,0.0,0.0,1442640.702812592
72,Station,AIS Switchbay,3CB Diameter 3CBs,Construction of 3 new AIS switchbays with only 3 circuit breakers and secondary system,"2 sets of gantry and busbar structure. Footprint area to house 3 bays. Each CB is accompanied by 1 VT, 1 CT, 2 DC and miscellaneous equipment", 132,lot,1048864.265848784,673363.3955857385,241405.7724957555,312805.2950887554,212973.94816800713,43193.980305602716,263235.79993565683,0.0,0.0,2795842.4574283
73,Station,AIS Switchbay,3CB Diameter 2CBs,Construction of 3 new AIS switchbays with only 2 circuit breakers and secondary system,"2 sets of gantry and busbar structure. Footprint area to house 3 bays. Each CB is accompanied by 1 VT, 1 CT, 2 DC and miscellaneous equipment", 132,lot,706288.4564523568,574206.0441426145,172074.70288624786,208536.86339250358,156040.16621983913,31647.04380305602,192865.64544772118,0.0,0.0,2041658.922344339
74,Station,AIS Switchbay,3CB Diameter 1CB,Construction of 3 new AIS switchbays with only 1 circuit breakers and secondary system,"2 sets of gantry and busbar structure. Footprint area to house 3 bays. Each CB is accompanied by 1 VT, 1 CT, 2 DC and miscellaneous equipment", 132,lot,363712.64705592964,475048.6926994906,104414.26146010186,104268.43169625179,99271.12957998212,20133.519864176567,122699.1161608579,0.0,0.0,1289547.7985167904
75,Station,AIS Switchbay,2CB Diameter 2CBs,Construction of 2 new AIS switchbays with only 2 circuit breakers and secondary system,"2 sets of gantry and busbar structure. Footprint area to house 2 bays. Each CB is accompanied by 1 VT, 1 CT, 2 DC and miscellaneous equipment", 132,lot,706288.4564523568,570029.4736842104,172074.70288624786,208536.86339250358,155628.30294906165,31563.51239388794,192356.5824450402,0.0,0.0,2036477.894203308
76,Station,AIS Switchbay,2CB Diameter 1CB,Construction of 2 new AIS switchbays with only 1 circuit breakers and secondary system,"2 sets of gantry and busbar structure. Footprint area to house 2 bays. Each CB is accompanied by 1 VT, 1 CT, 2 DC and miscellaneous equipment", 132,lot,363712.64705592964,470872.1222410865,104414.26146010186,104268.43169625179,98859.26630920464,20049.988455008486,122190.05315817695,0.0,0.0,1284366.7703757598
77,Station,AIS Switchbay,1CB Diameter 1CB,Construction of 1 new AIS switchbays with only 1 circuit breakers and secondary system,"1 set of gantry and busbar structure. Footprint area to house 1 bay. Each CB is accompanied by 1 VT, 1 CT, 2 DC and miscellaneous equipment", 132,lot,370125.52255941945,299632.7334465195,103077.75891341254,104268.43169625179,82390.22698838248,16709.84584040747,101834.32055764073,0.0,0.0,1078038.8400020339
78,Overhead line,HVAC,2 × Olive DCST 3350 MVA,"Overhead lines double circuit single tower, twin conductor per phase. Rating calculated for summer day, 1m/s wind speed, and air temperature of 35oC.","1. Plant amount includes: Strain + Structural tower associated costs (steel tower with single earth peak, structural foundation steel, foundation leg steel, climbing barrier, fittings, insulators) and insulator and conductor. 85% suspension, 15% strain and 400m span. Sag and OPGW has been appropriately assigned
2. Civil and structural works includes: Tower concrete footing, soil tests, installation of tower and foundations
3. Electrical works includes: installation of conductor (setup, draw wires,stringing, clamping off), installation of OHEW/OPGW (draw wire, stringing, clamping off)
4. Secondary system and testing and commissioning is accounted in the terminating end in the substation switchbay cost", 500,km,881154.5043648704,609520.7572156197,423840.04074702883,0.0,97763.25661611931,0.0,142547.29173676274,267248.94808220246,183067.8260869565,2605142.6248495597
79,Overhead line,HVAC,Stage 1 development: 2 × Olive DCST 3350 MVA,"Construction of a double circuit tower with initially a single circuit strung. This reflects stage 1 of developing an Overhead lines double circuit single tower, twin conductor per phase. Rating calculated for summer day, 1m/s wind speed, and air temperature of 35oC.","1. Plant amount includes: Strain + Structural tower associated costs (steel tower with single earth peak, structural foundation steel, foundation leg steel, climbing barrier, fittings, insulators) and insulator and conductor. 85% suspension, 15% strain and 400m span. Sag and OPGW has been appropriately assigned
2. Civil and structural works includes: Tower concrete footing, soil tests, installation of tower and foundations
3. Electrical works includes: installation of conductor (setup, draw wires,stringing, clamping off), installation of OHEW/OPGW (draw wire, stringing, clamping off)
4. Secondary system and testing and commissioning is accounted in the terminating end in the substation switchbay cost", 500,km,660865.8782736528,609520.7572156197,211920.02037351442,0.0,97763.25661611931,0.0,142547.29173676274,267248.94808220246,183067.8260869565,2172933.9783848277
80,Overhead line,HVAC,Stage 2 development: 2 × Olive DCST 3500 MVA,"Second circuit strung on the vacant side of the double circuit tower. This reflects stage 2 of developing an Overhead lines double circuit single tower, twin conductor per phase. Rating calculated for summer day, 1m/s wind speed, and air temperature of 35oC.","1. Plant amount includes: Strain + Structural tower associated costs (steel tower with single earth peak, structural foundation steel, foundation leg steel, climbing barrier, fittings, insulators) and insulator and conductor. 85% suspension, 15% strain and 400m span. Sag and OPGW has been appropriately assigned
2. Civil and structural works includes: Tower concrete footing, soil tests, installation of tower and foundations
3. Electrical works includes: installation of conductor (setup, draw wires,stringing, clamping off), installation of OHEW/OPGW (draw wire, stringing, clamping off)
4. Secondary system and testing and commissioning is accounted in the terminating end in the substation switchbay cost", 500,km,220288.6260912176,0.0,211920.02037351442,0.0,0.0,0.0,142547.29173676274,0.0,0.0,574755.9382014947
81,Overhead line,HVAC,3 × Mango DCST 4167 MVA,"Overhead lines double circuit single tower, triple conductor per phase. Rating calculated for summer day, 1m/s wind speed, and air temperature of 35oC.","1. Plant amount includes: Strain + Structural tower associated costs (steel tower with single earth peak, structural foundation steel, foundation leg steel, climbing barrier, fittings, insulators) and insulator and conductor. 85% suspension, 15% strain and 400m span. Sag and OPGW has been appropriately assigned
2. Civil and structural works includes: Tower concrete footing, soil tests, installation of tower and foundations
3. Electrical works includes: installation of conductor (setup, draw wires,stringing, clamping off), installation of OHEW/OPGW (draw wire, stringing, clamping off)
4. Secondary system and testing and commissioning is accounted in the terminating end in the substation switchbay cost", 500,km,849142.9265068994,609520.7572156197,602869.5687606111,0.0,105217.42168314345,0.0,150001.45680378686,267248.94808220246,183067.8260869565,2767068.90513922
82,Overhead line,HVAC,Stage 1 development: 3 × Mango DCST 4167 MVA,"Construction of a double circuit tower with initially a single circuit strung. This reflects stage 1 of developing an Overhead lines double circuit single tower, triple conductor per phase. Rating calculated for summer day, 1m/s wind speed, and air temperature of 35oC.","1. Plant amount includes: Strain + Structural tower associated costs (steel tower with single earth peak, structural foundation steel, foundation leg steel, climbing barrier, fittings, insulators) and insulator and conductor. 85% suspension, 15% strain and 400m span. Sag and OPGW has been appropriately assigned
2. Civil and structural works includes: Tower concrete footing, soil tests, installation of tower and foundations
3. Electrical works includes: installation of conductor (setup, draw wires,stringing, clamping off), installation of OHEW/OPGW (draw wire, stringing, clamping off)
4. Secondary system and testing and commissioning is accounted in the terminating end in the substation switchbay cost", 500,km,636857.1948801746,609520.7572156197,301434.78438030556,0.0,105217.42168314345,0.0,150001.45680378686,267248.94808220246,183067.8260869565,2253348.389132189
83,Overhead line,HVAC,Stage 2 development: 3 × Mango DCST 4167 MVA,"Second circuit strung on the vacant side of the double circuit tower. This reflects stage 2 of developing an Overhead lines double circuit single tower, triple conductor per phase. Rating calculated for summer day, 1m/s wind speed, and air temperature of 35oC.","1. Plant amount includes: Strain + Structural tower associated costs (steel tower with single earth peak, structural foundation steel, foundation leg steel, climbing barrier, fittings, insulators) and insulator and conductor. 85% suspension, 15% strain and 400m span. Sag and OPGW has been appropriately assigned
2. Civil and structural works includes: Tower concrete footing, soil tests, installation of tower and foundations
3. Electrical works includes: installation of conductor (setup, draw wires,stringing, clamping off), installation of OHEW/OPGW (draw wire, stringing, clamping off)
4. Secondary system and testing and commissioning is accounted in the terminating end in the substation switchbay cost", 500,km,212285.73162672485,0.0,301434.78438030556,0.0,0.0,0.0,150001.45680378686,0.0,0.0,663721.9728108172
84,Overhead line,HVAC,4 × Orange DCST 6124 MVA,"Overhead lines double circuit single tower, quad conductor per phase. Rating calculated for summer day, 1m/s wind speed, and air temperature of 35oC.","1. Plant amount includes: Strain + Structural tower associated costs (steel tower with single earth peak, structural foundation steel, foundation leg steel, climbing barrier, fittings, insulators) and insulator and conductor. 85% suspension, 15% strain and 400m span. Sag and OPGW has been appropriately assigned
2. Civil and structural works includes: Tower concrete footing, soil tests, installation of tower and foundations
3. Electrical works includes: installation of conductor (setup, draw wires,stringing, clamping off), installation of OHEW/OPGW (draw wire, stringing, clamping off)
4. Secondary system and testing and commissioning is accounted in the terminating end in the substation switchbay cost", 500,km,950258.8629154111,609520.7572156197,781899.0967741935,0.0,118382.08747402816,0.0,163166.1225946716,267248.94808220246,183067.8260869565,3073543.701143083
85,Overhead line,HVAC,Stage 1 development: 4 × Orange DCST 6124 MVA,"Construction of a double circuit tower with initially a single circuit strung. This reflects stage 1 of developing an Overhead lines double circuit single tower, quad conductor per phase. Rating calculated for summer day, 1m/s wind speed, and air temperature of 35oC.","1. Plant amount includes: Strain + Structural tower associated costs (steel tower with single earth peak, structural foundation steel, foundation leg steel, climbing barrier, fittings, insulators) and insulator and conductor. 85% suspension, 15% strain and 400m span. Sag and OPGW has been appropriately assigned
2. Civil and structural works includes: Tower concrete footing, soil tests, installation of tower and foundations
3. Electrical works includes: installation of conductor (setup, draw wires,stringing, clamping off), installation of OHEW/OPGW (draw wire, stringing, clamping off)
4. Secondary system and testing and commissioning is accounted in the terminating end in the substation switchbay cost", 500,km,712694.1471865583,609520.7572156197,390949.54838709673,0.0,118382.08747402816,0.0,163166.1225946716,267248.94808220246,183067.8260869565,2445029.4370271335
86,Overhead line,HVAC,Stage 2 development: 4 × Orange DCST 6124 MVA,"Second circuit strung on the vacant side of the double circuit tower. This reflects stage 2 of developing an Overhead lines double circuit single tower, quad conductor per phase. Rating calculated for summer day, 1m/s wind speed, and air temperature of 35oC.","1. Plant amount includes: Strain + Structural tower associated costs (steel tower with single earth peak, structural foundation steel, foundation leg steel, climbing barrier, fittings, insulators) and insulator and conductor. 85% suspension, 15% strain and 400m span. Sag and OPGW has been appropriately assigned
2. Civil and structural works includes: Tower concrete footing, soil tests, installation of tower and foundations
3. Electrical works includes: installation of conductor (setup, draw wires,stringing, clamping off), installation of OHEW/OPGW (draw wire, stringing, clamping off)
4. Secondary system and testing and commissioning is accounted in the terminating end in the substation switchbay cost", 500,km,237564.71572885278,0.0,390949.54838709673,0.0,0.0,0.0,163166.1225946716,0.0,0.0,791680.3867106211
87,Overhead line,HVAC,4 × Olive DCST 6699 MVA,"Overhead lines double circuit single tower, quad conductor per phase. Rating calculated for summer day, 1m/s wind speed, and air temperature of 35oC.","1. Plant amount includes: Strain + Structural tower associated costs (steel tower with single earth peak, structural foundation steel, foundation leg steel, climbing barrier, fittings, insulators) and insulator and conductor. 85% suspension, 15% strain and 400m span. Sag and OPGW has been appropriately assigned
2. Civil and structural works includes: Tower concrete footing, soil tests, installation of tower and foundations
3. Electrical works includes: installation of conductor (setup, draw wires,stringing, clamping off), installation of OHEW/OPGW (draw wire, stringing, clamping off)
4. Secondary system and testing and commissioning is accounted in the terminating end in the substation switchbay cost", 500,km,1082370.1366149741,609520.7572156197,781899.0967741935,0.0,124048.99658930965,0.0,168833.03170995307,267248.94808220246,183067.8260869565,3216988.793073209
88,Overhead line,HVAC,Stage 1 development: 4 × Olive DCST 6699 MVA,"Construction of a double circuit tower with initially a single circuit strung. This reflects stage 1 of developing an Overhead lines double circuit single tower, quad conductor per phase. Rating calculated for summer day, 1m/s wind speed, and air temperature of 35oC.","1. Plant amount includes: Strain + Structural tower associated costs (steel tower with single earth peak, structural foundation steel, foundation leg steel, climbing barrier, fittings, insulators) and insulator and conductor. 85% suspension, 15% strain and 400m span. Sag and OPGW has been appropriately assigned
2. Civil and structural works includes: Tower concrete footing, soil tests, installation of tower and foundations
3. Electrical works includes: installation of conductor (setup, draw wires,stringing, clamping off), installation of OHEW/OPGW (draw wire, stringing, clamping off)
4. Secondary system and testing and commissioning is accounted in the terminating end in the substation switchbay cost", 500,km,811777.6024612306,609520.7572156197,390949.54838709673,0.0,124048.99658930965,0.0,168833.03170995307,267248.94808220246,183067.8260869565,2555446.710532369
89,Overhead line,HVAC,Stage 2 development: 4 × Olive DCST 6699 MVA,"Second circuit strung on the vacant side of the double circuit tower. This reflects stage 2 of developing an Overhead lines double circuit single tower, quad conductor per phase. Rating calculated for summer day, 1m/s wind speed, and air temperature of 35oC.","1. Plant amount includes: Strain + Structural tower associated costs (steel tower with single earth peak, structural foundation steel, foundation leg steel, climbing barrier, fittings, insulators) and insulator and conductor. 85% suspension, 15% strain and 400m span. Sag and OPGW has been appropriately assigned
2. Civil and structural works includes: Tower concrete footing, soil tests, installation of tower and foundations
3. Electrical works includes: installation of conductor (setup, draw wires,stringing, clamping off), installation of OHEW/OPGW (draw wire, stringing, clamping off)
4. Secondary system and testing and commissioning is accounted in the terminating end in the substation switchbay cost", 500,km,270592.53415374353,0.0,390949.54838709673,0.0,0.0,0.0,168833.03170995307,0.0,0.0,830375.1142507934
90,Overhead line,HVAC,4 × Orange SCST 3062 MVA,"Overhead lines single circuit single tower, quad conductor per phase. Rating calculated for summer day, 1m/s wind speed, and air temperature of 35oC.","1. Plant amount includes: Strain + Structural tower associated costs (steel tower with single earth peak, structural foundation steel, foundation leg steel, climbing barrier, fittings, insulators) and insulator and conductor. 85% suspension, 15% strain and 400m span. Sag and OPGW has been appropriately assigned
2. Civil and structural works includes: Tower concrete footing, soil tests, installation of tower and foundations
3. Electrical works includes: installation of conductor (setup, draw wires,stringing, clamping off), installation of OHEW/OPGW (draw wire, stringing, clamping off)
4. Secondary system and testing and commissioning is accounted in the terminating end in the substation switchbay cost", 500,km,772569.75428584,609520.7572156197,390949.54838709673,0.0,91483.80539586127,0.0,136267.8405165047,267248.94808220246,183067.8260869565,2451108.4799700812
91,Overhead line,HVAC,4 × Olive SCST 3350 MVA,"Overhead lines single circuit single tower, quad conductor per phase.  Rating calculated for summer day, 1m/s wind speed, and air temperature of 35oC.","1. Plant amount includes: Strain + Structural tower associated costs (steel tower with single earth peak, structural foundation steel, foundation leg steel, climbing barrier, fittings, insulators) and insulator and conductor. 85% suspension, 15% strain and 400m span. Sag and OPGW has been appropriately assigned
2. Civil and structural works includes: Tower concrete footing, soil tests, installation of tower and foundations
3. Electrical works includes: installation of conductor (setup, draw wires,stringing, clamping off), installation of OHEW/OPGW (draw wire, stringing, clamping off)
4. Secondary system and testing and commissioning is accounted in the terminating end in the substation switchbay cost", 500,km,838625.3911356215,609520.7572156197,390949.54838709673,0.0,94317.25995350201,0.0,139101.29507414543,267248.94808220246,183067.8260869565,2522831.0259351446
92,Overhead line,HVAC,2 × Mango DCST 1834 MVA,"Overhead lines double circuit single tower, twin conductor per phase. Rating calculated for summer day, 1m/s wind speed, and air temperature of 35oC.","1. Plant amount includes: Strain + Structural tower associated costs (steel tower with single earth peak, structural foundation steel, foundation leg steel, climbing barrier, fittings, insulators) and insulator and conductor. 85% suspension, 15% strain and 400m span. Sag and OPGW has been appropriately assigned
2. Civil and structural works includes: Tower concrete footing, soil tests, installation of tower and foundations
3. Electrical works includes: installation of conductor (setup, draw wires,stringing, clamping off), installation of OHEW/OPGW (draw wire, stringing, clamping off)
4. Secondary system and testing and commissioning is accounted in the terminating end in the substation switchbay cost", 330,km,626420.5495631552,432979.4906621391,309470.505942275,0.0,71847.88091376227,0.0,119591.07126228775,256113.57524544402,175830.0,1992253.0735890632
93,Overhead line,HVAC,Stage 1 development: 2 × Mango DCST 1834 MVA,"Construction of a double circuit tower with initially a single circuit strung. This reflects stage 1 of developing an Overhead lines double circuit single tower, twin conductor per phase. Rating calculated for summer day, 1m/s wind speed, and air temperature of 35oC.","1. Plant amount includes: Strain + Structural tower associated costs (steel tower with single earth peak, structural foundation steel, foundation leg steel, climbing barrier, fittings, insulators) and insulator and conductor. 85% suspension, 15% strain and 400m span. Sag and OPGW has been appropriately assigned
2. Civil and structural works includes: Tower concrete footing, soil tests, installation of tower and foundations
3. Electrical works includes: installation of conductor (setup, draw wires,stringing, clamping off), installation of OHEW/OPGW (draw wire, stringing, clamping off)
4. Secondary system and testing and commissioning is accounted in the terminating end in the substation switchbay cost", 330,km,469815.41217236634,432979.4906621391,154735.2529711375,0.0,71847.88091376227,0.0,119591.07126228775,256113.57524544402,175830.0,1680912.683227137
94,Overhead line,HVAC,Stage 2 development: 2 × Mango DCST 1834 MVA,"Second circuit strung on the vacant side of the double circuit tower. This reflects stage 2 of developing an Overhead lines double circuit single tower, twin conductor per phase. Rating calculated for summer day, 1m/s wind speed, and air temperature of 35oC.","1. Plant amount includes: Strain + Structural tower associated costs (steel tower with single earth peak, structural foundation steel, foundation leg steel, climbing barrier, fittings, insulators) and insulator and conductor. 85% suspension, 15% strain and 400m span. Sag and OPGW has been appropriately assigned
2. Civil and structural works includes: Tower concrete footing, soil tests, installation of tower and foundations
3. Electrical works includes: installation of conductor (setup, draw wires,stringing, clamping off), installation of OHEW/OPGW (draw wire, stringing, clamping off)
4. Secondary system and testing and commissioning is accounted in the terminating end in the substation switchbay cost", 330,km,156605.1373907888,0.0,154735.2529711375,0.0,0.0,0.0,119591.07126228775,0.0,0.0,430931.461624214
95,Overhead line,HVAC,3 × Mango DCST 2750 MVA,"Overhead lines double circuit single tower, triple conductor per phase. Rating calculated for summer day, 1m/s wind speed, and air temperature of 35oC.","1. Plant amount includes: Strain + Structural tower associated costs (steel tower with single earth peak, structural foundation steel, foundation leg steel, climbing barrier, fittings, insulators) and insulator and conductor. 85% suspension, 15% strain and 400m span. Sag and OPGW has been appropriately assigned
2. Civil and structural works includes: Tower concrete footing, soil tests, installation of tower and foundations
3. Electrical works includes: installation of conductor (setup, draw wires,stringing, clamping off), installation of OHEW/OPGW (draw wire, stringing, clamping off)
4. Secondary system and testing and commissioning is accounted in the terminating end in the substation switchbay cost", 330,km,688193.4583094893,432979.4906621391,440190.478777589,0.0,80942.95867515639,0.0,128686.14902368185,256113.57524544402,175830.0,2202936.1106934994
96,Overhead line,HVAC,Stage 1 development: 3 × Mango DCST 2750 MVA,"Construction of a double circuit tower with initially a single circuit strung. This reflects stage 1 of developing an Overhead lines double circuit single tower, triple conductor per phase. Rating calculated for summer day, 1m/s wind speed, and air temperature of 35oC.","1. Plant amount includes: Strain + Structural tower associated costs (steel tower with single earth peak, structural foundation steel, foundation leg steel, climbing barrier, fittings, insulators) and insulator and conductor. 85% suspension, 15% strain and 400m span. Sag and OPGW has been appropriately assigned
2. Civil and structural works includes: Tower concrete footing, soil tests, installation of tower and foundations
3. Electrical works includes: installation of conductor (setup, draw wires,stringing, clamping off), installation of OHEW/OPGW (draw wire, stringing, clamping off)
4. Secondary system and testing and commissioning is accounted in the terminating end in the substation switchbay cost", 330,km,516145.0937321169,432979.4906621391,220095.2393887945,0.0,80942.95867515639,0.0,128686.14902368185,256113.57524544402,175830.0,1810792.5067273327
97,Overhead line,HVAC,Stage 2 development: 3 × Mango DCST 2750 MVA,"Second circuit strung on the vacant side of the double circuit tower. This reflects stage 2 of developing an Overhead lines double circuit single tower, triple conductor per phase. Rating calculated for summer day, 1m/s wind speed, and air temperature of 35oC.","1. Plant amount includes: Strain + Structural tower associated costs (steel tower with single earth peak, structural foundation steel, foundation leg steel, climbing barrier, fittings, insulators) and insulator and conductor. 85% suspension, 15% strain and 400m span. Sag and OPGW has been appropriately assigned
2. Civil and structural works includes: Tower concrete footing, soil tests, installation of tower and foundations
3. Electrical works includes: installation of conductor (setup, draw wires,stringing, clamping off), installation of OHEW/OPGW (draw wire, stringing, clamping off)
4. Secondary system and testing and commissioning is accounted in the terminating end in the substation switchbay cost", 330,km,172048.36457737233,0.0,220095.2393887945,0.0,0.0,0.0,128686.14902368185,0.0,0.0,520829.7529898487
98,Overhead line,HVAC,2 × Lychee SCST 736 MVA,"Overhead lines single circuit single tower, twin conductor per phase. Rating calculated for summer day, 1m/s wind speed, and air temperature of 35oC.","1. Plant amount includes: Strain + Structural tower associated costs (steel tower with single earth peak, structural foundation steel, foundation leg steel, climbing barrier, fittings, insulators) and insulator and conductor. 85% suspension, 15% strain and 400m span. Sag and OPGW has been appropriately assigned
2. Civil and structural works includes: Tower concrete footing, soil tests, installation of tower and foundations
3. Electrical works includes: installation of conductor (setup, draw wires,stringing, clamping off), installation of OHEW/OPGW (draw wire, stringing, clamping off)
4. Secondary system and testing and commissioning is accounted in the terminating end in the substation switchbay cost", 330,km,519240.69557807624,432979.4906621391,154735.2529711375,0.0,59620.966697386044,0.0,107364.1570459115,256113.57524544402,175830.0,1705884.1382000942
99,Overhead line,HVAC,2 × Mango SCST 917 MVA,"Overhead lines single circuit single tower, twin conductor per phase. Rating calculated for summer day, 1m/s wind speed, and air temperature of 35oC.","1. Plant amount includes: Strain + Structural tower associated costs (steel tower with single earth peak, structural foundation steel, foundation leg steel, climbing barrier, fittings, insulators) and insulator and conductor. 85% suspension, 15% strain and 400m span. Sag and OPGW has been appropriately assigned
2. Civil and structural works includes: Tower concrete footing, soil tests, installation of tower and foundations
3. Electrical works includes: installation of conductor (setup, draw wires,stringing, clamping off), installation of OHEW/OPGW (draw wire, stringing, clamping off)
4. Secondary system and testing and commissioning is accounted in the terminating end in the substation switchbay cost", 330,km,531545.8095325512,432979.4906621391,154735.2529711375,0.0,60148.79419068364,0.0,107891.9845392091,256113.57524544402,175830.0,1719244.9071411644
100,Overhead line,HVAC,2 × Orange SCST 1011 MVA,"Overhead lines single circuit single tower, twin conductor per phase. Rating calculated for summer day, 1m/s wind speed, and air temperature of 35oC.","1. Plant amount includes: Strain + Structural tower associated costs (steel tower with single earth peak, structural foundation steel, foundation leg steel, climbing barrier, fittings, insulators) and insulator and conductor. 85% suspension, 15% strain and 400m span. Sag and OPGW has been appropriately assigned
2. Civil and structural works includes: Tower concrete footing, soil tests, installation of tower and foundations
3. Electrical works includes: installation of conductor (setup, draw wires,stringing, clamping off), installation of OHEW/OPGW (draw wire, stringing, clamping off)
4. Secondary system and testing and commissioning is accounted in the terminating end in the substation switchbay cost", 330,km,543789.0887435364,432979.4906621391,154735.2529711375,0.0,60673.96928451742,0.0,108417.15963304289,256113.57524544402,175830.0,1732538.5365398172
101,Overhead line,HVAC,3 × Mango SCST 1375 MVA,"Overhead lines single circuit single tower, triple conductor per phase. Rating calculated for summer day, 1m/s wind speed, and air temperature of 35oC.","1. Plant amount includes: Strain + Structural tower associated costs (steel tower with single earth peak, structural foundation steel, foundation leg steel, climbing barrier, fittings, insulators) and insulator and conductor. 85% suspension, 15% strain and 400m span. Sag and OPGW has been appropriately assigned
2. Civil and structural works includes: Tower concrete footing, soil tests, installation of tower and foundations
3. Electrical works includes: installation of conductor (setup, draw wires,stringing, clamping off), installation of OHEW/OPGW (draw wire, stringing, clamping off)
4. Secondary system and testing and commissioning is accounted in the terminating end in the substation switchbay cost", 330,km,562432.2639057183,432979.4906621391,220095.2393887945,0.0,64696.33307138069,0.0,112439.52341990615,256113.57524544402,175830.0,1824586.4256933825
102,Overhead line,HVAC,1 × Mango DCST 764 MVA,"Overhead lines double circuit single tower, single conductor per phase. Rating calculated for summer day, 1m/s wind speed, and air temperature of 35oC.","1. Plant amount includes: Strain + Structural tower associated costs (steel tower with single earth peak, structural foundation steel, foundation leg steel, climbing barrier, fittings, insulators) and insulator and conductor. 85% suspension, 15% strain and 400m span. Sag and OPGW has been appropriately assigned
2. Civil and structural works includes: Tower concrete footing, soil tests, installation of tower and foundations
3. Electrical works includes: installation of conductor (setup, draw wires,stringing, clamping off), installation of OHEW/OPGW (draw wire, stringing, clamping off)
4. Secondary system and testing and commissioning is accounted in the terminating end in the substation switchbay cost", 275,km,499682.0013488518,412224.7198641766,170978.7707979626,0.0,58061.99831936997,0.0,101313.13326128239,227479.75937949377,155945.49689440994,1625685.879865547
103,Overhead line,HVAC,Stage 1 development: 1 × Mango DCST 764 MVA,"Construction of a double circuit tower with initially a single circuit strung. This reflects stage 1 of developing an Overhead lines double circuit single tower, single conductor per phase. Rating calculated for summer day, 1m/s wind speed, and air temperature of 35oC.","1. Plant amount includes: Strain + Structural tower associated costs (steel tower with single earth peak, structural foundation steel, foundation leg steel, climbing barrier, fittings, insulators) and insulator and conductor. 85% suspension, 15% strain and 400m span. Sag and OPGW has been appropriately assigned
2. Civil and structural works includes: Tower concrete footing, soil tests, installation of tower and foundations
3. Electrical works includes: installation of conductor (setup, draw wires,stringing, clamping off), installation of OHEW/OPGW (draw wire, stringing, clamping off)
4. Secondary system and testing and commissioning is accounted in the terminating end in the substation switchbay cost", 275,km,374761.50101163884,412224.7198641766,85489.3853989813,0.0,58061.99831936997,0.0,101313.13326128239,227479.75937949377,155945.49689440994,1415275.9941293527
104,Overhead line,HVAC,1 × Olive DCST 921 MVA,"Overhead lines double circuit single tower, single conductor per phase. Rating calculated for summer day, 1m/s wind speed, and air temperature of 35oC.","1. Plant amount includes: Strain + Structural tower associated costs (steel tower with single earth peak, structural foundation steel, foundation leg steel, climbing barrier, fittings, insulators) and insulator and conductor. 85% suspension, 15% strain and 400m span. Sag and OPGW has been appropriately assigned
2. Civil and structural works includes: Tower concrete footing, soil tests, installation of tower and foundations
3. Electrical works includes: installation of conductor (setup, draw wires,stringing, clamping off), installation of OHEW/OPGW (draw wire, stringing, clamping off)
4. Secondary system and testing and commissioning is accounted in the terminating end in the substation switchbay cost", 275,km,545993.5357556216,412224.7198641766,170978.7707979626,0.0,60048.53019604558,0.0,103299.66513795801,227479.75937949377,155945.49689440994,1675970.478025668
105,Overhead line,HVAC,Stage 1 development: 1 × Olive DCST 921 MVA,"Construction of a double circuit tower with initially a single circuit strung. This reflects stage 1 of developing an Overhead lines double circuit single tower, single conductor per phase. Rating calculated for summer day, 1m/s wind speed, and air temperature of 35oC.","1. Plant amount includes: Strain + Structural tower associated costs (steel tower with single earth peak, structural foundation steel, foundation leg steel, climbing barrier, fittings, insulators) and insulator and conductor. 85% suspension, 15% strain and 400m span. Sag and OPGW has been appropriately assigned
2. Civil and structural works includes: Tower concrete footing, soil tests, installation of tower and foundations
3. Electrical works includes: installation of conductor (setup, draw wires,stringing, clamping off), installation of OHEW/OPGW (draw wire, stringing, clamping off)
4. Secondary system and testing and commissioning is accounted in the terminating end in the substation switchbay cost", 275,km,409495.15181671624,412224.7198641766,85489.3853989813,0.0,60048.53019604558,0.0,103299.66513795801,227479.75937949377,155945.49689440994,1453982.7086877814
106,Overhead line,HVAC,2 × Lemon DCST 1115 MVA,"Overhead lines double circuit single tower, twin conductor per phase. Rating calculated for summer day, 1m/s wind speed, and air temperature of 35oC.","1. Plant amount includes: Strain + Structural tower associated costs (steel tower with single earth peak, structural foundation steel, foundation leg steel, climbing barrier, fittings, insulators) and insulator and conductor. 85% suspension, 15% strain and 400m span. Sag and OPGW has been appropriately assigned
2. Civil and structural works includes: Tower concrete footing, soil tests, installation of tower and foundations
3. Electrical works includes: installation of conductor (setup, draw wires,stringing, clamping off), installation of OHEW/OPGW (draw wire, stringing, clamping off)
4. Secondary system and testing and commissioning is accounted in the terminating end in the substation switchbay cost", 275,km,526830.1422079927,412224.7198641766,296015.2665534804,0.0,65391.615933311,0.0,108642.75087522341,227479.75937949377,155945.49689440994,1792529.7517080877
107,Overhead line,HVAC,Stage 1 development: 2 × Lemon DCST 1115 MVA,"Construction of a double circuit tower with initially a single circuit strung. This reflects stage 1 of developing an Overhead lines double circuit single tower, twin conductor per phase. Rating calculated for summer day, 1m/s wind speed, and air temperature of 35oC.","1. Plant amount includes: Strain + Structural tower associated costs (steel tower with single earth peak, structural foundation steel, foundation leg steel, climbing barrier, fittings, insulators) and insulator and conductor. 85% suspension, 15% strain and 400m span. Sag and OPGW has been appropriately assigned
2. Civil and structural works includes: Tower concrete footing, soil tests, installation of tower and foundations
3. Electrical works includes: installation of conductor (setup, draw wires,stringing, clamping off), installation of OHEW/OPGW (draw wire, stringing, clamping off)
4. Secondary system and testing and commissioning is accounted in the terminating end in the substation switchbay cost", 275,km,395122.60665599455,412224.7198641766,148007.6332767402,0.0,65391.615933311,0.0,108642.75087522341,227479.75937949377,155945.49689440994,1512814.5828793494
108,Overhead line,HVAC,2 × Mango DCST 1528 MVA,"Overhead lines double circuit single tower, twin conductor per phase. Rating calculated for summer day, 1m/s wind speed, and air temperature of 35oC.","1. Plant amount includes: Strain + Structural tower associated costs (steel tower with single earth peak, structural foundation steel, foundation leg steel, climbing barrier, fittings, insulators) and insulator and conductor. 85% suspension, 15% strain and 400m span. Sag and OPGW has been appropriately assigned
2. Civil and structural works includes: Tower concrete footing, soil tests, installation of tower and foundations
3. Electrical works includes: installation of conductor (setup, draw wires,stringing, clamping off), installation of OHEW/OPGW (draw wire, stringing, clamping off)
4. Secondary system and testing and commissioning is accounted in the terminating end in the substation switchbay cost", 275,km,558769.1314540409,412224.7198641766,296015.2665534804,0.0,66761.6379172252,0.0,110012.77285913762,227479.75937949377,155945.49689440994,1827208.7849219644
109,Overhead line,HVAC,Stage 1 development: 2 × Mango DCST 1528 MVA,"Construction of a double circuit tower with initially a single circuit strung. This reflects stage 1 of developing an Overhead lines double circuit single tower, twin conductor per phase.  Rating calculated for summer day, 1m/s wind speed, and air temperature of 35oC.","1. Plant amount includes: Strain + Structural tower associated costs (steel tower with single earth peak, structural foundation steel, foundation leg steel, climbing barrier, fittings, insulators) and insulator and conductor. 85% suspension, 15% strain and 400m span. Sag and OPGW has been appropriately assigned
2. Civil and structural works includes: Tower concrete footing, soil tests, installation of tower and foundations
3. Electrical works includes: installation of conductor (setup, draw wires,stringing, clamping off), installation of OHEW/OPGW (draw wire, stringing, clamping off)
4. Secondary system and testing and commissioning is accounted in the terminating end in the substation switchbay cost", 275,km,419076.8485905307,412224.7198641766,148007.6332767402,0.0,66761.6379172252,0.0,110012.77285913762,227479.75937949377,155945.49689440994,1539508.868781714
110,Overhead line,HVAC,2 × Orange DCST 1684 MVA,"Overhead lines double circuit single tower, twin conductor per phase. Rating calculated for summer day, 1m/s wind speed, and air temperature of 35oC.","1. Plant amount includes: Strain + Structural tower associated costs (steel tower with single earth peak, structural foundation steel, foundation leg steel, climbing barrier, fittings, insulators) and insulator and conductor. 85% suspension, 15% strain and 400m span. Sag and OPGW has been appropriately assigned
2. Civil and structural works includes: Tower concrete footing, soil tests, installation of tower and foundations
3. Electrical works includes: installation of conductor (setup, draw wires,stringing, clamping off), installation of OHEW/OPGW (draw wire, stringing, clamping off)
4. Secondary system and testing and commissioning is accounted in the terminating end in the substation switchbay cost", 275,km,582191.0569011429,412224.7198641766,296015.2665534804,0.0,67766.32070542897,0.0,111017.45564734137,227479.75937949377,155945.49689440994,1852640.075945474
111,Overhead line,HVAC,Stage 1 development: 2 × Orange DCST 1684 MVA,"Construction of a double circuit tower with initially a single circuit strung. This reflects stage 1 of developing an Overhead lines double circuit single tower, twin conductor per phase. Rating calculated for summer day, 1m/s wind speed, and air temperature of 35oC.","1. Plant amount includes: Strain + Structural tower associated costs (steel tower with single earth peak, structural foundation steel, foundation leg steel, climbing barrier, fittings, insulators) and insulator and conductor. 85% suspension, 15% strain and 400m span. Sag and OPGW has been appropriately assigned
2. Civil and structural works includes: Tower concrete footing, soil tests, installation of tower and foundations
3. Electrical works includes: installation of conductor (setup, draw wires,stringing, clamping off), installation of OHEW/OPGW (draw wire, stringing, clamping off)
4. Secondary system and testing and commissioning is accounted in the terminating end in the substation switchbay cost", 275,km,436643.2926758572,412224.7198641766,148007.6332767402,0.0,67766.32070542897,0.0,111017.45564734137,227479.75937949377,155945.49689440994,1559084.6784434482
112,Overhead line,HVAC,2 × Olive DCST 1842 MVA,"Overhead lines double circuit single tower, twin conductor per phase. Rating calculated for summer day, 1m/s wind speed, and air temperature of 35oC.","1. Plant amount includes: Strain + Structural tower associated costs (steel tower with single earth peak, structural foundation steel, foundation leg steel, climbing barrier, fittings, insulators) and insulator and conductor. 85% suspension, 15% strain and 400m span. Sag and OPGW has been appropriately assigned
2. Civil and structural works includes: Tower concrete footing, soil tests, installation of tower and foundations
3. Electrical works includes: installation of conductor (setup, draw wires,stringing, clamping off), installation of OHEW/OPGW (draw wire, stringing, clamping off)
4. Secondary system and testing and commissioning is accounted in the terminating end in the substation switchbay cost", 275,km,651392.2002675808,412224.7198641766,296015.2665534804,0.0,70734.70167057641,0.0,113985.83661248883,227479.75937949377,155945.49689440994,1927777.9812422066
113,Overhead line,HVAC,Stage 1 development: 2 × Olive DCST 1842 MVA,"Construction of a double circuit tower with initially a single circuit strung. This reflects stage 1 of developing an Overhead lines double circuit single tower, twin conductor per phase. Rating calculated for summer day, 1m/s wind speed, and air temperature of 35oC.","1. Plant amount includes: Strain + Structural tower associated costs (steel tower with single earth peak, structural foundation steel, foundation leg steel, climbing barrier, fittings, insulators) and insulator and conductor. 85% suspension, 15% strain and 400m span. Sag and OPGW has been appropriately assigned
2. Civil and structural works includes: Tower concrete footing, soil tests, installation of tower and foundations
3. Electrical works includes: installation of conductor (setup, draw wires,stringing, clamping off), installation of OHEW/OPGW (draw wire, stringing, clamping off)
4. Secondary system and testing and commissioning is accounted in the terminating end in the substation switchbay cost", 275,km,488544.15020068554,412224.7198641766,148007.6332767402,0.0,70734.70167057641,0.0,113985.83661248883,227479.75937949377,155945.49689440994,1616922.297898571
114,Overhead line,HVAC,3 × Mango DCST 2292 MVA,"Overhead lines double circuit single tower, triple conductor per phase. Rating calculated for summer day, 1m/s wind speed, and air temperature of 35oC.","1. Plant amount includes: Strain + Structural tower associated costs (steel tower with single earth peak, structural foundation steel, foundation leg steel, climbing barrier, fittings, insulators) and insulator and conductor. 85% suspension, 15% strain and 400m span. Sag and OPGW has been appropriately assigned
2. Civil and structural works includes: Tower concrete footing, soil tests, installation of tower and foundations
3. Electrical works includes: installation of conductor (setup, draw wires,stringing, clamping off), installation of OHEW/OPGW (draw wire, stringing, clamping off)
4. Secondary system and testing and commissioning is accounted in the terminating end in the substation switchbay cost", 275,km,617856.26155923,412224.7198641766,421051.7623089983,0.0,75461.27751508044,0.0,118712.41245699287,227479.75937949377,155945.49689440994,2028731.6899783819
115,Overhead line,HVAC,Stage 1 development: 3 × Mango DCST 2292 MVA,"Construction of a double circuit tower with initially a single circuit strung. This reflects stage 1 of developing an Overhead lines double circuit single tower, triple conductor per phase. Rating calculated for summer day, 1m/s wind speed, and air temperature of 35oC.","1. Plant amount includes: Strain + Structural tower associated costs (steel tower with single earth peak, structural foundation steel, foundation leg steel, climbing barrier, fittings, insulators) and insulator and conductor. 85% suspension, 15% strain and 400m span. Sag and OPGW has been appropriately assigned
2. Civil and structural works includes: Tower concrete footing, soil tests, installation of tower and foundations
3. Electrical works includes: installation of conductor (setup, draw wires,stringing, clamping off), installation of OHEW/OPGW (draw wire, stringing, clamping off)
4. Secondary system and testing and commissioning is accounted in the terminating end in the substation switchbay cost", 275,km,463392.1961694226,412224.7198641766,210525.88115449916,0.0,75461.27751508044,0.0,118712.41245699287,227479.75937949377,155945.49689440994,1663741.7434340753
116,Overhead line,HVAC,1 × Orange SCST 421 MVA,"Overhead lines single circuit single tower, single conductor per phase. Rating calculated for summer day, 1m/s wind speed, and air temperature of 35oC.","1. Plant amount includes: Strain + Structural tower associated costs (steel tower with single earth peak, structural foundation steel, foundation leg steel, climbing barrier, fittings, insulators) and insulator and conductor. 85% suspension, 15% strain and 400m span. Sag and OPGW has been appropriately assigned
2. Civil and structural works includes: Tower concrete footing, soil tests, installation of tower and foundations
3. Electrical works includes: installation of conductor (setup, draw wires,stringing, clamping off), installation of OHEW/OPGW (draw wire, stringing, clamping off)
4. Secondary system and testing and commissioning is accounted in the terminating end in the substation switchbay cost", 275,km,445470.65438757604,412224.7198641766,85489.3853989813,0.0,51521.430762120195,0.0,94772.56570403263,227479.75937949377,155945.49689440994,1472904.0123907903
117,Overhead line,HVAC,2 × Lemon SCST 557 MVA,"Overhead lines single circuit single tower, twin conductor per phase. Rating calculated for summer day, 1m/s wind speed, and air temperature of 35oC.","1. Plant amount includes: Strain + Structural tower associated costs (steel tower with single earth peak, structural foundation steel, foundation leg steel, climbing barrier, fittings, insulators) and insulator and conductor. 85% suspension, 15% strain and 400m span. Sag and OPGW has been appropriately assigned
2. Civil and structural works includes: Tower concrete footing, soil tests, installation of tower and foundations
3. Electrical works includes: installation of conductor (setup, draw wires,stringing, clamping off), installation of OHEW/OPGW (draw wire, stringing, clamping off)
4. Secondary system and testing and commissioning is accounted in the terminating end in the substation switchbay cost", 275,km,453189.24345537106,412224.7198641766,148007.6332767402,0.0,54935.068872039774,0.0,98186.20381395218,227479.75937949377,155945.49689440994,1549968.1255561835
118,Overhead line,HVAC,2 × Mango SCST 764 MVA,"Overhead lines single circuit single tower, twin conductor per phase. Rating calculated for summer day, 1m/s wind speed, and air temperature of 35oC.","1. Plant amount includes: Strain + Structural tower associated costs (steel tower with single earth peak, structural foundation steel, foundation leg steel, climbing barrier, fittings, insulators) and insulator and conductor. 85% suspension, 15% strain and 400m span. Sag and OPGW has been appropriately assigned
2. Civil and structural works includes: Tower concrete footing, soil tests, installation of tower and foundations
3. Electrical works includes: installation of conductor (setup, draw wires,stringing, clamping off), installation of OHEW/OPGW (draw wire, stringing, clamping off)
4. Secondary system and testing and commissioning is accounted in the terminating end in the substation switchbay cost", 275,km,469158.7380783952,412224.7198641766,148007.6332767402,0.0,55620.07986399687,0.0,98871.21480590929,227479.75937949377,155945.49689440994,1567307.6421631216
119,Overhead line,HVAC,2 × Orange SCST 842 MVA,"Overhead lines single circuit single tower, twin conductor per phase. Rating calculated for summer day, 1m/s wind speed, and air temperature of 35oC.","1. Plant amount includes: Strain + Structural tower associated costs (steel tower with single earth peak, structural foundation steel, foundation leg steel, climbing barrier, fittings, insulators) and insulator and conductor. 85% suspension, 15% strain and 400m span. Sag and OPGW has been appropriately assigned
2. Civil and structural works includes: Tower concrete footing, soil tests, installation of tower and foundations
3. Electrical works includes: installation of conductor (setup, draw wires,stringing, clamping off), installation of OHEW/OPGW (draw wire, stringing, clamping off)
4. Secondary system and testing and commissioning is accounted in the terminating end in the substation switchbay cost", 275,km,480869.70080194616,412224.7198641766,148007.6332767402,0.0,56122.42125809875,0.0,99373.55620001118,227479.75937949377,155945.49689440994,1580023.2876748766
120,Overhead line,HVAC,3 × Orange SCST 1263 MVA,"Overhead lines single circuit single tower, triple conductor per phase. Rating calculated for summer day, 1m/s wind speed, and air temperature of 35oC.","1. Plant amount includes: Strain + Structural tower associated costs (steel tower with single earth peak, structural foundation steel, foundation leg steel, climbing barrier, fittings, insulators) and insulator and conductor. 85% suspension, 15% strain and 400m span. Sag and OPGW has been appropriately assigned
2. Civil and structural works includes: Tower concrete footing, soil tests, installation of tower and foundations
3. Electrical works includes: installation of conductor (setup, draw wires,stringing, clamping off), installation of OHEW/OPGW (draw wire, stringing, clamping off)
4. Secondary system and testing and commissioning is accounted in the terminating end in the substation switchbay cost", 275,km,516268.7472163163,412224.7198641766,210525.88115449916,0.0,60723.4117540773,0.0,103974.54669598973,227479.75937949377,155945.49689440994,1687142.5629589627
121,Overhead line,HVAC,Stage 2 development: 1 × Mango DCST 764 MVA,"Second circuit strung on the vacant side of the double circuit tower. This reflects stage 2 of developing an Overhead lines double circuit single tower, single conductor per phase. Rating calculated for summer day, 1m/s wind speed, and air temperature of 35oC.","1. Plant amount includes: Strain + Structural tower associated costs (steel tower with single earth peak, structural foundation steel, foundation leg steel, climbing barrier, fittings, insulators) and insulator and conductor. 85% suspension, 15% strain and 400m span. Sag and OPGW has been appropriately assigned
2. Civil and structural works includes: Tower concrete footing, soil tests, installation of tower and foundations
3. Electrical works includes: installation of conductor (setup, draw wires,stringing, clamping off), installation of OHEW/OPGW (draw wire, stringing, clamping off)
4. Secondary system and testing and commissioning is accounted in the terminating end in the substation switchbay cost", 275,km,124920.50033721294,0.0,85489.3853989813,0.0,0.0,0.0,101313.13326128239,0.0,0.0,311723.01899747667
122,Overhead line,HVAC,Stage 2 development: 1 × Olive DCST 921 MVA,"Second circuit strung on the vacant side of the double circuit tower. This reflects stage 2 of developing an Overhead lines double circuit single tower, single conductor per phase. Rating calculated for summer day, 1m/s wind speed, and air temperature of 35oC.","1. Plant amount includes: Strain + Structural tower associated costs (steel tower with single earth peak, structural foundation steel, foundation leg steel, climbing barrier, fittings, insulators) and insulator and conductor. 85% suspension, 15% strain and 400m span. Sag and OPGW has been appropriately assigned
2. Civil and structural works includes: Tower concrete footing, soil tests, installation of tower and foundations
3. Electrical works includes: installation of conductor (setup, draw wires,stringing, clamping off), installation of OHEW/OPGW (draw wire, stringing, clamping off)
4. Secondary system and testing and commissioning is accounted in the terminating end in the substation switchbay cost", 275,km,136498.3839389054,0.0,85489.3853989813,0.0,0.0,0.0,103299.66513795801,0.0,0.0,325287.4344758447
123,Overhead line,HVAC,Stage 2 development: 2 × Lemon DCST 1115 MVA,"Second circuit strung on the vacant side of the double circuit tower. This reflects stage 2 of developing an Overhead lines double circuit single tower, twin conductor per phase. Rating calculated for summer day, 1m/s wind speed, and air temperature of 35oC.","1. Plant amount includes: Strain + Structural tower associated costs (steel tower with single earth peak, structural foundation steel, foundation leg steel, climbing barrier, fittings, insulators) and insulator and conductor. 85% suspension, 15% strain and 400m span. Sag and OPGW has been appropriately assigned
2. Civil and structural works includes: Tower concrete footing, soil tests, installation of tower and foundations
3. Electrical works includes: installation of conductor (setup, draw wires,stringing, clamping off), installation of OHEW/OPGW (draw wire, stringing, clamping off)
4. Secondary system and testing and commissioning is accounted in the terminating end in the substation switchbay cost", 275,km,131707.53555199818,0.0,148007.6332767402,0.0,0.0,0.0,108642.75087522341,0.0,0.0,388357.9197039618
124,Overhead line,HVAC,Stage 2 development: 2 × Mango DCST 1528 MVA,"Second circuit strung on the vacant side of the double circuit tower. This reflects stage 2 of developing an Overhead lines double circuit single tower, twin conductor per phase. Rating calculated for summer day, 1m/s wind speed, and air temperature of 35oC.","1. Plant amount includes: Strain + Structural tower associated costs (steel tower with single earth peak, structural foundation steel, foundation leg steel, climbing barrier, fittings, insulators) and insulator and conductor. 85% suspension, 15% strain and 400m span. Sag and OPGW has been appropriately assigned
2. Civil and structural works includes: Tower concrete footing, soil tests, installation of tower and foundations
3. Electrical works includes: installation of conductor (setup, draw wires,stringing, clamping off), installation of OHEW/OPGW (draw wire, stringing, clamping off)
4. Secondary system and testing and commissioning is accounted in the terminating end in the substation switchbay cost", 275,km,139692.28286351022,0.0,148007.6332767402,0.0,0.0,0.0,110012.77285913762,0.0,0.0,397712.688999388
125,Overhead line,HVAC,Stage 2 development: 2 × Orange DCST 1684 MVA,"Second circuit strung on the vacant side of the double circuit tower. This reflects stage 2 of developing an Overhead lines double circuit single tower, twin conductor per phase. Rating calculated for summer day, 1m/s wind speed, and air temperature of 35oC.","1. Plant amount includes: Strain + Structural tower associated costs (steel tower with single earth peak, structural foundation steel, foundation leg steel, climbing barrier, fittings, insulators) and insulator and conductor. 85% suspension, 15% strain and 400m span. Sag and OPGW has been appropriately assigned
2. Civil and structural works includes: Tower concrete footing, soil tests, installation of tower and foundations
3. Electrical works includes: installation of conductor (setup, draw wires,stringing, clamping off), installation of OHEW/OPGW (draw wire, stringing, clamping off)
4. Secondary system and testing and commissioning is accounted in the terminating end in the substation switchbay cost", 275,km,145547.76422528573,0.0,148007.6332767402,0.0,0.0,0.0,111017.45564734137,0.0,0.0,404572.8531493673
126,Overhead line,HVAC,Stage 2 development: 2 × Olive DCST 1842 MVA,"Second circuit strung on the vacant side of the double circuit tower. This reflects stage 2 of developing an Overhead lines double circuit single tower, twin conductor per phase. Rating calculated for summer day, 1m/s wind speed, and air temperature of 35oC.","1. Plant amount includes: Strain + Structural tower associated costs (steel tower with single earth peak, structural foundation steel, foundation leg steel, climbing barrier, fittings, insulators) and insulator and conductor. 85% suspension, 15% strain and 400m span. Sag and OPGW has been appropriately assigned
2. Civil and structural works includes: Tower concrete footing, soil tests, installation of tower and foundations
3. Electrical works includes: installation of conductor (setup, draw wires,stringing, clamping off), installation of OHEW/OPGW (draw wire, stringing, clamping off)
4. Secondary system and testing and commissioning is accounted in the terminating end in the substation switchbay cost", 275,km,162848.0500668952,0.0,148007.6332767402,0.0,0.0,0.0,113985.83661248883,0.0,0.0,424841.51995612425
127,Overhead line,HVAC,Stage 2 development: 3 × Mango DCST 2292 MVA,"Second circuit strung on the vacant side of the double circuit tower. This reflects stage 2 of developing an Overhead lines double circuit single tower, triple conductor per phase. Rating calculated for summer day, 1m/s wind speed, and air temperature of 35oC.","1. Plant amount includes: Strain + Structural tower associated costs (steel tower with single earth peak, structural foundation steel, foundation leg steel, climbing barrier, fittings, insulators) and insulator and conductor. 85% suspension, 15% strain and 400m span. Sag and OPGW has been appropriately assigned
2. Civil and structural works includes: Tower concrete footing, soil tests, installation of tower and foundations
3. Electrical works includes: installation of conductor (setup, draw wires,stringing, clamping off), installation of OHEW/OPGW (draw wire, stringing, clamping off)
4. Secondary system and testing and commissioning is accounted in the terminating end in the substation switchbay cost", 275,km,154464.0653898075,0.0,210525.88115449916,0.0,0.0,0.0,118712.41245699287,0.0,0.0,483702.3590012996
128,Overhead line,HVAC,1 × Mango DCST 611 MVA,"Overhead lines double circuit single tower, single conductor per phase. Rating calculated for summer day, 1m/s wind speed, and air temperature of 35oC.","1. Plant amount includes: Strain + Structural tower associated costs (steel tower with single earth peak, structural foundation steel, foundation leg steel, climbing barrier, fittings, insulators) and insulator and conductor. 85% suspension, 15% strain and 400m span. Sag and OPGW has been appropriately assigned
2. Civil and structural works includes: Tower concrete footing, soil tests, installation of tower and foundations
3. Electrical works includes: installation of conductor (setup, draw wires,stringing, clamping off), installation of OHEW/OPGW (draw wire, stringing, clamping off)
4. Secondary system and testing and commissioning is accounted in the terminating end in the substation switchbay cost", 220,km,459266.2593077008,410295.1443123939,170978.7707979626,0.0,56099.5762321269,0.0,96934.44665214478,209981.31635030193,143568.44720496895,1547123.9608575997
129,Overhead line,HVAC,Stage 1 development: 1 × Mango DCST 611 MVA,"Construction of a double circuit tower with initially a single circuit strung. This reflects stage 1 of developing an Overhead lines double circuit single tower, single conductor per phase. Rating calculated for summer day, 1m/s wind speed, and air temperature of 35oC.","1. Plant amount includes: Strain + Structural tower associated costs (steel tower with single earth peak, structural foundation steel, foundation leg steel, climbing barrier, fittings, insulators) and insulator and conductor. 85% suspension, 15% strain and 400m span. Sag and OPGW has been appropriately assigned
2. Civil and structural works includes: Tower concrete footing, soil tests, installation of tower and foundations
3. Electrical works includes: installation of conductor (setup, draw wires,stringing, clamping off), installation of OHEW/OPGW (draw wire, stringing, clamping off)
4. Secondary system and testing and commissioning is accounted in the terminating end in the substation switchbay cost", 220,km,344449.69448077556,410295.1443123939,85489.3853989813,0.0,56099.5762321269,0.0,96934.44665214478,209981.31635030193,143568.44720496895,1346818.0106316933
130,Overhead line,HVAC,Stage 2 development: 1 × Mango DCST 611 MVA,"Second circuit strung on the vacant side of the double circuit tower. This reflects stage 2 of developing an Overhead lines double circuit single tower, single conductor per phase. Rating calculated for summer day, 1m/s wind speed, and air temperature of 35oC.","1. Plant amount includes: Strain + Structural tower associated costs (steel tower with single earth peak, structural foundation steel, foundation leg steel, climbing barrier, fittings, insulators) and insulator and conductor. 85% suspension, 15% strain and 400m span. Sag and OPGW has been appropriately assigned
2. Civil and structural works includes: Tower concrete footing, soil tests, installation of tower and foundations
3. Electrical works includes: installation of conductor (setup, draw wires,stringing, clamping off), installation of OHEW/OPGW (draw wire, stringing, clamping off)
4. Secondary system and testing and commissioning is accounted in the terminating end in the substation switchbay cost", 220,km,114816.5648269252,0.0,85489.3853989813,0.0,0.0,0.0,96934.44665214478,0.0,0.0,297240.3968780513
131,Overhead line,HVAC,2 × Lemon DCST 892 MVA,"Overhead lines double circuit single tower, twin conductor per phase. Rating calculated for summer day, 1m/s wind speed, and air temperature of 35oC.","1. Plant amount includes: Strain + Structural tower associated costs (steel tower with single earth peak, structural foundation steel, foundation leg steel, climbing barrier, fittings, insulators) and insulator and conductor. 85% suspension, 15% strain and 400m span. Sag and OPGW has been appropriately assigned
2. Civil and structural works includes: Tower concrete footing, soil tests, installation of tower and foundations
3. Electrical works includes: installation of conductor (setup, draw wires,stringing, clamping off), installation of OHEW/OPGW (draw wire, stringing, clamping off)
4. Secondary system and testing and commissioning is accounted in the terminating end in the substation switchbay cost", 220,km,486414.40016684175,410295.1443123939,296015.2665534804,0.0,63429.19384606792,0.0,104264.0642660858,209981.31635030193,143568.44720496895,1713967.8327001408
132,Overhead line,HVAC,Stage 1 development: 2 × Lemon DCST 892 MVA,"Construction of a double circuit tower with initially a single circuit strung. This reflects stage 1 of developing an Overhead lines double circuit single tower, twin conductor per phase. Rating calculated for summer day, 1m/s wind speed, and air temperature of 35oC.","1. Plant amount includes: Strain + Structural tower associated costs (steel tower with single earth peak, structural foundation steel, foundation leg steel, climbing barrier, fittings, insulators) and insulator and conductor. 85% suspension, 15% strain and 400m span. Sag and OPGW has been appropriately assigned
2. Civil and structural works includes: Tower concrete footing, soil tests, installation of tower and foundations
3. Electrical works includes: installation of conductor (setup, draw wires,stringing, clamping off), installation of OHEW/OPGW (draw wire, stringing, clamping off)
4. Secondary system and testing and commissioning is accounted in the terminating end in the substation switchbay cost", 220,km,364810.80012513127,410295.1443123939,148007.6332767402,0.0,63429.19384606792,0.0,104264.0642660858,209981.31635030193,143568.44720496895,1444356.59938169
133,Overhead line,HVAC,Stage 2 development: 2 × Lemon DCST 892 MVA,"Second circuit strung on the vacant side of the double circuit tower. This reflects stage 2 of developing an Overhead lines double circuit single tower, twin conductor per phase. Rating calculated for summer day, 1m/s wind speed, and air temperature of 35oC.","1. Plant amount includes: Strain + Structural tower associated costs (steel tower with single earth peak, structural foundation steel, foundation leg steel, climbing barrier, fittings, insulators) and insulator and conductor. 85% suspension, 15% strain and 400m span. Sag and OPGW has been appropriately assigned
2. Civil and structural works includes: Tower concrete footing, soil tests, installation of tower and foundations
3. Electrical works includes: installation of conductor (setup, draw wires,stringing, clamping off), installation of OHEW/OPGW (draw wire, stringing, clamping off)
4. Secondary system and testing and commissioning is accounted in the terminating end in the substation switchbay cost", 220,km,121603.60004171044,0.0,148007.6332767402,0.0,0.0,0.0,104264.0642660858,0.0,0.0,373875.2975845364
134,Overhead line,HVAC,2 × Lychee DCST 982 MVA,"Overhead lines double circuit single tower, twin conductor per phase. Rating calculated for summer day, 1m/s wind speed, and air temperature of 35oC.","1. Plant amount includes: Strain + Structural tower associated costs (steel tower with single earth peak, structural foundation steel, foundation leg steel, climbing barrier, fittings, insulators) and insulator and conductor. 85% suspension, 15% strain and 400m span. Sag and OPGW has been appropriately assigned
2. Civil and structural works includes: Tower concrete footing, soil tests, installation of tower and foundations
3. Electrical works includes: installation of conductor (setup, draw wires,stringing, clamping off), installation of OHEW/OPGW (draw wire, stringing, clamping off)
4. Secondary system and testing and commissioning is accounted in the terminating end in the substation switchbay cost", 220,km,494813.17141302483,410295.1443123939,296015.2665534804,0.0,63789.458886282395,0.0,104624.32930630026,209981.31635030193,143568.44720496895,1723087.1340267526
135,Overhead line,HVAC,Stage 1 development: 2 × Lychee DCST 982 MVA,"Construction of a double circuit tower with initially a single circuit strung. This reflects stage 1 of developing an Overhead lines double circuit single tower, twin conductor per phase. Rating calculated for summer day, 1m/s wind speed, and air temperature of 35oC.","1. Plant amount includes: Strain + Structural tower associated costs (steel tower with single earth peak, structural foundation steel, foundation leg steel, climbing barrier, fittings, insulators) and insulator and conductor. 85% suspension, 15% strain and 400m span. Sag and OPGW has been appropriately assigned
2. Civil and structural works includes: Tower concrete footing, soil tests, installation of tower and foundations
3. Electrical works includes: installation of conductor (setup, draw wires,stringing, clamping off), installation of OHEW/OPGW (draw wire, stringing, clamping off)
4. Secondary system and testing and commissioning is accounted in the terminating end in the substation switchbay cost", 220,km,371109.8785597686,410295.1443123939,148007.6332767402,0.0,63789.458886282395,0.0,104624.32930630026,209981.31635030193,143568.44720496895,1451376.2078967562
136,Overhead line,HVAC,Stage 2 development: 2 × Lychee DCST 982 MVA,"Second circuit strung on the vacant side of the double circuit tower. This reflects stage 2 of developing an Overhead lines double circuit single tower, twin conductor per phase. Rating calculated for summer day, 1m/s wind speed, and air temperature of 35oC.","1. Plant amount includes: Strain + Structural tower associated costs (steel tower with single earth peak, structural foundation steel, foundation leg steel, climbing barrier, fittings, insulators) and insulator and conductor. 85% suspension, 15% strain and 400m span. Sag and OPGW has been appropriately assigned
2. Civil and structural works includes: Tower concrete footing, soil tests, installation of tower and foundations
3. Electrical works includes: installation of conductor (setup, draw wires,stringing, clamping off), installation of OHEW/OPGW (draw wire, stringing, clamping off)
4. Secondary system and testing and commissioning is accounted in the terminating end in the substation switchbay cost", 220,km,123703.29285325621,0.0,148007.6332767402,0.0,0.0,0.0,104624.32930630026,0.0,0.0,376335.2554362967
137,Overhead line,HVAC,2 × Mango DCST 1222 MVA,"Overhead lines double circuit single tower, twin conductor per phase. Rating calculated for summer day, 1m/s wind speed, and air temperature of 35oC.","1. Plant amount includes: Strain + Structural tower associated costs (steel tower with single earth peak, structural foundation steel, foundation leg steel, climbing barrier, fittings, insulators) and insulator and conductor. 85% suspension, 15% strain and 400m span. Sag and OPGW has been appropriately assigned
2. Civil and structural works includes: Tower concrete footing, soil tests, installation of tower and foundations
3. Electrical works includes: installation of conductor (setup, draw wires,stringing, clamping off), installation of OHEW/OPGW (draw wire, stringing, clamping off)
4. Secondary system and testing and commissioning is accounted in the terminating end in the substation switchbay cost", 220,km,518353.38941288996,410295.1443123939,296015.2665534804,0.0,64799.21582998213,0.0,105634.08625000001,209981.31635030193,143568.44720496895,1748646.8659140172
138,Overhead line,HVAC,Stage 1 development: 2 × Mango DCST 1222 MVA,"Construction of a double circuit tower with initially a single circuit strung. This reflects stage 1 of developing an Overhead lines double circuit single tower, twin conductor per phase. Rating calculated for summer day, 1m/s wind speed, and air temperature of 35oC.","1. Plant amount includes: Strain + Structural tower associated costs (steel tower with single earth peak, structural foundation steel, foundation leg steel, climbing barrier, fittings, insulators) and insulator and conductor. 85% suspension, 15% strain and 400m span. Sag and OPGW has been appropriately assigned
2. Civil and structural works includes: Tower concrete footing, soil tests, installation of tower and foundations
3. Electrical works includes: installation of conductor (setup, draw wires,stringing, clamping off), installation of OHEW/OPGW (draw wire, stringing, clamping off)
4. Secondary system and testing and commissioning is accounted in the terminating end in the substation switchbay cost", 220,km,388765.0420596674,410295.1443123939,148007.6332767402,0.0,64799.21582998213,0.0,105634.08625000001,209981.31635030193,143568.44720496895,1471050.8852840543
139,Overhead line,HVAC,Stage 2 development: 2 × Mango DCST 1222 MVA,"Second circuit strung on the vacant side of the double circuit tower. This reflects stage 2 of developing an Overhead lines double circuit single tower, twin conductor per phase. Rating calculated for summer day, 1m/s wind speed, and air temperature of 35oC.","1. Plant amount includes: Strain + Structural tower associated costs (steel tower with single earth peak, structural foundation steel, foundation leg steel, climbing barrier, fittings, insulators) and insulator and conductor. 85% suspension, 15% strain and 400m span. Sag and OPGW has been appropriately assigned
2. Civil and structural works includes: Tower concrete footing, soil tests, installation of tower and foundations
3. Electrical works includes: installation of conductor (setup, draw wires,stringing, clamping off), installation of OHEW/OPGW (draw wire, stringing, clamping off)
4. Secondary system and testing and commissioning is accounted in the terminating end in the substation switchbay cost", 220,km,129588.34735322249,0.0,148007.6332767402,0.0,0.0,0.0,105634.08625000001,0.0,0.0,383230.0668799627
140,Overhead line,HVAC,2 × Orange DCST 1347 MVA,"Overhead lines double circuit single tower, twin conductor per phase. Rating calculated for summer day, 1m/s wind speed, and air temperature of 35oC.","1. Plant amount includes: Strain + Structural tower associated costs (steel tower with single earth peak, structural foundation steel, foundation leg steel, climbing barrier, fittings, insulators) and insulator and conductor. 85% suspension, 15% strain and 400m span. Sag and OPGW has been appropriately assigned
2. Civil and structural works includes: Tower concrete footing, soil tests, installation of tower and foundations
3. Electrical works includes: installation of conductor (setup, draw wires,stringing, clamping off), installation of OHEW/OPGW (draw wire, stringing, clamping off)
4. Secondary system and testing and commissioning is accounted in the terminating end in the substation switchbay cost", 220,km,541775.314859992,410295.1443123939,296015.2665534804,0.0,65803.89861818588,0.0,106638.76903820375,209981.31635030193,143568.44720496895,1774078.1569375268
141,Overhead line,HVAC,Stage 1 development: 2 × Orange DCST 1347 MVA,"Construction of a double circuit tower with initially a single circuit strung. This reflects stage 1 of developing an Overhead lines double circuit single tower, twin conductor per phase. Rating calculated for summer day, 1m/s wind speed, and air temperature of 35oC.","1. Plant amount includes: Strain + Structural tower associated costs (steel tower with single earth peak, structural foundation steel, foundation leg steel, climbing barrier, fittings, insulators) and insulator and conductor. 85% suspension, 15% strain and 400m span. Sag and OPGW has been appropriately assigned
2. Civil and structural works includes: Tower concrete footing, soil tests, installation of tower and foundations
3. Electrical works includes: installation of conductor (setup, draw wires,stringing, clamping off), installation of OHEW/OPGW (draw wire, stringing, clamping off)
4. Secondary system and testing and commissioning is accounted in the terminating end in the substation switchbay cost", 220,km,406331.486144994,410295.1443123939,148007.6332767402,0.0,65803.89861818588,0.0,106638.76903820375,209981.31635030193,143568.44720496895,1490626.6949457887
142,Overhead line,HVAC,Stage 2 development: 2 × Orange DCST 1347 MVA,"Second circuit strung on the vacant side of the double circuit tower. This reflects stage 2 of developing an Overhead lines double circuit single tower, twin conductor per phase. Rating calculated for summer day, 1m/s wind speed, and air temperature of 35oC.","1. Plant amount includes: Strain + Structural tower associated costs (steel tower with single earth peak, structural foundation steel, foundation leg steel, climbing barrier, fittings, insulators) and insulator and conductor. 85% suspension, 15% strain and 400m span. Sag and OPGW has been appropriately assigned
2. Civil and structural works includes: Tower concrete footing, soil tests, installation of tower and foundations
3. Electrical works includes: installation of conductor (setup, draw wires,stringing, clamping off), installation of OHEW/OPGW (draw wire, stringing, clamping off)
4. Secondary system and testing and commissioning is accounted in the terminating end in the substation switchbay cost", 220,km,135443.828714998,0.0,148007.6332767402,0.0,0.0,0.0,106638.76903820375,0.0,0.0,390090.23102994193
143,Overhead line,HVAC,3 × Mango DCST 1834 MVA,"Overhead lines double circuit single tower, triple conductor per phase. Rating calculated for summer day, 1m/s wind speed, and air temperature of 35oC.","1. Plant amount includes: Strain + Structural tower associated costs (steel tower with single earth peak, structural foundation steel, foundation leg steel, climbing barrier, fittings, insulators) and insulator and conductor. 85% suspension, 15% strain and 400m span. Sag and OPGW has been appropriately assigned
2. Civil and structural works includes: Tower concrete footing, soil tests, installation of tower and foundations
3. Electrical works includes: installation of conductor (setup, draw wires,stringing, clamping off), installation of OHEW/OPGW (draw wire, stringing, clamping off)
4. Secondary system and testing and commissioning is accounted in the terminating end in the substation switchbay cost", 220,km,577440.5195180791,410295.1443123939,421051.7623089983,0.0,73498.85542783736,0.0,114333.72584785524,209981.31635030193,143568.44720496895,1950169.7709704349
144,Overhead line,HVAC,Stage 1 development: 3 × Mango DCST 1834 MVA,"Construction of a double circuit tower with initially a single circuit strung. This reflects stage 1 of developing an Overhead lines double circuit single tower, triple conductor per phase. Rating calculated for summer day, 1m/s wind speed, and air temperature of 35oC.","1. Plant amount includes: Strain + Structural tower associated costs (steel tower with single earth peak, structural foundation steel, foundation leg steel, climbing barrier, fittings, insulators) and insulator and conductor. 85% suspension, 15% strain and 400m span. Sag and OPGW has been appropriately assigned
2. Civil and structural works includes: Tower concrete footing, soil tests, installation of tower and foundations
3. Electrical works includes: installation of conductor (setup, draw wires,stringing, clamping off), installation of OHEW/OPGW (draw wire, stringing, clamping off)
4. Secondary system and testing and commissioning is accounted in the terminating end in the substation switchbay cost", 220,km,433080.38963855937,410295.1443123939,210525.88115449916,0.0,73498.85542783736,0.0,114333.72584785524,209981.31635030193,143568.44720496895,1595283.759936416
145,Overhead line,HVAC,Stage 2 development: 3 × Mango DCST 1834 MVA,"Second circuit strung on the vacant side of the double circuit tower. This reflects stage 2 of developing an Overhead lines double circuit single tower, triple conductor per phase. Rating calculated for summer day, 1m/s wind speed, and air temperature of 35oC.","1. Plant amount includes: Strain + Structural tower associated costs (steel tower with single earth peak, structural foundation steel, foundation leg steel, climbing barrier, fittings, insulators) and insulator and conductor. 85% suspension, 15% strain and 400m span. Sag and OPGW has been appropriately assigned
2. Civil and structural works includes: Tower concrete footing, soil tests, installation of tower and foundations
3. Electrical works includes: installation of conductor (setup, draw wires,stringing, clamping off), installation of OHEW/OPGW (draw wire, stringing, clamping off)
4. Secondary system and testing and commissioning is accounted in the terminating end in the substation switchbay cost", 220,km,144360.12987951978,0.0,210525.88115449916,0.0,0.0,0.0,114333.72584785524,0.0,0.0,469219.73688187415
146,Overhead line,HVAC,1 × Mango SCST 306 MVA,"Overhead lines single circuit single tower, single conductor per phase. Rating calculated for summer day, 1m/s wind speed, and air temperature of 35oC.","1. Plant amount includes: Strain + Structural tower associated costs (steel tower with single earth peak, structural foundation steel, foundation leg steel, climbing barrier, fittings, insulators) and insulator and conductor. 85% suspension, 15% strain and 400m span. Sag and OPGW has been appropriately assigned
2. Civil and structural works includes: Tower concrete footing, soil tests, installation of tower and foundations
3. Electrical works includes: installation of conductor (setup, draw wires,stringing, clamping off), installation of OHEW/OPGW (draw wire, stringing, clamping off)
4. Secondary system and testing and commissioning is accounted in the terminating end in the substation switchbay cost", 220,km,400338.7889426249,410295.1443123939,85489.3853989813,0.0,49356.710703194825,0.0,90191.58112321272,209981.31635030193,143568.44720496895,1389221.3740356783
147,Overhead line,HVAC,1 × Olive SCST 368 MVA,"Overhead lines single circuit single tower, single conductor per phase. Rating calculated for summer day, 1m/s wind speed, and air temperature of 35oC.","1. Plant amount includes: Strain + Structural tower associated costs (steel tower with single earth peak, structural foundation steel, foundation leg steel, climbing barrier, fittings, insulators) and insulator and conductor. 85% suspension, 15% strain and 400m span. Sag and OPGW has been appropriately assigned
2. Civil and structural works includes: Tower concrete footing, soil tests, installation of tower and foundations
3. Electrical works includes: installation of conductor (setup, draw wires,stringing, clamping off), installation of OHEW/OPGW (draw wire, stringing, clamping off)
4. Secondary system and testing and commissioning is accounted in the terminating end in the substation switchbay cost", 220,km,423494.5561460098,410295.1443123939,85489.3853989813,0.0,50349.976641532616,0.0,91184.8470615505,209981.31635030193,143568.44720496895,1414363.673115739
148,Overhead line,HVAC,2 × Lemon SCST 446 MVA,"Overhead lines single circuit single tower, twin conductor per phase. Rating calculated for summer day, 1m/s wind speed, and air temperature of 35oC.","1. Plant amount includes: Strain + Structural tower associated costs (steel tower with single earth peak, structural foundation steel, foundation leg steel, climbing barrier, fittings, insulators) and insulator and conductor. 85% suspension, 15% strain and 400m span. Sag and OPGW has been appropriately assigned
2. Civil and structural works includes: Tower concrete footing, soil tests, installation of tower and foundations
3. Electrical works includes: installation of conductor (setup, draw wires,stringing, clamping off), installation of OHEW/OPGW (draw wire, stringing, clamping off)
4. Secondary system and testing and commissioning is accounted in the terminating end in the substation switchbay cost", 220,km,413912.85937219544,410295.1443123939,148007.6332767402,0.0,53021.51951016533,0.0,93856.38993018318,209981.31635030193,143568.44720496895,1472643.309956949
149,Overhead line,HVAC,2 × Lychee SCST 491 MVA,"Overhead lines single circuit single tower, twin conductor per phase. Rating calculated for summer day, 1m/s wind speed, and air temperature of 35oC.","1. Plant amount includes: Strain + Structural tower associated costs (steel tower with single earth peak, structural foundation steel, foundation leg steel, climbing barrier, fittings, insulators) and insulator and conductor. 85% suspension, 15% strain and 400m span. Sag and OPGW has been appropriately assigned
2. Civil and structural works includes: Tower concrete footing, soil tests, installation of tower and foundations
3. Electrical works includes: installation of conductor (setup, draw wires,stringing, clamping off), installation of OHEW/OPGW (draw wire, stringing, clamping off)
4. Secondary system and testing and commissioning is accounted in the terminating end in the substation switchbay cost", 220,km,418112.24499528686,410295.1443123939,148007.6332767402,0.0,53201.65203027256,0.0,94036.52245029043,209981.31635030193,143568.44720496895,1477202.9606202547
150,Overhead line,HVAC,3 × Mango SCST 917 MVA,"Overhead lines single circuit single tower, triple conductor per phase. Rating calculated for summer day, 1m/s wind speed, and air temperature of 35oC.","1. Plant amount includes: Strain + Structural tower associated costs (steel tower with single earth peak, structural foundation steel, foundation leg steel, climbing barrier, fittings, insulators) and insulator and conductor. 85% suspension, 15% strain and 400m span. Sag and OPGW has been appropriately assigned
2. Civil and structural works includes: Tower concrete footing, soil tests, installation of tower and foundations
3. Electrical works includes: installation of conductor (setup, draw wires,stringing, clamping off), installation of OHEW/OPGW (draw wire, stringing, clamping off)
4. Secondary system and testing and commissioning is accounted in the terminating end in the substation switchbay cost", 220,km,459425.91904781404,410295.1443123939,210525.88115449916,0.0,58056.35030105005,0.0,98891.22072106793,209981.31635030193,143568.44720496895,1590744.279092096
151,Overhead line,HVAC,1 × Grape DCST 214 MVA,"Overhead lines double circuit single tower, single conductor per phase. Rating calculated for summer day, 1m/s wind speed, and air temperature of 35oC.","1. Plant amount includes: Strain + Structural tower associated costs (steel tower with single earth peak, structural foundation steel, foundation leg steel, climbing barrier, fittings, insulators) and insulator and conductor. 85% suspension, 15% strain and 400m span. Sag and OPGW has been appropriately assigned
2. Civil and structural works includes: Tower concrete footing, soil tests, installation of tower and foundations
3. Electrical works includes: installation of conductor (setup, draw wires,stringing, clamping off), installation of OHEW/OPGW (draw wire, stringing, clamping off)
4. Secondary system and testing and commissioning is accounted in the terminating end in the substation switchbay cost", 132,km,325673.59622384404,306744.04074702883,157067.44991511034,0.0,44082.81782381032,0.0,80755.12345383712,167030.59255137655,113869.5652173913,1195223.1859323985
152,Overhead line,HVAC,Stage 1 development: 1 × Grape DCST 214 MVA,"Construction of a double circuit tower with initially a single circuit strung. This reflects stage 1 of developing an Overhead lines double circuit single tower, single conductor per phase. Rating calculated for summer day, 1m/s wind speed, and air temperature of 35oC.","1. Plant amount includes: Strain + Structural tower associated costs (steel tower with single earth peak, structural foundation steel, foundation leg steel, climbing barrier, fittings, insulators) and insulator and conductor. 85% suspension, 15% strain and 400m span. Sag and OPGW has been appropriately assigned
2. Civil and structural works includes: Tower concrete footing, soil tests, installation of tower and foundations
3. Electrical works includes: installation of conductor (setup, draw wires,stringing, clamping off), installation of OHEW/OPGW (draw wire, stringing, clamping off)
4. Secondary system and testing and commissioning is accounted in the terminating end in the substation switchbay cost", 132,km,244255.19716788305,306744.04074702883,78533.72495755517,0.0,44082.81782381032,0.0,80755.12345383712,167030.59255137655,113869.5652173913,1035271.0619188824
153,Overhead line,HVAC,Stage 2 development: 1 × Grape DCST 214 MVA,"Second circuit strung on the vacant side of the double circuit tower. This reflects stage 2 of developing an Overhead lines double circuit single tower, single conductor per phase. Rating calculated for summer day, 1m/s wind speed, and air temperature of 35oC.","1. Plant amount includes: Strain + Structural tower associated costs (steel tower with single earth peak, structural foundation steel, foundation leg steel, climbing barrier, fittings, insulators) and insulator and conductor. 85% suspension, 15% strain and 400m span. Sag and OPGW has been appropriately assigned
2. Civil and structural works includes: Tower concrete footing, soil tests, installation of tower and foundations
3. Electrical works includes: installation of conductor (setup, draw wires,stringing, clamping off), installation of OHEW/OPGW (draw wire, stringing, clamping off)
4. Secondary system and testing and commissioning is accounted in the terminating end in the substation switchbay cost", 132,km,81418.39905596101,0.0,78533.72495755517,0.0,0.0,0.0,80755.12345383712,0.0,0.0,240707.2474673533
154,Overhead line,HVAC,1 × Lemon DCST 267 MVA,"Overhead lines double circuit single tower, single conductor per phase. Rating calculated for summer day, 1m/s wind speed, and air temperature of 35oC.","1. Plant amount includes: Strain + Structural tower associated costs (steel tower with single earth peak, structural foundation steel, foundation leg steel, climbing barrier, fittings, insulators) and insulator and conductor. 85% suspension, 15% strain and 400m span. Sag and OPGW has been appropriately assigned
2. Civil and structural works includes: Tower concrete footing, soil tests, installation of tower and foundations
3. Electrical works includes: installation of conductor (setup, draw wires,stringing, clamping off), installation of OHEW/OPGW (draw wire, stringing, clamping off)
4. Secondary system and testing and commissioning is accounted in the terminating end in the substation switchbay cost", 132,km,333295.40047574195,306744.04074702883,157067.44991511034,0.0,44409.75488815348,0.0,81082.0605181803,167030.59255137655,113869.5652173913,1203498.864312983
155,Overhead line,HVAC,Stage 1 development: 1 × Lemon DCST 267 MVA,"Construction of a double circuit tower with initially a single circuit strung. This reflects stage 1 of developing an Overhead lines double circuit single tower, single conductor per phase. Rating calculated for summer day, 1m/s wind speed, and air temperature of 35oC.","1. Plant amount includes: Strain + Structural tower associated costs (steel tower with single earth peak, structural foundation steel, foundation leg steel, climbing barrier, fittings, insulators) and insulator and conductor. 85% suspension, 15% strain and 400m span. Sag and OPGW has been appropriately assigned
2. Civil and structural works includes: Tower concrete footing, soil tests, installation of tower and foundations
3. Electrical works includes: installation of conductor (setup, draw wires,stringing, clamping off), installation of OHEW/OPGW (draw wire, stringing, clamping off)
4. Secondary system and testing and commissioning is accounted in the terminating end in the substation switchbay cost", 132,km,249971.55035680643,306744.04074702883,78533.72495755517,0.0,44409.75488815348,0.0,81082.0605181803,167030.59255137655,113869.5652173913,1041641.289236492
156,Overhead line,HVAC,Stage 2 development: 1 × Lemon DCST 267 MVA,"Second circuit strung on the vacant side of the double circuit tower. This reflects stage 2 of developing an Overhead lines double circuit single tower, single conductor per phase. Rating calculated for summer day, 1m/s wind speed, and air temperature of 35oC.","1. Plant amount includes: Strain + Structural tower associated costs (steel tower with single earth peak, structural foundation steel, foundation leg steel, climbing barrier, fittings, insulators) and insulator and conductor. 85% suspension, 15% strain and 400m span. Sag and OPGW has been appropriately assigned
2. Civil and structural works includes: Tower concrete footing, soil tests, installation of tower and foundations
3. Electrical works includes: installation of conductor (setup, draw wires,stringing, clamping off), installation of OHEW/OPGW (draw wire, stringing, clamping off)
4. Secondary system and testing and commissioning is accounted in the terminating end in the substation switchbay cost", 132,km,83323.85011893549,0.0,78533.72495755517,0.0,0.0,0.0,81082.0605181803,0.0,0.0,242939.63559467095
157,Overhead line,HVAC,1 × Mango DCST 367 MVA,"Overhead lines double circuit single tower, single conductor per phase. Rating calculated for summer day, 1m/s wind speed, and air temperature of 35oC.","1. Plant amount includes: Strain + Structural tower associated costs (steel tower with single earth peak, structural foundation steel, foundation leg steel, climbing barrier, fittings, insulators) and insulator and conductor. 85% suspension, 15% strain and 400m span. Sag and OPGW has been appropriately assigned
2. Civil and structural works includes: Tower concrete footing, soil tests, installation of tower and foundations
3. Electrical works includes: installation of conductor (setup, draw wires,stringing, clamping off), installation of OHEW/OPGW (draw wire, stringing, clamping off)
4. Secondary system and testing and commissioning is accounted in the terminating end in the substation switchbay cost", 132,km,348539.00897953764,306744.04074702883,157067.44991511034,0.0,45063.62901683981,0.0,81735.9346468666,167030.59255137655,113869.5652173913,1220050.221074151
158,Overhead line,HVAC,Stage 1 development: 1 × Mango DCST 367 MVA,"Construction of a double circuit tower with initially a single circuit strung. This reflects stage 1 of developing an Overhead lines double circuit single tower, single conductor per phase. Rating calculated for summer day, 1m/s wind speed, and air temperature of 35oC.","1. Plant amount includes: Strain + Structural tower associated costs (steel tower with single earth peak, structural foundation steel, foundation leg steel, climbing barrier, fittings, insulators) and insulator and conductor. 85% suspension, 15% strain and 400m span. Sag and OPGW has been appropriately assigned
2. Civil and structural works includes: Tower concrete footing, soil tests, installation of tower and foundations
3. Electrical works includes: installation of conductor (setup, draw wires,stringing, clamping off), installation of OHEW/OPGW (draw wire, stringing, clamping off)
4. Secondary system and testing and commissioning is accounted in the terminating end in the substation switchbay cost", 132,km,261404.25673465326,306744.04074702883,78533.72495755517,0.0,45063.62901683981,0.0,81735.9346468666,167030.59255137655,113869.5652173913,1054381.7438717117
159,Overhead line,HVAC,Stage 2 development: 1 × Mango DCST 367 MVA,"Second circuit strung on the vacant side of the double circuit tower. This reflects stage 2 of developing an Overhead lines double circuit single tower, single conductor per phase. Rating calculated for summer day, 1m/s wind speed, and air temperature of 35oC.","1. Plant amount includes: Strain + Structural tower associated costs (steel tower with single earth peak, structural foundation steel, foundation leg steel, climbing barrier, fittings, insulators) and insulator and conductor. 85% suspension, 15% strain and 400m span. Sag and OPGW has been appropriately assigned
2. Civil and structural works includes: Tower concrete footing, soil tests, installation of tower and foundations
3. Electrical works includes: installation of conductor (setup, draw wires,stringing, clamping off), installation of OHEW/OPGW (draw wire, stringing, clamping off)
4. Secondary system and testing and commissioning is accounted in the terminating end in the substation switchbay cost", 132,km,87134.75224488441,0.0,78533.72495755517,0.0,0.0,0.0,81735.9346468666,0.0,0.0,247404.41184930617
160,Overhead line,HVAC,2 × Lemon DCST 535 MVA,"Overhead lines double circuit single tower, twin conductor per phase. Rating calculated for summer day, 1m/s wind speed, and air temperature of 35oC.","1. Plant amount includes: Strain + Structural tower associated costs (steel tower with single earth peak, structural foundation steel, foundation leg steel, climbing barrier, fittings, insulators) and insulator and conductor. 85% suspension, 15% strain and 400m span. Sag and OPGW has been appropriately assigned
2. Civil and structural works includes: Tower concrete footing, soil tests, installation of tower and foundations
3. Electrical works includes: installation of conductor (setup, draw wires,stringing, clamping off), installation of OHEW/OPGW (draw wire, stringing, clamping off)
4. Secondary system and testing and commissioning is accounted in the terminating end in the substation switchbay cost", 132,km,374453.1434359904,306744.04074702883,276420.4685908319,0.0,52060.08219378351,0.0,88732.38782381032,167030.59255137655,113869.5652173913,1379310.280560213
161,Overhead line,HVAC,Stage 1 development: 2 × Lemon DCST 535 MVA,"Construction of a double circuit tower with initially a single circuit strung. This reflects stage 1 of developing an Overhead lines double circuit single tower, twin conductor per phase. Rating calculated for summer day, 1m/s wind speed, and air temperature of 35oC.","1. Plant amount includes: Strain + Structural tower associated costs (steel tower with single earth peak, structural foundation steel, foundation leg steel, climbing barrier, fittings, insulators) and insulator and conductor. 85% suspension, 15% strain and 400m span. Sag and OPGW has been appropriately assigned
2. Civil and structural works includes: Tower concrete footing, soil tests, installation of tower and foundations
3. Electrical works includes: installation of conductor (setup, draw wires,stringing, clamping off), installation of OHEW/OPGW (draw wire, stringing, clamping off)
4. Secondary system and testing and commissioning is accounted in the terminating end in the substation switchbay cost", 132,km,280839.85757699277,306744.04074702883,138210.23429541595,0.0,52060.08219378351,0.0,88732.38782381032,167030.59255137655,113869.5652173913,1147486.7604057991
162,Overhead line,HVAC,Stage 2 development: 2 × Lemon DCST 535 MVA,"Second circuit strung on the vacant side of the double circuit tower. This reflects stage 2 of developing an Overhead lines double circuit single tower, twin conductor per phase. Rating calculated for summer day, 1m/s wind speed, and air temperature of 35oC.","1. Plant amount includes: Strain + Structural tower associated costs (steel tower with single earth peak, structural foundation steel, foundation leg steel, climbing barrier, fittings, insulators) and insulator and conductor. 85% suspension, 15% strain and 400m span. Sag and OPGW has been appropriately assigned
2. Civil and structural works includes: Tower concrete footing, soil tests, installation of tower and foundations
3. Electrical works includes: installation of conductor (setup, draw wires,stringing, clamping off), installation of OHEW/OPGW (draw wire, stringing, clamping off)
4. Secondary system and testing and commissioning is accounted in the terminating end in the substation switchbay cost", 132,km,93613.2858589976,0.0,138210.23429541595,0.0,0.0,0.0,88732.38782381032,0.0,0.0,320555.90797822387
163,Overhead line,HVAC,3 × Mango DCST 1100 MVA,"Overhead lines double circuit single tower, triple conductor per phase. Rating calculated for summer day, 1m/s wind speed, and air temperature of 35oC.","1. Plant amount includes: Strain + Structural tower associated costs (steel tower with single earth peak, structural foundation steel, foundation leg steel, climbing barrier, fittings, insulators) and insulator and conductor. 85% suspension, 15% strain and 400m span. Sag and OPGW has been appropriately assigned
2. Civil and structural works includes: Tower concrete footing, soil tests, installation of tower and foundations
3. Electrical works includes: installation of conductor (setup, draw wires,stringing, clamping off), installation of OHEW/OPGW (draw wire, stringing, clamping off)
4. Secondary system and testing and commissioning is accounted in the terminating end in the substation switchbay cost", 132,km,461341.7119076261,306744.04074702883,395773.48726655345,0.0,61672.03188547252,0.0,98344.33751549934,167030.59255137655,113869.5652173913,1604775.7670909485
164,Overhead line,HVAC,Stage 1 development: 3 × Mango DCST 1100 MVA,"Construction of a double circuit tower with initially a single circuit strung. This reflects stage 1 of developing an Overhead lines double circuit single tower, triple conductor per phase. Rating calculated for summer day, 1m/s wind speed, and air temperature of 35oC.","1. Plant amount includes: Strain + Structural tower associated costs (steel tower with single earth peak, structural foundation steel, foundation leg steel, climbing barrier, fittings, insulators) and insulator and conductor. 85% suspension, 15% strain and 400m span. Sag and OPGW has been appropriately assigned
2. Civil and structural works includes: Tower concrete footing, soil tests, installation of tower and foundations
3. Electrical works includes: installation of conductor (setup, draw wires,stringing, clamping off), installation of OHEW/OPGW (draw wire, stringing, clamping off)
4. Secondary system and testing and commissioning is accounted in the terminating end in the substation switchbay cost", 132,km,346006.2839307196,306744.04074702883,197886.74363327672,0.0,61672.03188547252,0.0,98344.33751549934,167030.59255137655,113869.5652173913,1291553.595480765
165,Overhead line,HVAC,Stage 2 development: 3 × Mango DCST 1100 MVA,"Second circuit strung on the vacant side of the double circuit tower. This reflects stage 2 of developing an Overhead lines double circuit single tower, triple conductor per phase. Rating calculated for summer day, 1m/s wind speed, and air temperature of 35oC.","1. Plant amount includes: Strain + Structural tower associated costs (steel tower with single earth peak, structural foundation steel, foundation leg steel, climbing barrier, fittings, insulators) and insulator and conductor. 85% suspension, 15% strain and 400m span. Sag and OPGW has been appropriately assigned
2. Civil and structural works includes: Tower concrete footing, soil tests, installation of tower and foundations
3. Electrical works includes: installation of conductor (setup, draw wires,stringing, clamping off), installation of OHEW/OPGW (draw wire, stringing, clamping off)
4. Secondary system and testing and commissioning is accounted in the terminating end in the substation switchbay cost", 132,km,115335.42797690652,0.0,197886.74363327672,0.0,0.0,0.0,98344.33751549934,0.0,0.0,411566.5091256826
166,Overhead line,HVAC,1 × Grape SCST 107 MVA,"Overhead lines single circuit single tower, single conductor per phase. Rating calculated for summer day, 1m/s wind speed, and air temperature of 35oC.","1. Plant amount includes: Strain + Structural tower associated costs (steel tower with single earth peak, structural foundation steel, foundation leg steel, climbing barrier, fittings, insulators) and insulator and conductor. 85% suspension, 15% strain and 400m span. Sag and OPGW has been appropriately assigned
2. Civil and structural works includes: Tower concrete footing, soil tests, installation of tower and foundations
3. Electrical works includes: installation of conductor (setup, draw wires,stringing, clamping off), installation of OHEW/OPGW (draw wire, stringing, clamping off)
4. Secondary system and testing and commissioning is accounted in the terminating end in the substation switchbay cost", 132,km,285046.5314663856,306744.04074702883,78533.72495755517,0.0,38467.90618904993,0.0,75140.21181907675,167030.59255137655,113869.5652173913,1064832.5729478642
167,Overhead line,HVAC,1 × Lychee SCST 147 MVA,"Overhead lines single circuit single tower, single conductor per phase. Rating calculated for summer day, 1m/s wind speed, and air temperature of 35oC.","1. Plant amount includes: Strain + Structural tower associated costs (steel tower with single earth peak, structural foundation steel, foundation leg steel, climbing barrier, fittings, insulators) and insulator and conductor. 85% suspension, 15% strain and 400m span. Sag and OPGW has been appropriately assigned
2. Civil and structural works includes: Tower concrete footing, soil tests, installation of tower and foundations
3. Electrical works includes: installation of conductor (setup, draw wires,stringing, clamping off), installation of OHEW/OPGW (draw wire, stringing, clamping off)
4. Secondary system and testing and commissioning is accounted in the terminating end in the substation switchbay cost", 132,km,290861.6858215373,306744.04074702883,78533.72495755517,0.0,38717.34706036361,0.0,75389.6526903904,167030.59255137655,113869.5652173913,1071146.6090456431
168,Overhead line,HVAC,1 × Mango SCST 183 MVA,"Overhead lines single circuit single tower, single conductor per phase. Rating calculated for summer day, 1m/s wind speed, and air temperature of 35oC.","1. Plant amount includes: Strain + Structural tower associated costs (steel tower with single earth peak, structural foundation steel, foundation leg steel, climbing barrier, fittings, insulators) and insulator and conductor. 85% suspension, 15% strain and 400m span. Sag and OPGW has been appropriately assigned
2. Civil and structural works includes: Tower concrete footing, soil tests, installation of tower and foundations
3. Electrical works includes: installation of conductor (setup, draw wires,stringing, clamping off), installation of OHEW/OPGW (draw wire, stringing, clamping off)
4. Secondary system and testing and commissioning is accounted in the terminating end in the substation switchbay cost", 132,km,296479.2378442324,306744.04074702883,78533.72495755517,0.0,38958.31178556467,0.0,75630.61741559149,167030.59255137655,113869.5652173913,1077246.0905187405
169,Overhead line,HVAC,2 × Paw Paw DCST 1594 MVA,"Overhead lines double circuit single tower, twin conductor per phase. Rating calculated for summer day, 1m/s wind speed, and air temperature of 35oC.","1. Plant amount includes: Strain + Structural tower associated costs (steel tower with single earth peak, structural foundation steel, foundation leg steel, climbing barrier, fittings, insulators) and insulator and conductor. 85% suspension, 15% strain and 400m span. Sag and OPGW has been appropriately assigned
2. Civil and structural works includes: Tower concrete footing, soil tests, installation of tower and foundations
3. Electrical works includes: installation of conductor (setup, draw wires,stringing, clamping off), installation of OHEW/OPGW (draw wire, stringing, clamping off)
4. Secondary system and testing and commissioning is accounted in the terminating end in the substation switchbay cost", 220,km,619021.7600589991,410295.1443123939,296016.49168081494,0.0,69117.44297028598,0.0,109952.31339030385,209981.31635030193,143568.44720496895,1857952.9159680684
170,Overhead line,HVAC,Stage 1 development: 2 × Paw Paw DCST 1594 MVA,"Construction of a double circuit tower with initially a single circuit strung. This reflects stage 1 of developing an Overhead lines double circuit single tower, twin conductor per phase. Rating calculated for summer day, 1m/s wind speed, and air temperature of 35oC.","1. Plant amount includes: Strain + Structural tower associated costs (steel tower with single earth peak, structural foundation steel, foundation leg steel, climbing barrier, fittings, insulators) and insulator and conductor. 85% suspension, 15% strain and 400m span. Sag and OPGW has been appropriately assigned
2. Civil and structural works includes: Tower concrete footing, soil tests, installation of tower and foundations
3. Electrical works includes: installation of conductor (setup, draw wires,stringing, clamping off), installation of OHEW/OPGW (draw wire, stringing, clamping off)
4. Secondary system and testing and commissioning is accounted in the terminating end in the substation switchbay cost", 220,km,464266.3200442493,410295.1443123939,148008.24584040747,0.0,69117.44297028598,0.0,109952.31339030385,209981.31635030193,143568.44720496895,1555189.2301129112
171,Overhead line,HVAC,Stage 2 development: 2 × Paw Paw DCST 1594 MVA,"Second circuit strung on the vacant side of the double circuit tower. This reflects stage 2 of developing an Overhead lines double circuit single tower, twin conductor per phase. Rating calculated for summer day, 1m/s wind speed, and air temperature of 35oC.","1. Plant amount includes: Strain + Structural tower associated costs (steel tower with single earth peak, structural foundation steel, foundation leg steel, climbing barrier, fittings, insulators) and insulator and conductor. 85% suspension, 15% strain and 400m span. Sag and OPGW has been appropriately assigned
2. Civil and structural works includes: Tower concrete footing, soil tests, installation of tower and foundations
3. Electrical works includes: installation of conductor (setup, draw wires,stringing, clamping off), installation of OHEW/OPGW (draw wire, stringing, clamping off)
4. Secondary system and testing and commissioning is accounted in the terminating end in the substation switchbay cost", 220,km,154755.44001474977,0.0,148008.24584040747,0.0,0.0,0.0,109952.31339030385,0.0,0.0,412715.9992454611
172,Overhead line,HVAC with HTLS conductor,2 × HTLS Conductor DCST 1955 MVA,"Overhead lines double circuit single tower, twin HTLS conductor per phase. Rating calculated for summer day, 1m/s wind speed, and air temperature of 35oC.","1. Plant amount includes: Strain + Structural tower associated costs (steel tower with single earth peak, structural foundation steel, foundation leg steel, climbing barrier, fittings, insulators) and insulator and conductor. 85% suspension, 15% strain and 400m span. Sag and OPGW has been appropriately assigned
2. Civil and structural works includes: Tower concrete footing, soil tests, installation of tower and foundations
3. Electrical works includes: installation of conductor (setup, draw wires,stringing, clamping off), installation of OHEW/OPGW (draw wire, stringing, clamping off)
4. Secondary system and testing and commisioning is accounted in the terminating end in the substation switchbay cost", 330,km,688193.4583094893,432979.4906621391,387902.4896434634,0.0,78364.82639633601,0.0,126108.01674486147,256113.57524544402,176010.0,2145671.857001733
173,Overhead line,HVAC with HTLS conductor,Stage 1 development: 2 × HTLS Conductor DCST 1955 MVA,"Construction of a double circuit tower with initially a single circuit strung. This reflects stage 1 of developing an Overhead lines double circuit single tower, twin HTLS conductor per phase. Rating calculated for summer day, 1m/s wind speed, and air temperature of 35oC.","1. Plant amount includes: Strain + Structural tower associated costs (steel tower with single earth peak, structural foundation steel, foundation leg steel, climbing barrier, fittings, insulators) and insulator and conductor. 85% suspension, 15% strain and 400m span. Sag and OPGW has been appropriately assigned
2. Civil and structural works includes: Tower concrete footing, soil tests, installation of tower and foundations
3. Electrical works includes: installation of conductor (setup, draw wires,stringing, clamping off), installation of OHEW/OPGW (draw wire, stringing, clamping off)
4. Secondary system and testing and commisioning is accounted in the terminating end in the substation switchbay cost", 330,km,516145.0937321169,432979.4906621391,193951.2448217317,0.0,78364.82639633601,0.0,126108.01674486147,256113.57524544402,176010.0,1779672.247602629
174,Overhead line,HVAC with HTLS conductor,Stage 2 development: 2 × HTLS Conductor DCST 1955 MVA,"Second circuit strung on the vacant side of the double circuit tower. This reflects stage 2 of developing an Overhead lines double circuit single tower, twin HTLS conductor per phase. Rating calculated for summer day, 1m/s wind speed, and air temperature of 35oC.","1. Plant amount includes: Strain + Structural tower associated costs (steel tower with single earth peak, structural foundation steel, foundation leg steel, climbing barrier, fittings, insulators) and insulator and conductor. 85% suspension, 15% strain and 400m span. Sag and OPGW has been appropriately assigned
2. Civil and structural works includes: Tower concrete footing, soil tests, installation of tower and foundations
3. Electrical works includes: installation of conductor (setup, draw wires,stringing, clamping off), installation of OHEW/OPGW (draw wire, stringing, clamping off)
4. Secondary system and testing and commisioning is accounted in the terminating end in the substation switchbay cost", 330,km,172048.36457737233,0.0,193951.2448217317,0.0,0.0,0.0,126108.01674486147,0.0,0.0,492107.6261439655
175,Overhead line,HVAC with HTLS conductor,3 × HTLS Conductor DCST 2342 MVA,"Overhead lines double circuit single tower, triple HTLS conductor per phase. Rating calculated for summer day, 1m/s wind speed, and air temperature of 35oC.","1. Plant amount includes: Strain + Structural tower associated costs (steel tower with single earth peak, structural foundation steel, foundation leg steel, climbing barrier, fittings, insulators) and insulator and conductor. 85% suspension, 15% strain and 400m span. Sag and OPGW has been appropriately assigned
2. Civil and structural works includes: Tower concrete footing, soil tests, installation of tower and foundations
3. Electrical works includes: installation of conductor (setup, draw wires,stringing, clamping off), installation of OHEW/OPGW (draw wire, stringing, clamping off)
4. Secondary system and testing and commisioning is accounted in the terminating end in the substation switchbay cost", 330,km,780852.8214289905,432979.4906621391,557838.4543293717,0.0,90718.37689901698,0.0,138461.56724754244,256113.57524544402,176010.0,2432974.285812505
176,Overhead line,HVAC with HTLS conductor,Stage 1 development: 3 × HTLS Conductor DCST 2342 MVA,"Construction of a double circuit tower with initially a single circuit strung. This reflects stage 1 of developing an Overhead lines double circuit single tower, triple HTLS conductor per phase. Rating calculated for summer day, 1m/s wind speed, and air temperature of 35oC.","1. Plant amount includes: Strain + Structural tower associated costs (steel tower with single earth peak, structural foundation steel, foundation leg steel, climbing barrier, fittings, insulators) and insulator and conductor. 85% suspension, 15% strain and 400m span. Sag and OPGW has been appropriately assigned
2. Civil and structural works includes: Tower concrete footing, soil tests, installation of tower and foundations
3. Electrical works includes: installation of conductor (setup, draw wires,stringing, clamping off), installation of OHEW/OPGW (draw wire, stringing, clamping off)
4. Secondary system and testing and commisioning is accounted in the terminating end in the substation switchbay cost", 330,km,585639.6160717428,432979.4906621391,278919.22716468584,0.0,90718.37689901698,0.0,138461.56724754244,256113.57524544402,176010.0,1958841.8532905711
177,Overhead line,HVAC with HTLS conductor,Stage 2 development: 3 × HTLS Conductor DCST 2342 MVA,"Second circuit strung on the vacant side of the double circuit tower. This reflects stage 2 of developing an Overhead lines double circuit single tower, triple HTLS conductor per phase. Rating calculated for summer day, 1m/s wind speed, and air temperature of 35oC.","1. Plant amount includes: Strain + Structural tower associated costs (steel tower with single earth peak, structural foundation steel, foundation leg steel, climbing barrier, fittings, insulators) and insulator and conductor. 85% suspension, 15% strain and 400m span. Sag and OPGW has been appropriately assigned
2. Civil and structural works includes: Tower concrete footing, soil tests, installation of tower and foundations
3. Electrical works includes: installation of conductor (setup, draw wires,stringing, clamping off), installation of OHEW/OPGW (draw wire, stringing, clamping off)
4. Secondary system and testing and commisioning is accounted in the terminating end in the substation switchbay cost", 330,km,195213.2053572476,0.0,278919.22716468584,0.0,0.0,0.0,138461.56724754244,0.0,0.0,612593.9997694759
178,Overhead line,HVAC with HTLS conductor,2 × HTLS Conductor SCST 855 MVA,"Overhead lines single circuit single tower, twin HTLS conductor per phase. Rating calculated for summer day, 1m/s wind speed, and air temperature of 35oC.","1. Plant amount includes: Strain + Structural tower associated costs (steel tower with single earth peak, structural foundation steel, foundation leg steel, climbing barrier, fittings, insulators) and insulator and conductor. 85% suspension, 15% strain and 400m span. Sag and OPGW has been appropriately assigned
2. Civil and structural works includes: Tower concrete footing, soil tests, installation of tower and foundations
3. Electrical works includes: installation of conductor (setup, draw wires,stringing, clamping off), installation of OHEW/OPGW (draw wire, stringing, clamping off)
4. Secondary system and testing and commisioning is accounted in the terminating end in the substation switchbay cost", 330,km,562432.2639057183,432979.4906621391,193951.2448217317,0.0,63407.2669319705,0.0,111150.45728049596,256113.57524544402,176010.0,1796044.2988474995
179,Overhead line,HVAC with HTLS conductor,2 × HTLS Conductor SCST 977 MVA,"Overhead lines single circuit single tower, twin HTLS conductor per phase. Rating calculated for summer day, 1m/s wind speed, and air temperature of 35oC.","1. Plant amount includes: Strain + Structural tower associated costs (steel tower with single earth peak, structural foundation steel, foundation leg steel, climbing barrier, fittings, insulators) and insulator and conductor. 85% suspension, 15% strain and 400m span. Sag and OPGW has been appropriately assigned
2. Civil and structural works includes: Tower concrete footing, soil tests, installation of tower and foundations
3. Electrical works includes: installation of conductor (setup, draw wires,stringing, clamping off), installation of OHEW/OPGW (draw wire, stringing, clamping off)
4. Secondary system and testing and commisioning is accounted in the terminating end in the substation switchbay cost", 330,km,562432.2639057183,432979.4906621391,193951.2448217317,0.0,63407.2669319705,0.0,111150.45728049596,256113.57524544402,176010.0,1796044.2988474995
180,Overhead line,HVAC with HTLS conductor,3 × HTLS Conductor SCST 1283 MVA,"Overhead lines single circuit single tower, triple HTLS conductor per phase. Rating calculated for summer day, 1m/s wind speed, and air temperature of 35oC.","1. Plant amount includes: Strain + Structural tower associated costs (steel tower with single earth peak, structural foundation steel, foundation leg steel, climbing barrier, fittings, insulators) and insulator and conductor. 85% suspension, 15% strain and 400m span. Sag and OPGW has been appropriately assigned
2. Civil and structural works includes: Tower concrete footing, soil tests, installation of tower and foundations
3. Electrical works includes: installation of conductor (setup, draw wires,stringing, clamping off), installation of OHEW/OPGW (draw wire, stringing, clamping off)
4. Secondary system and testing and commisioning is accounted in the terminating end in the substation switchbay cost", 330,km,608761.9454654689,432979.4906621391,278919.22716468584,0.0,69584.04218331097,0.0,117327.23253183643,256113.57524544402,176010.0,1939695.5132528853
181,Overhead line,HVAC with HTLS conductor,1 × HTLS Conductor DCST 525 MVA,"Overhead lines double circuit single tower, single HTLS conductor per phase. Rating calculated for summer day, 1m/s wind speed, and air temperature of 35oC.","1. Plant amount includes: Strain + Structural tower associated costs (steel tower with single earth peak, structural foundation steel, foundation leg steel, climbing barrier, fittings, insulators) and insulator and conductor. 85% suspension, 15% strain and 400m span. Sag and OPGW has been appropriately assigned
2. Civil and structural works includes: Tower concrete footing, soil tests, installation of tower and foundations
3. Electrical works includes: installation of conductor (setup, draw wires,stringing, clamping off), installation of OHEW/OPGW (draw wire, stringing, clamping off)
4. Secondary system and testing and commisioning is accounted in the terminating end in the substation switchbay cost", 275,km,529225.5664014464,412224.7198641766,208489.71952461798,0.0,61178.79833277479,0.0,104429.93327468722,227479.75937949377,156198.63354037268,1699227.1303175692
182,Overhead line,HVAC with HTLS conductor,Stage 1 development: 1 × HTLS Conductor DCST 525 MVA,"Construction of a double circuit tower with initially a single circuit strung. This reflects stage 1 of developing an Overhead lines double circuit single tower, single HTLS conductor per phase. Rating calculated for summer day, 1m/s wind speed, and air temperature of 35oC.","1. Plant amount includes: Strain + Structural tower associated costs (steel tower with single earth peak, structural foundation steel, foundation leg steel, climbing barrier, fittings, insulators) and insulator and conductor. 85% suspension, 15% strain and 400m span. Sag and OPGW has been appropriately assigned
2. Civil and structural works includes: Tower concrete footing, soil tests, installation of tower and foundations
3. Electrical works includes: installation of conductor (setup, draw wires,stringing, clamping off), installation of OHEW/OPGW (draw wire, stringing, clamping off)
4. Secondary system and testing and commisioning is accounted in the terminating end in the substation switchbay cost", 275,km,396919.17480108474,412224.7198641766,104244.85976230899,0.0,61178.79833277479,0.0,104429.93327468722,227479.75937949377,156198.63354037268,1462675.8789548986
183,Overhead line,HVAC with HTLS conductor,Stage 2 development: 1 × HTLS Conductor DCST 525 MVA,"Second circuit strung on the vacant side of the double circuit tower. This reflects stage 2 of developing an Overhead lines double circuit single tower, single HTLS conductor per phase. Rating calculated for summer day, 1m/s wind speed, and air temperature of 35oC.","1. Plant amount includes: Strain + Structural tower associated costs (steel tower with single earth peak, structural foundation steel, foundation leg steel, climbing barrier, fittings, insulators) and insulator and conductor. 85% suspension, 15% strain and 400m span. Sag and OPGW has been appropriately assigned
2. Civil and structural works includes: Tower concrete footing, soil tests, installation of tower and foundations
3. Electrical works includes: installation of conductor (setup, draw wires,stringing, clamping off), installation of OHEW/OPGW (draw wire, stringing, clamping off)
4. Secondary system and testing and commisioning is accounted in the terminating end in the substation switchbay cost", 275,km,132306.3916003616,0.0,104244.85976230899,0.0,0.0,0.0,104429.93327468722,0.0,0.0,340981.1846373578
184,Overhead line,HVAC with HTLS conductor,2 × HTLS Conductor DCST 1425 MVA,"Overhead lines double circuit single tower, twin HTLS conductor per phase. Rating calculated for summer day, 1m/s wind speed, and air temperature of 35oC.","1. Plant amount includes: Strain + Structural tower associated costs (steel tower with single earth peak, structural foundation steel, foundation leg steel, climbing barrier, fittings, insulators) and insulator and conductor. 85% suspension, 15% strain and 400m span. Sag and OPGW has been appropriately assigned
2. Civil and structural works includes: Tower concrete footing, soil tests, installation of tower and foundations
3. Electrical works includes: installation of conductor (setup, draw wires,stringing, clamping off), installation of OHEW/OPGW (draw wire, stringing, clamping off)
4. Secondary system and testing and commisioning is accounted in the terminating end in the substation switchbay cost", 275,km,617856.26155923,412224.7198641766,371037.16400679114,0.0,72995.23794403486,0.0,116246.37288594728,227479.75937949377,156198.63354037268,1974038.1491800463
185,Overhead line,HVAC with HTLS conductor,Stage 1 development: 2 × HTLS Conductor DCST 1425 MVA,"Construction of a double circuit tower with initially a single circuit strung. This reflects stage 1 of developing an Overhead lines double circuit single tower, twin HTLS conductor per phase. Rating calculated for summer day, 1m/s wind speed, and air temperature of 35oC.","1. Plant amount includes: Strain + Structural tower associated costs (steel tower with single earth peak, structural foundation steel, foundation leg steel, climbing barrier, fittings, insulators) and insulator and conductor. 85% suspension, 15% strain and 400m span. Sag and OPGW has been appropriately assigned
2. Civil and structural works includes: Tower concrete footing, soil tests, installation of tower and foundations
3. Electrical works includes: installation of conductor (setup, draw wires,stringing, clamping off), installation of OHEW/OPGW (draw wire, stringing, clamping off)
4. Secondary system and testing and commisioning is accounted in the terminating end in the substation switchbay cost", 275,km,463392.1961694226,412224.7198641766,185518.58200339557,0.0,72995.23794403486,0.0,116246.37288594728,227479.75937949377,156198.63354037268,1634055.5017868434
186,Overhead line,HVAC with HTLS conductor,Stage 2 development: 2 × HTLS Conductor DCST 1425 MVA,"Second circuit strung on the vacant side of the double circuit tower. This reflects stage 2 of developing an Overhead lines double circuit single tower, twin HTLS conductor per phase. Rating calculated for summer day, 1m/s wind speed, and air temperature of 35oC.","1. Plant amount includes: Strain + Structural tower associated costs (steel tower with single earth peak, structural foundation steel, foundation leg steel, climbing barrier, fittings, insulators) and insulator and conductor. 85% suspension, 15% strain and 400m span. Sag and OPGW has been appropriately assigned
2. Civil and structural works includes: Tower concrete footing, soil tests, installation of tower and foundations
3. Electrical works includes: installation of conductor (setup, draw wires,stringing, clamping off), installation of OHEW/OPGW (draw wire, stringing, clamping off)
4. Secondary system and testing and commisioning is accounted in the terminating end in the substation switchbay cost", 275,km,154464.0653898075,0.0,185518.58200339557,0.0,0.0,0.0,116246.37288594728,0.0,0.0,456229.0202791504
187,Overhead line,HVAC with HTLS conductor,3 × HTLS Conductor DCST 2138 MVA,"Overhead lines double circuit single tower, triple HTLS conductor per phase. Rating calculated for summer day, 1m/s wind speed, and air temperature of 35oC.","1. Plant amount includes: Strain + Structural tower associated costs (steel tower with single earth peak, structural foundation steel, foundation leg steel, climbing barrier, fittings, insulators) and insulator and conductor. 85% suspension, 15% strain and 400m span. Sag and OPGW has been appropriately assigned
2. Civil and structural works includes: Tower concrete footing, soil tests, installation of tower and foundations
3. Electrical works includes: installation of conductor (setup, draw wires,stringing, clamping off), installation of OHEW/OPGW (draw wire, stringing, clamping off)
4. Secondary system and testing and commisioning is accounted in the terminating end in the substation switchbay cost", 275,km,706486.956717014,412224.7198641766,533584.6084889643,0.0,84811.6775552949,0.0,128062.81249720733,227479.75937949377,156198.63354037268,2248849.168042524
188,Overhead line,HVAC with HTLS conductor,Stage 1 development: 3 × HTLS Conductor DCST 2138 MVA,"Construction of a double circuit tower with initially a single circuit strung. This reflects stage 1 of developing an Overhead lines double circuit single tower, triple HTLS conductor per phase. Rating calculated for summer day, 1m/s wind speed, and air temperature of 35oC.","1. Plant amount includes: Strain + Structural tower associated costs (steel tower with single earth peak, structural foundation steel, foundation leg steel, climbing barrier, fittings, insulators) and insulator and conductor. 85% suspension, 15% strain and 400m span. Sag and OPGW has been appropriately assigned
2. Civil and structural works includes: Tower concrete footing, soil tests, installation of tower and foundations
3. Electrical works includes: installation of conductor (setup, draw wires,stringing, clamping off), installation of OHEW/OPGW (draw wire, stringing, clamping off)
4. Secondary system and testing and commisioning is accounted in the terminating end in the substation switchbay cost", 275,km,529865.2175377605,412224.7198641766,266792.30424448213,0.0,84811.6775552949,0.0,128062.81249720733,227479.75937949377,156198.63354037268,1805435.124618788
189,Overhead line,HVAC with HTLS conductor,Stage 2 development: 3 × HTLS Conductor DCST 2138 MVA,"Second circuit strung on the vacant side of the double circuit tower. This reflects stage 2 of developing an Overhead lines double circuit single tower, triple HTLS conductor per phase. Rating calculated for summer day, 1m/s wind speed, and air temperature of 35oC.","1. Plant amount includes: Strain + Structural tower associated costs (steel tower with single earth peak, structural foundation steel, foundation leg steel, climbing barrier, fittings, insulators) and insulator and conductor. 85% suspension, 15% strain and 400m span. Sag and OPGW has been appropriately assigned
2. Civil and structural works includes: Tower concrete footing, soil tests, installation of tower and foundations
3. Electrical works includes: installation of conductor (setup, draw wires,stringing, clamping off), installation of OHEW/OPGW (draw wire, stringing, clamping off)
4. Secondary system and testing and commisioning is accounted in the terminating end in the substation switchbay cost", 275,km,176621.7391792535,0.0,266792.30424448213,0.0,0.0,0.0,128062.81249720733,0.0,0.0,571476.855920943
190,Overhead line,HVAC with HTLS conductor,1 × HTLS Conductor SCST 435 MVA,"Overhead lines single circuit single tower, single HTLS conductor per phase. Rating calculated for summer day, 1m/s wind speed, and air temperature of 35oC.","1. Plant amount includes: Strain + Structural tower associated costs (steel tower with single earth peak, structural foundation steel, foundation leg steel, climbing barrier, fittings, insulators) and insulator and conductor. 85% suspension, 15% strain and 400m span. Sag and OPGW has been appropriately assigned
2. Civil and structural works includes: Tower concrete footing, soil tests, installation of tower and foundations
3. Electrical works includes: installation of conductor (setup, draw wires,stringing, clamping off), installation of OHEW/OPGW (draw wire, stringing, clamping off)
4. Secondary system and testing and commisioning is accounted in the terminating end in the substation switchbay cost", 275,km,463170.17759476113,412224.7198641766,104244.85976230899,0.0,53205.41611734808,0.0,96456.55105926051,227479.75937949377,156198.63354037268,1512980.1173177217
191,Overhead line,HVAC with HTLS conductor,2 × HTLS Conductor SCST 713 MVA,"Overhead lines single circuit single tower, twin HTLS conductor per phase. Rating calculated for summer day, 1m/s wind speed, and air temperature of 35oC.","1. Plant amount includes: Strain + Structural tower associated costs (steel tower with single earth peak, structural foundation steel, foundation leg steel, climbing barrier, fittings, insulators) and insulator and conductor. 85% suspension, 15% strain and 400m span. Sag and OPGW has been appropriately assigned
2. Civil and structural works includes: Tower concrete footing, soil tests, installation of tower and foundations
3. Electrical works includes: installation of conductor (setup, draw wires,stringing, clamping off), installation of OHEW/OPGW (draw wire, stringing, clamping off)
4. Secondary system and testing and commisioning is accounted in the terminating end in the substation switchbay cost", 275,km,498702.3031309897,412224.7198641766,185518.58200339557,0.0,58736.8798774017,0.0,101988.01481931412,227479.75937949377,156198.63354037268,1640848.8926151441
192,Overhead line,HVAC with HTLS conductor,3 × HTLS Conductor SCST 1222 MVA,"Overhead lines single circuit single tower, triple HTLS conductor per phase. Rating calculated for summer day, 1m/s wind speed, and air temperature of 35oC.","1. Plant amount includes: Strain + Structural tower associated costs (steel tower with single earth peak, structural foundation steel, foundation leg steel, climbing barrier, fittings, insulators) and insulator and conductor. 85% suspension, 15% strain and 400m span. Sag and OPGW has been appropriately assigned
2. Civil and structural works includes: Tower concrete footing, soil tests, installation of tower and foundations
3. Electrical works includes: installation of conductor (setup, draw wires,stringing, clamping off), installation of OHEW/OPGW (draw wire, stringing, clamping off)
4. Secondary system and testing and commisioning is accounted in the terminating end in the substation switchbay cost", 275,km,569367.3168378714,412224.7198641766,266792.30424448213,0.0,65775.36781976094,0.0,109026.50276167337,227479.75937949377,156198.63354037268,1806864.604447831
193,Overhead line,HVAC with HTLS conductor,1 × HTLS Conductor DCST 521 MVA,"Overhead lines double circuit single tower, single HTLS conductor per phase. Rating calculated for summer day, 1m/s wind speed, and air temperature of 35oC.","1. Plant amount includes: Strain + Structural tower associated costs (steel tower with single earth peak, structural foundation steel, foundation leg steel, climbing barrier, fittings, insulators) and insulator and conductor. 85% suspension, 15% strain and 400m span. Sag and OPGW has been appropriately assigned
2. Civil and structural works includes: Tower concrete footing, soil tests, installation of tower and foundations
3. Electrical works includes: installation of conductor (setup, draw wires,stringing, clamping off), installation of OHEW/OPGW (draw wire, stringing, clamping off)
4. Secondary system and testing and commisioning is accounted in the terminating end in the substation switchbay cost", 220,km,488809.8243602953,410295.1443123939,208489.71952461798,0.0,59216.37624553173,0.0,100051.24666554961,209981.31635030193,143777.5155279503,1620621.142986641
194,Overhead line,HVAC with HTLS conductor,Stage 1 development: 1 × HTLS Conductor DCST 521 MVA,"Construction of a double circuit tower with initially a single circuit strung. This reflects stage 1 of developing an Overhead lines double circuit single tower, single HTLS conductor per phase. Rating calculated for summer day, 1m/s wind speed, and air temperature of 35oC.","1. Plant amount includes: Strain + Structural tower associated costs (steel tower with single earth peak, structural foundation steel, foundation leg steel, climbing barrier, fittings, insulators) and insulator and conductor. 85% suspension, 15% strain and 400m span. Sag and OPGW has been appropriately assigned
2. Civil and structural works includes: Tower concrete footing, soil tests, installation of tower and foundations
3. Electrical works includes: installation of conductor (setup, draw wires,stringing, clamping off), installation of OHEW/OPGW (draw wire, stringing, clamping off)
4. Secondary system and testing and commisioning is accounted in the terminating end in the substation switchbay cost", 220,km,366607.3682702215,410295.1443123939,104244.85976230899,0.0,59216.37624553173,0.0,100051.24666554961,209981.31635030193,143777.5155279503,1394173.827134258
195,Overhead line,HVAC with HTLS conductor,Stage 2 development: 1 × HTLS Conductor DCST 521 MVA,"Second circuit strung on the vacant side of the double circuit tower. This reflects stage 2 of developing an Overhead lines double circuit single tower, single HTLS conductor per phase. Rating calculated for summer day, 1m/s wind speed, and air temperature of 35oC.","1. Plant amount includes: Strain + Structural tower associated costs (steel tower with single earth peak, structural foundation steel, foundation leg steel, climbing barrier, fittings, insulators) and insulator and conductor. 85% suspension, 15% strain and 400m span. Sag and OPGW has been appropriately assigned
2. Civil and structural works includes: Tower concrete footing, soil tests, installation of tower and foundations
3. Electrical works includes: installation of conductor (setup, draw wires,stringing, clamping off), installation of OHEW/OPGW (draw wire, stringing, clamping off)
4. Secondary system and testing and commisioning is accounted in the terminating end in the substation switchbay cost", 220,km,122202.45609007383,0.0,104244.85976230899,0.0,0.0,0.0,100051.24666554961,0.0,0.0,326498.5625179324
196,Overhead line,HVAC with HTLS conductor,2 × HTLS Conductor DCST 1041 MVA,"Overhead lines double circuit single tower, twin HTLS conductor per phase. Rating calculated for summer day, 1m/s wind speed, and air temperature of 35oC.","1. Plant amount includes: Strain + Structural tower associated costs (steel tower with single earth peak, structural foundation steel, foundation leg steel, climbing barrier, fittings, insulators) and insulator and conductor. 85% suspension, 15% strain and 400m span. Sag and OPGW has been appropriately assigned
2. Civil and structural works includes: Tower concrete footing, soil tests, installation of tower and foundations
3. Electrical works includes: installation of conductor (setup, draw wires,stringing, clamping off), installation of OHEW/OPGW (draw wire, stringing, clamping off)
4. Secondary system and testing and commisioning is accounted in the terminating end in the substation switchbay cost", 220,km,542130.1925182814,410295.1443123939,371037.16400679114,0.0,69518.18044124219,0.0,110353.05086126007,209981.31635030193,143777.5155279503,1857092.564018221
197,Overhead line,HVAC with HTLS conductor,Stage 1 development: 2 × HTLS Conductor DCST 1041 MVA,"Construction of a double circuit tower with initially a single circuit strung. This reflects stage 1 of developing an Overhead lines double circuit single tower, twin HTLS conductor per phase. Rating calculated for summer day, 1m/s wind speed, and air temperature of 35oC.","1. Plant amount includes: Strain + Structural tower associated costs (steel tower with single earth peak, structural foundation steel, foundation leg steel, climbing barrier, fittings, insulators) and insulator and conductor. 85% suspension, 15% strain and 400m span. Sag and OPGW has been appropriately assigned
2. Civil and structural works includes: Tower concrete footing, soil tests, installation of tower and foundations
3. Electrical works includes: installation of conductor (setup, draw wires,stringing, clamping off), installation of OHEW/OPGW (draw wire, stringing, clamping off)
4. Secondary system and testing and commisioning is accounted in the terminating end in the substation switchbay cost", 220,km,406597.6443887111,410295.1443123939,185518.58200339557,0.0,69518.18044124219,0.0,110353.05086126007,209981.31635030193,143777.5155279503,1536041.4338852551
198,Overhead line,HVAC with HTLS conductor,Stage 2 development: 2 × HTLS Conductor DCST 1041 MVA,"Second circuit strung on the vacant side of the double circuit tower. This reflects stage 2 of developing an Overhead lines double circuit single tower, twin HTLS conductor per phase. Rating calculated for summer day, 1m/s wind speed, and air temperature of 35oC.","1. Plant amount includes: Strain + Structural tower associated costs (steel tower with single earth peak, structural foundation steel, foundation leg steel, climbing barrier, fittings, insulators) and insulator and conductor. 85% suspension, 15% strain and 400m span. Sag and OPGW has been appropriately assigned
2. Civil and structural works includes: Tower concrete footing, soil tests, installation of tower and foundations
3. Electrical works includes: installation of conductor (setup, draw wires,stringing, clamping off), installation of OHEW/OPGW (draw wire, stringing, clamping off)
4. Secondary system and testing and commisioning is accounted in the terminating end in the substation switchbay cost", 220,km,135532.54812957035,0.0,185518.58200339557,0.0,0.0,0.0,110353.05086126007,0.0,0.0,431404.180994226
199,Overhead line,HVAC with HTLS conductor,3 × HTLS Conductor DCST 1562 MVA,"Overhead lines double circuit single tower, triple HTLS conductor per phase. Rating calculated for summer day, 1m/s wind speed, and air temperature of 35oC.","1. Plant amount includes: Strain + Structural tower associated costs (steel tower with single earth peak, structural foundation steel, foundation leg steel, climbing barrier, fittings, insulators) and insulator and conductor. 85% suspension, 15% strain and 400m span. Sag and OPGW has been appropriately assigned
2. Civil and structural works includes: Tower concrete footing, soil tests, installation of tower and foundations
3. Electrical works includes: installation of conductor (setup, draw wires,stringing, clamping off), installation of OHEW/OPGW (draw wire, stringing, clamping off)
4. Secondary system and testing and commisioning is accounted in the terminating end in the substation switchbay cost", 220,km,666071.2146758629,410295.1443123939,533584.6084889643,0.0,82849.25546805184,0.0,123684.1258880697,209981.31635030193,143777.5155279503,2170243.180711595
200,Overhead line,HVAC with HTLS conductor,Stage 1 development: 3 × HTLS Conductor DCST 1562 MVA,"Construction of a double circuit tower with initially a single circuit strung. This reflects stage 1 of developing an Overhead lines double circuit single tower, triple HTLS conductor per phase. Rating calculated for summer day, 1m/s wind speed, and air temperature of 35oC.","1. Plant amount includes: Strain + Structural tower associated costs (steel tower with single earth peak, structural foundation steel, foundation leg steel, climbing barrier, fittings, insulators) and insulator and conductor. 85% suspension, 15% strain and 400m span. Sag and OPGW has been appropriately assigned
2. Civil and structural works includes: Tower concrete footing, soil tests, installation of tower and foundations
3. Electrical works includes: installation of conductor (setup, draw wires,stringing, clamping off), installation of OHEW/OPGW (draw wire, stringing, clamping off)
4. Secondary system and testing and commisioning is accounted in the terminating end in the substation switchbay cost", 220,km,499553.41100689716,410295.1443123939,266792.30424448213,0.0,82849.25546805184,0.0,123684.1258880697,209981.31635030193,143777.5155279503,1736933.072798147
201,Overhead line,HVAC with HTLS conductor,Stage 2 development: 3 × HTLS Conductor DCST 1562 MVA,"Second circuit strung on the vacant side of the double circuit tower. This reflects stage 2 of developing an Overhead lines double circuit single tower, triple HTLS conductor per phase. Rating calculated for summer day, 1m/s wind speed, and air temperature of 35oC.","1. Plant amount includes: Strain + Structural tower associated costs (steel tower with single earth peak, structural foundation steel, foundation leg steel, climbing barrier, fittings, insulators) and insulator and conductor. 85% suspension, 15% strain and 400m span. Sag and OPGW has been appropriately assigned
2. Civil and structural works includes: Tower concrete footing, soil tests, installation of tower and foundations
3. Electrical works includes: installation of conductor (setup, draw wires,stringing, clamping off), installation of OHEW/OPGW (draw wire, stringing, clamping off)
4. Secondary system and testing and commisioning is accounted in the terminating end in the substation switchbay cost", 220,km,166517.80366896573,0.0,266792.30424448213,0.0,0.0,0.0,123684.1258880697,0.0,0.0,556994.2338015176
202,Overhead line,HVAC with HTLS conductor,1 × HTLS Conductor SCST 372 MVA,"Overhead lines single circuit single tower, single HTLS conductor per phase. Rating calculated for summer day, 1m/s wind speed, and air temperature of 35oC.","1. Plant amount includes: Strain + Structural tower associated costs (steel tower with single earth peak, structural foundation steel, foundation leg steel, climbing barrier, fittings, insulators) and insulator and conductor. 85% suspension, 15% strain and 400m span. Sag and OPGW has been appropriately assigned
2. Civil and structural works includes: Tower concrete footing, soil tests, installation of tower and foundations
3. Electrical works includes: installation of conductor (setup, draw wires,stringing, clamping off), installation of OHEW/OPGW (draw wire, stringing, clamping off)
4. Secondary system and testing and commisioning is accounted in the terminating end in the substation switchbay cost", 220,km,449844.22227399965,410295.1443123939,104244.85976230899,0.0,52405.00961740393,0.0,93239.88003742181,209981.31635030193,143777.5155279503,1463787.9478817806
203,Overhead line,HVAC with HTLS conductor,2 × HTLS Conductor SCST 521 MVA,"Overhead lines single circuit single tower, twin HTLS conductor per phase. Rating calculated for summer day, 1m/s wind speed, and air temperature of 35oC.","1. Plant amount includes: Strain + Structural tower associated costs (steel tower with single earth peak, structural foundation steel, foundation leg steel, climbing barrier, fittings, insulators) and insulator and conductor. 85% suspension, 15% strain and 400m span. Sag and OPGW has been appropriately assigned
2. Civil and structural works includes: Tower concrete footing, soil tests, installation of tower and foundations
3. Electrical works includes: installation of conductor (setup, draw wires,stringing, clamping off), installation of OHEW/OPGW (draw wire, stringing, clamping off)
4. Secondary system and testing and commisioning is accounted in the terminating end in the substation switchbay cost", 220,km,441770.7555479152,410295.1443123939,185518.58200339557,0.0,56066.012807752464,0.0,96900.88322777032,209981.31635030193,143777.5155279503,1544310.2097774795
204,Overhead line,HVAC with HTLS conductor,3 × HTLS Conductor SCST 781 MVA,"Overhead lines single circuit single tower, triple HTLS conductor per phase. Rating calculated for summer day, 1m/s wind speed, and air temperature of 35oC.","1. Plant amount includes: Strain + Structural tower associated costs (steel tower with single earth peak, structural foundation steel, foundation leg steel, climbing barrier, fittings, insulators) and insulator and conductor. 85% suspension, 15% strain and 400m span. Sag and OPGW has been appropriately assigned
2. Civil and structural works includes: Tower concrete footing, soil tests, installation of tower and foundations
3. Electrical works includes: installation of conductor (setup, draw wires,stringing, clamping off), installation of OHEW/OPGW (draw wire, stringing, clamping off)
4. Secondary system and testing and commisioning is accounted in the terminating end in the substation switchbay cost", 220,km,503741.266626706,410295.1443123939,266792.30424448213,0.0,62731.55032115728,0.0,103566.42074117516,209981.31635030193,143777.5155279503,1700885.5181241669
205,Overhead line,HVAC with HTLS conductor,1 × HTLS Conductor DCST 174 MVA,"Overhead lines double circuit single tower, single HTLS conductor per phase. Rating calculated for summer day, 1m/s wind speed, and air temperature of 35oC.","1. Plant amount includes: Strain + Structural tower associated costs (steel tower with single earth peak, structural foundation steel, foundation leg steel, climbing barrier, fittings, insulators) and insulator and conductor. 85% suspension, 15% strain and 400m span. Sag and OPGW has been appropriately assigned
2. Civil and structural works includes: Tower concrete footing, soil tests, installation of tower and foundations
3. Electrical works includes: installation of conductor (setup, draw wires,stringing, clamping off), installation of OHEW/OPGW (draw wire, stringing, clamping off)
4. Secondary system and testing and commisioning is accounted in the terminating end in the substation switchbay cost", 132,km,342441.56557801936,306744.04074702883,192873.3555178268,0.0,46567.53951281836,0.0,83239.84514284517,167030.59255137655,113967.39130434784,1252864.3303542628
206,Overhead line,HVAC with HTLS conductor,Stage 1 development: 1 × HTLS Conductor DCST 174 MVA,"Construction of a double circuit tower with initially a single circuit strung. This reflects stage 1 of developing an Overhead lines double circuit single tower, single HTLS conductor per phase. Rating calculated for summer day, 1m/s wind speed, and air temperature of 35oC.","1. Plant amount includes: Strain + Structural tower associated costs (steel tower with single earth peak, structural foundation steel, foundation leg steel, climbing barrier, fittings, insulators) and insulator and conductor. 85% suspension, 15% strain and 400m span. Sag and OPGW has been appropriately assigned
2. Civil and structural works includes: Tower concrete footing, soil tests, installation of tower and foundations
3. Electrical works includes: installation of conductor (setup, draw wires,stringing, clamping off), installation of OHEW/OPGW (draw wire, stringing, clamping off)
4. Secondary system and testing and commisioning is accounted in the terminating end in the substation switchbay cost", 132,km,256831.17418351452,306744.04074702883,96436.6777589134,0.0,46567.53951281836,0.0,83239.84514284517,167030.59255137655,113967.39130434784,1070817.2612008445
207,Overhead line,HVAC with HTLS conductor,Stage 2 development: 1 × HTLS Conductor DCST 174 MVA,"Second circuit strung on the vacant side of the double circuit tower. This reflects stage 2 of developing an Overhead lines double circuit single tower, single HTLS conductor per phase. Rating calculated for summer day, 1m/s wind speed, and air temperature of 35oC.","1. Plant amount includes: Strain + Structural tower associated costs (steel tower with single earth peak, structural foundation steel, foundation leg steel, climbing barrier, fittings, insulators) and insulator and conductor. 85% suspension, 15% strain and 400m span. Sag and OPGW has been appropriately assigned
2. Civil and structural works includes: Tower concrete footing, soil tests, installation of tower and foundations
3. Electrical works includes: installation of conductor (setup, draw wires,stringing, clamping off), installation of OHEW/OPGW (draw wire, stringing, clamping off)
4. Secondary system and testing and commisioning is accounted in the terminating end in the substation switchbay cost", 132,km,85610.39139450484,0.0,96436.6777589134,0.0,0.0,0.0,83239.84514284517,0.0,0.0,265286.9142962634
208,Overhead line,HVAC with HTLS conductor,2 × HTLS Conductor DCST 504 MVA,"Overhead lines double circuit single tower, twin HTLS conductor per phase. Rating calculated for summer day, 1m/s wind speed, and air temperature of 35oC.","1. Plant amount includes: Strain + Structural tower associated costs (steel tower with single earth peak, structural foundation steel, foundation leg steel, climbing barrier, fittings, insulators) and insulator and conductor. 85% suspension, 15% strain and 400m span. Sag and OPGW has been appropriately assigned
2. Civil and structural works includes: Tower concrete footing, soil tests, installation of tower and foundations
3. Electrical works includes: installation of conductor (setup, draw wires,stringing, clamping off), installation of OHEW/OPGW (draw wire, stringing, clamping off)
4. Secondary system and testing and commisioning is accounted in the terminating end in the substation switchbay cost", 132,km,415610.8863962389,306744.04074702883,348032.2797962648,0.0,57356.46263614276,0.0,94028.76826616957,167030.59255137655,113967.39130434784,1502770.4216975693
209,Overhead line,HVAC with HTLS conductor,Stage 1 development: 2 × HTLS Conductor DCST 504 MVA,"Construction of a double circuit tower with initially a single circuit strung. This reflects stage 1 of developing an Overhead lines double circuit single tower, twin HTLS conductor per phase. Rating calculated for summer day, 1m/s wind speed, and air temperature of 35oC.","1. Plant amount includes: Strain + Structural tower associated costs (steel tower with single earth peak, structural foundation steel, foundation leg steel, climbing barrier, fittings, insulators) and insulator and conductor. 85% suspension, 15% strain and 400m span. Sag and OPGW has been appropriately assigned
2. Civil and structural works includes: Tower concrete footing, soil tests, installation of tower and foundations
3. Electrical works includes: installation of conductor (setup, draw wires,stringing, clamping off), installation of OHEW/OPGW (draw wire, stringing, clamping off)
4. Secondary system and testing and commisioning is accounted in the terminating end in the substation switchbay cost", 132,km,311708.16479717917,306744.04074702883,174016.1398981324,0.0,57356.46263614276,0.0,94028.76826616957,167030.59255137655,113967.39130434784,1224851.5602003771
210,Overhead line,HVAC with HTLS conductor,Stage 2 development: 2 × HTLS Conductor DCST 504 MVA,"Second circuit strung on the vacant side of the double circuit tower. This reflects stage 2 of developing an Overhead lines double circuit single tower, twin HTLS conductor per phase. Rating calculated for summer day, 1m/s wind speed, and air temperature of 35oC.","1. Plant amount includes: Strain + Structural tower associated costs (steel tower with single earth peak, structural foundation steel, foundation leg steel, climbing barrier, fittings, insulators) and insulator and conductor. 85% suspension, 15% strain and 400m span. Sag and OPGW has been appropriately assigned
2. Civil and structural works includes: Tower concrete footing, soil tests, installation of tower and foundations
3. Electrical works includes: installation of conductor (setup, draw wires,stringing, clamping off), installation of OHEW/OPGW (draw wire, stringing, clamping off)
4. Secondary system and testing and commisioning is accounted in the terminating end in the substation switchbay cost", 132,km,103902.72159905972,0.0,174016.1398981324,0.0,0.0,0.0,94028.76826616957,0.0,0.0,371947.6297633617
211,Overhead line,HVAC with HTLS conductor,3 × HTLS Conductor DCST 1026 MVA,"Overhead lines double circuit single tower, triple HTLS conductor per phase. Rating calculated for summer day, 1m/s wind speed, and air temperature of 35oC.","1. Plant amount includes: Strain + Structural tower associated costs (steel tower with single earth peak, structural foundation steel, foundation leg steel, climbing barrier, fittings, insulators) and insulator and conductor. 85% suspension, 15% strain and 400m span. Sag and OPGW has been appropriately assigned
2. Civil and structural works includes: Tower concrete footing, soil tests, installation of tower and foundations
3. Electrical works includes: installation of conductor (setup, draw wires,stringing, clamping off), installation of OHEW/OPGW (draw wire, stringing, clamping off)
4. Secondary system and testing and commisioning is accounted in the terminating end in the substation switchbay cost", 132,km,545943.7391036925,306744.04074702883,503191.2040747028,0.0,70597.41374204088,0.0,107269.71937206769,167030.59255137655,113967.39130434784,1814744.100895257
212,Overhead line,HVAC with HTLS conductor,Stage 1 development: 3 × HTLS Conductor DCST 1026 MVA,"Construction of a double circuit tower with initially a single circuit strung. This reflects stage 1 of developing an Overhead lines double circuit single tower, triple HTLS conductor per phase. Rating calculated for summer day, 1m/s wind speed, and air temperature of 35oC.","1. Plant amount includes: Strain + Structural tower associated costs (steel tower with single earth peak, structural foundation steel, foundation leg steel, climbing barrier, fittings, insulators) and insulator and conductor. 85% suspension, 15% strain and 400m span. Sag and OPGW has been appropriately assigned
2. Civil and structural works includes: Tower concrete footing, soil tests, installation of tower and foundations
3. Electrical works includes: installation of conductor (setup, draw wires,stringing, clamping off), installation of OHEW/OPGW (draw wire, stringing, clamping off)
4. Secondary system and testing and commisioning is accounted in the terminating end in the substation switchbay cost", 132,km,409457.8043277693,306744.04074702883,251595.6020373514,0.0,70597.41374204088,0.0,107269.71937206769,167030.59255137655,113967.39130434784,1426662.5640819825
213,Overhead line,HVAC with HTLS conductor,Stage 2 development: 3 × HTLS Conductor DCST 1026 MVA,"Second circuit strung on the vacant side of the double circuit tower. This reflects stage 2 of developing an Overhead lines double circuit single tower, triple HTLS conductor per phase. Rating calculated for summer day, 1m/s wind speed, and air temperature of 35oC.","1. Plant amount includes: Strain + Structural tower associated costs (steel tower with single earth peak, structural foundation steel, foundation leg steel, climbing barrier, fittings, insulators) and insulator and conductor. 85% suspension, 15% strain and 400m span. Sag and OPGW has been appropriately assigned
2. Civil and structural works includes: Tower concrete footing, soil tests, installation of tower and foundations
3. Electrical works includes: installation of conductor (setup, draw wires,stringing, clamping off), installation of OHEW/OPGW (draw wire, stringing, clamping off)
4. Secondary system and testing and commisioning is accounted in the terminating end in the substation switchbay cost", 132,km,136485.93477592312,0.0,251595.6020373514,0.0,0.0,0.0,107269.71937206769,0.0,0.0,495351.2561853422
214,Overhead line,HVAC with HTLS conductor,1 × HTLS Conductor SCST 126 MVA,"Overhead lines single circuit single tower, single HTLS conductor per phase. Rating calculated for summer day, 1m/s wind speed, and air temperature of 35oC.","1. Plant amount includes: Strain + Structural tower associated costs (steel tower with single earth peak, structural foundation steel, foundation leg steel, climbing barrier, fittings, insulators) and insulator and conductor. 85% suspension, 15% strain and 400m span. Sag and OPGW has been appropriately assigned
2. Civil and structural works includes: Tower concrete footing, soil tests, installation of tower and foundations
3. Electrical works includes: installation of conductor (setup, draw wires,stringing, clamping off), installation of OHEW/OPGW (draw wire, stringing, clamping off)
4. Secondary system and testing and commisioning is accounted in the terminating end in the substation switchbay cost", 132,km,293430.5161434733,306744.04074702883,96436.6777589134,0.0,39710.26703355395,0.0,76382.57266358075,167030.59255137655,113967.39130434784,1093702.0582022746
215,Overhead line,HVAC line diversion,Type 1 (4 × conductor/phase DCST),This is a very specific building block and the scope of work is based on the AEMO (VIC Planning) standard drawing specification for this diversion type,"Please refer to the standard general arrangement drawing showing the span length, tower type and route/condutor length", 500,lot,563441.2072047729,297745.2020373514,744409.1979626485,0.0,82469.52563237264,0.0,129040.8167047587,187074.2636575417,127983.13043478261,2132163.343634228
216,Overhead line,HVAC line diversion,Type 1 (3 × conductor/phase DCST),This is a very specific building block and the scope of work is based on the AEMO (VIC Planning) standard drawing specification for this diversion type,"Please refer to the standard general arrangement drawing showing the span length, tower type and route/condutor length", 500,lot,507039.85574072856,297745.2020373514,582619.5504244481,0.0,72072.92698626005,0.0,118644.21805864612,187074.2636575417,127983.13043478261,1893179.147339759
217,Overhead line,HVAC line diversion,Type 1 (2 × conductor/phase DCST),This is a very specific building block and the scope of work is based on the AEMO (VIC Planning) standard drawing specification for this diversion type,"Please refer to the standard general arrangement drawing showing the span length, tower type and route/condutor length", 500,lot,450638.50427668437,297745.2020373514,420829.9028862478,0.0,61676.32834014744,0.0,108247.6194125335,187074.2636575417,127983.13043478261,1654194.9510452887
218,Overhead line,HVAC line diversion,Type 1 (1 × conductor/phase DCST),This is a very specific building block and the scope of work is based on the AEMO (VIC Planning) standard drawing specification for this diversion type,"Please refer to the standard general arrangement drawing showing the span length, tower type and route/condutor length", 500,lot,394237.1528126401,297745.2020373514,259040.25534804753,0.0,51279.729694034846,0.0,97851.02076642092,187074.2636575417,127983.13043478261,1415210.7547508194
219,Overhead line,HVAC line diversion,Type 1 (4 × conductor/phase SCST),This is a very specific building block and the scope of work is based on the AEMO (VIC Planning) standard drawing specification for this diversion type,"Please refer to the standard general arrangement drawing showing the span length, tower type and route/condutor length", 500,lot,415808.57274329267,297745.2020373514,372204.59898132423,0.0,57784.76100184315,0.0,104356.05207422921,187074.2636575417,127983.13043478261,1562956.580930365
220,Overhead line,HVAC line diversion,Type 1 (3 × conductor/phase SCST),This is a very specific building block and the scope of work is based on the AEMO (VIC Planning) standard drawing specification for this diversion type,"Please refer to the standard general arrangement drawing showing the span length, tower type and route/condutor length", 500,lot,387607.8970112705,297745.2020373514,291309.77521222405,0.0,52586.46167878685,0.0,99157.75275117293,187074.2636575417,127983.13043478261,1443464.4827831304
221,Overhead line,HVAC line diversion,Type 1 (2 × conductor/phase SCST),This is a very specific building block and the scope of work is based on the AEMO (VIC Planning) standard drawing specification for this diversion type,"Please refer to the standard general arrangement drawing showing the span length, tower type and route/condutor length", 500,lot,359407.2212792484,297745.2020373514,210414.9514431239,0.0,47388.16235573055,0.0,93959.45342811663,187074.2636575417,127983.13043478261,1323972.3846358953
222,Overhead line,HVAC line diversion,Type 1 (1 × conductor/phase SCST),This is a very specific building block and the scope of work is based on the AEMO (VIC Planning) standard drawing specification for this diversion type,"Please refer to the standard general arrangement drawing showing the span length, tower type and route/condutor length", 500,lot,331206.54554722627,297745.2020373514,129520.12767402377,0.0,42189.86303267426,0.0,88761.15410506034,187074.2636575417,127983.13043478261,1204480.2864886606
223,Overhead line,HVAC line diversion,Type 1 (3 × conductor/phase DCST),This is a very specific building block and the scope of work is based on the AEMO (VIC Planning) standard drawing specification for this diversion type,"Please refer to the standard general arrangement drawing showing the span length, tower type and route/condutor length", 330,lot,447902.90898013464,213614.31578947362,425404.7511035653,0.0,57271.935422252005,0.0,106606.56544906166,179279.50267181083,123165.0,1553244.9794162977
224,Overhead line,HVAC line diversion,Type 1 (2 × conductor/phase DCST),This is a very specific building block and the scope of work is based on the AEMO (VIC Planning) standard drawing specification for this diversion type,"Please refer to the standard general arrangement drawing showing the span length, tower type and route/condutor length", 330,lot,386130.0002338005,213614.31578947362,307272.6275042444,0.0,48797.51913538873,0.0,98132.14916219837,179279.50267181083,123165.0,1356391.1144969165
225,Overhead line,HVAC line diversion,Type 1 (1 × conductor/phase DCST),This is a very specific building block and the scope of work is based on the AEMO (VIC Planning) standard drawing specification for this diversion type,"Please refer to the standard general arrangement drawing showing the span length, tower type and route/condutor length", 330,lot,324357.09148746636,213614.31578947362,189140.50390492356,0.0,40323.102848525465,0.0,89657.7328753351,179279.50267181083,123165.0,1159537.2495775349
226,Overhead line,HVAC line diversion,Type 1 (3 × conductor/phase SCST),This is a very specific building block and the scope of work is based on the AEMO (VIC Planning) standard drawing specification for this diversion type,"Please refer to the standard general arrangement drawing showing the span length, tower type and route/condutor length", 330,lot,327252.28251300775,213614.31578947362,212702.37555178264,0.0,41609.042945710455,0.0,90943.67297252009,179279.50267181083,123165.0,1188566.1924443054
227,Overhead line,HVAC line diversion,Type 1 (2 × conductor/phase SCST),This is a very specific building block and the scope of work is based on the AEMO (VIC Planning) standard drawing specification for this diversion type,"Please refer to the standard general arrangement drawing showing the span length, tower type and route/condutor length", 330,lot,296365.8281398407,213614.31578947362,153636.3137521222,0.0,37371.83480227881,0.0,86706.46482908847,179279.50267181083,123165.0,1090139.2599846146
228,Overhead line,HVAC line diversion,Type 1 (1 × conductor/phase SCST),This is a very specific building block and the scope of work is based on the AEMO (VIC Planning) standard drawing specification for this diversion type,"Please refer to the standard general arrangement drawing showing the span length, tower type and route/condutor length", 330,lot,265479.3737666736,213614.31578947362,94570.25195246178,0.0,33134.626658847184,0.0,82469.25668565682,179279.50267181083,123165.0,991712.3275249238
229,Overhead line,HVAC line diversion,Type 1 (3 × conductor/phase DCST),This is a very specific building block and the scope of work is based on the AEMO (VIC Planning) standard drawing specification for this diversion type,"Please refer to the standard general arrangement drawing showing the span length, tower type and route/condutor length", 275,lot,408646.55237663747,203554.9066213922,406908.89235993207,0.0,53774.41998436104,0.0,98547.80157506702,159235.83156564567,109329.71739130434,1439998.1218743399
230,Overhead line,HVAC line diversion,Type 1 (2 × conductor/phase DCST),This is a very specific building block and the scope of work is based on the AEMO (VIC Planning) standard drawing specification for this diversion type,"Please refer to the standard general arrangement drawing showing the span length, tower type and route/condutor length", 275,lot,349559.4222714483,203554.9066213922,293912.9480475382,0.0,45668.4565795353,0.0,90441.83817024129,159235.83156564567,109329.71739130434,1251703.1206471054
231,Overhead line,HVAC line diversion,Type 1 (1 × conductor/phase DCST),This is a very specific building block and the scope of work is based on the AEMO (VIC Planning) standard drawing specification for this diversion type,"Please refer to the standard general arrangement drawing showing the span length, tower type and route/condutor length", 275,lot,290472.29216625914,203554.9066213922,180917.0037351443,0.0,37562.49317470956,0.0,82335.87476541556,159235.83156564567,109329.71739130434,1063408.119419871
232,Overhead line,HVAC line diversion,Type 1 (3 × conductor/phase SCST),This is a very specific building block and the scope of work is based on the AEMO (VIC Planning) standard drawing specification for this diversion type,"Please refer to the standard general arrangement drawing showing the span length, tower type and route/condutor length", 275,lot,294102.394879178,203554.9066213922,203454.44617996603,0.0,38829.44637511171,0.0,83602.82796581769,159235.83156564567,109329.71739130434,1092109.5709784157
233,Overhead line,HVAC line diversion,Type 1 (2 × conductor/phase SCST),This is a very specific building block and the scope of work is based on the AEMO (VIC Planning) standard drawing specification for this diversion type,"Please refer to the standard general arrangement drawing showing the span length, tower type and route/condutor length", 275,lot,264558.82982658345,203554.9066213922,146956.4740237691,0.0,34776.46467269884,0.0,79549.84626340482,159235.83156564567,109329.71739130434,997962.0703647983
234,Overhead line,HVAC line diversion,Type 1 (1 × conductor/phase SCST),This is a very specific building block and the scope of work is based on the AEMO (VIC Planning) standard drawing specification for this diversion type,"Please refer to the standard general arrangement drawing showing the span length, tower type and route/condutor length", 275,lot,235015.26477398886,203554.9066213922,90458.50186757215,0.0,30723.482970285968,0.0,75496.86456099196,159235.83156564567,109329.71739130434,903814.5697511812
235,Overhead line,HVAC line diversion,Type 1 (3 × conductor/phase DCST),This is a very specific building block and the scope of work is based on the AEMO (VIC Planning) standard drawing specification for this diversion type,"Please refer to the standard general arrangement drawing showing the span length, tower type and route/condutor length", 220,lot,388864.2352940157,202783.07640067913,406908.89235993207,0.0,52766.98869526362,0.0,95124.10576407507,146986.92144521137,100584.00000000001,1394018.219959177
236,Overhead line,HVAC line diversion,Type 1 (2 × conductor/phase DCST),This is a very specific building block and the scope of work is based on the AEMO (VIC Planning) standard drawing specification for this diversion type,"Please refer to the standard general arrangement drawing showing the span length, tower type and route/condutor length", 220,lot,329777.10518882656,202783.07640067913,293912.9480475382,0.0,44661.025290437894,0.0,87018.14235924934,146986.92144521137,100584.00000000001,1205723.2187319424
237,Overhead line,HVAC line diversion,Type 1 (1 × conductor/phase DCST),This is a very specific building block and the scope of work is based on the AEMO (VIC Planning) standard drawing specification for this diversion type,"Please refer to the standard general arrangement drawing showing the span length, tower type and route/condutor length", 220,lot,270689.97508363734,202783.07640067913,180917.0037351443,0.0,36555.06188561215,0.0,78912.17895442358,146986.92144521137,100584.00000000001,1017428.2175047079
238,Overhead line,HVAC line diversion,Type 1 (3 × conductor/phase SCST),This is a very specific building block and the scope of work is based on the AEMO (VIC Planning) standard drawing specification for this diversion type,"Please refer to the standard general arrangement drawing showing the span length, tower type and route/condutor length", 220,lot,275180.8673546094,202783.07640067913,203454.44617996603,0.0,37858.9386282395,0.0,80216.05569705094,146986.92144521137,100584.00000000001,1047064.3057057564
239,Overhead line,HVAC line diversion,Type 1 (2 × conductor/phase SCST),This is a very specific building block and the scope of work is based on the AEMO (VIC Planning) standard drawing specification for this diversion type,"Please refer to the standard general arrangement drawing showing the span length, tower type and route/condutor length", 220,lot,245637.30230201487,202783.07640067913,146956.4740237691,0.0,33805.95692582663,0.0,76163.07399463808,146986.92144521137,100584.00000000001,952916.805092139
240,Overhead line,HVAC line diversion,Type 1 (1 × conductor/phase SCST),This is a very specific building block and the scope of work is based on the AEMO (VIC Planning) standard drawing specification for this diversion type,"Please refer to the standard general arrangement drawing showing the span length, tower type and route/condutor length", 220,lot,216093.7372494203,202783.07640067913,90458.50186757215,0.0,29752.975223413763,0.0,72110.0922922252,146986.92144521137,100584.00000000001,858769.3044785219
241,Overhead line,HVAC line diversion,Type 1 (3 × conductor/phase DCST),This is a very specific building block and the scope of work is based on the AEMO (VIC Planning) standard drawing specification for this diversion type,"Please refer to the standard general arrangement drawing showing the span length, tower type and route/condutor length", 132,lot,326338.2357017625,153149.82682512733,384624.04889643454,0.0,46149.73254021447,0.0,84275.09178954424,116921.41478596357,79838.80434782608,1191297.1548868727
242,Overhead line,HVAC line diversion,Type 1 (2 × conductor/phase DCST),This is a very specific building block and the scope of work is based on the AEMO (VIC Planning) standard drawing specification for this diversion type,"Please refer to the standard general arrangement drawing showing the span length, tower type and route/condutor length", 132,lot,269936.8842377183,153149.82682512733,276764.28387096775,0.0,38412.22201742627,0.0,76537.58126675602,116921.41478596357,79838.80434782608,1011561.0173517853
243,Overhead line,HVAC line diversion,Type 1 (1 × conductor/phase DCST),This is a very specific building block and the scope of work is based on the AEMO (VIC Planning) standard drawing specification for this diversion type,"Please refer to the standard general arrangement drawing showing the span length, tower type and route/condutor length", 132,lot,213535.53277367406,153149.82682512733,168904.51884550083,0.0,30674.711494638068,0.0,68800.07074396782,116921.41478596357,79838.80434782608,831824.8798166977
244,Overhead line,HVAC line diversion,Type 1 (3 × conductor/phase SCST),This is a very specific building block and the scope of work is based on the AEMO (VIC Planning) standard drawing specification for this diversion type,"Please refer to the standard general arrangement drawing showing the span length, tower type and route/condutor length", 132,lot,220977.88184609605,153149.82682512733,192312.02444821727,0.0,32148.090566353883,0.0,70273.44981568363,116921.41478596357,79838.80434782608,865621.4926352678
245,Overhead line,HVAC line diversion,Type 1 (2 × conductor/phase SCST),This is a very specific building block and the scope of work is based on the AEMO (VIC Planning) standard drawing specification for this diversion type,"Please refer to the standard general arrangement drawing showing the span length, tower type and route/condutor length", 132,lot,192777.20611407392,153149.82682512733,138382.14193548387,0.0,28279.335304959783,0.0,66404.69455428954,116921.41478596357,79838.80434782608,775753.4238677241
246,Overhead line,HVAC line diversion,Type 1 (1 × conductor/phase SCST),This is a very specific building block and the scope of work is based on the AEMO (VIC Planning) standard drawing specification for this diversion type,"Please refer to the standard general arrangement drawing showing the span length, tower type and route/condutor length", 132,lot,164576.53038205183,153149.82682512733,84452.25942275042,0.0,24410.580043565682,0.0,62535.93929289544,116921.41478596357,79838.80434782608,685885.3551001804
247,Overhead line,HVAC line diversion,Type 2 (4 × conductor/phase DCST),This is a very specific building block and the scope of work is based on the AEMO (VIC Planning) standard drawing specification for this diversion type,"Please refer to the standard general arrangement drawing showing the span length, tower type and route/condutor length", 500,lot,626378.5582673692,297745.2020373514,744409.1979626485,0.0,85169.22141487934,0.0,131740.5124872654,187074.2636575417,127983.13043478261,2200500.086261838
248,Overhead line,HVAC line diversion,Type 2 (3 × conductor/phase DCST),This is a very specific building block and the scope of work is based on the AEMO (VIC Planning) standard drawing specification for this diversion type,"Please refer to the standard general arrangement drawing showing the span length, tower type and route/condutor length", 500,lot,569977.2068033249,297745.2020373514,582619.5504244481,0.0,74772.62276876676,0.0,121343.9138411528,187074.2636575417,127983.13043478261,1961515.8899673685
249,Overhead line,HVAC line diversion,Type 2 (2 × conductor/phase DCST),This is a very specific building block and the scope of work is based on the AEMO (VIC Planning) standard drawing specification for this diversion type,"Please refer to the standard general arrangement drawing showing the span length, tower type and route/condutor length", 500,lot,513575.8553392807,297745.2020373514,420829.9028862478,0.0,64376.024122654155,0.0,110947.31519504021,187074.2636575417,127983.13043478261,1722531.6936728987
250,Overhead line,HVAC line diversion,Type 2 (1 × conductor/phase DCST),This is a very specific building block and the scope of work is based on the AEMO (VIC Planning) standard drawing specification for this diversion type,"Please refer to the standard general arrangement drawing showing the span length, tower type and route/condutor length", 500,lot,457174.5038752365,297745.2020373514,259040.25534804753,0.0,53979.42547654155,0.0,100550.71654892761,187074.2636575417,127983.13043478261,1483547.497378429
251,Overhead line,HVAC line diversion,Type 2 (4 × conductor/phase SCST),This is a very specific building block and the scope of work is based on the AEMO (VIC Planning) standard drawing specification for this diversion type,"Please refer to the standard general arrangement drawing showing the span length, tower type and route/condutor length", 500,lot,467384.29377721663,297745.2020373514,372204.59898132423,0.0,59997.100005697044,0.0,106568.3910780831,187074.2636575417,127983.13043478261,1618956.9799719967
252,Overhead line,HVAC line diversion,Type 2 (3 × conductor/phase SCST),This is a very specific building block and the scope of work is based on the AEMO (VIC Planning) standard drawing specification for this diversion type,"Please refer to the standard general arrangement drawing showing the span length, tower type and route/condutor length", 500,lot,439183.6180451945,297745.2020373514,291309.77521222405,0.0,54798.80068264074,0.0,101370.0917550268,187074.2636575417,127983.13043478261,1499464.8818247616
253,Overhead line,HVAC line diversion,Type 2 (2 × conductor/phase SCST),This is a very specific building block and the scope of work is based on the AEMO (VIC Planning) standard drawing specification for this diversion type,"Please refer to the standard general arrangement drawing showing the span length, tower type and route/condutor length", 500,lot,410982.9423131724,297745.2020373514,210414.9514431239,0.0,49600.50135958445,0.0,96171.79243197052,187074.2636575417,127983.13043478261,1379972.7836775272
254,Overhead line,HVAC line diversion,Type 2 (1 × conductor/phase SCST),This is a very specific building block and the scope of work is based on the AEMO (VIC Planning) standard drawing specification for this diversion type,"Please refer to the standard general arrangement drawing showing the span length, tower type and route/condutor length", 500,lot,382782.26658115024,297745.2020373514,129520.12767402377,0.0,44402.20203652814,0.0,90973.49310891422,187074.2636575417,127983.13043478261,1260480.6855302923
255,Overhead line,HVAC line diversion,Type 2 (3 × conductor/phase DCST),This is a very specific building block and the scope of work is based on the AEMO (VIC Planning) standard drawing specification for this diversion type,"Please refer to the standard general arrangement drawing showing the span length, tower type and route/condutor length", 330,lot,506638.5540164805,213614.31578947362,425404.7511035653,0.0,59791.3991510277,0.0,109126.02917783734,179279.50267181083,123165.0,1617019.5519101953
256,Overhead line,HVAC line diversion,Type 2 (2 × conductor/phase DCST),This is a very specific building block and the scope of work is based on the AEMO (VIC Planning) standard drawing specification for this diversion type,"Please refer to the standard general arrangement drawing showing the span length, tower type and route/condutor length", 330,lot,444865.6452701464,213614.31578947362,307272.6275042444,0.0,51316.98286416443,0.0,100651.61289097407,179279.50267181083,123165.0,1420165.6869908136
257,Overhead line,HVAC line diversion,Type 2 (1 × conductor/phase DCST),This is a very specific building block and the scope of work is based on the AEMO (VIC Planning) standard drawing specification for this diversion type,"Please refer to the standard general arrangement drawing showing the span length, tower type and route/condutor length", 330,lot,383092.73652381223,213614.31578947362,189140.50390492356,0.0,42842.56657730116,0.0,92177.19660411081,179279.50267181083,123165.0,1223311.8220714321
258,Overhead line,HVAC line diversion,Type 2 (3 × conductor/phase SCST),This is a very specific building block and the scope of work is based on the AEMO (VIC Planning) standard drawing specification for this diversion type,"Please refer to the standard general arrangement drawing showing the span length, tower type and route/condutor length", 330,lot,378446.2972272912,213614.31578947362,212702.37555178264,0.0,43805.00866845397,0.0,93139.63869526361,179279.50267181083,123165.0,1244152.138604076
259,Overhead line,HVAC line diversion,Type 2 (2 × conductor/phase SCST),This is a very specific building block and the scope of work is based on the AEMO (VIC Planning) standard drawing specification for this diversion type,"Please refer to the standard general arrangement drawing showing the span length, tower type and route/condutor length", 330,lot,347559.8428541241,213614.31578947362,153636.3137521222,0.0,39567.80052502233,0.0,88902.43055183197,179279.50267181083,123165.0,1145725.206144385
260,Overhead line,HVAC line diversion,Type 2 (1 × conductor/phase SCST),This is a very specific building block and the scope of work is based on the AEMO (VIC Planning) standard drawing specification for this diversion type,"Please refer to the standard general arrangement drawing showing the span length, tower type and route/condutor length", 330,lot,316673.388480957,213614.31578947362,94570.25195246178,0.0,35330.5923815907,0.0,84665.22240840035,179279.50267181083,123165.0,1047298.2736846943
261,Overhead line,HVAC line diversion,Type 2 (3 × conductor/phase DCST),This is a very specific building block and the scope of work is based on the AEMO (VIC Planning) standard drawing specification for this diversion type,"Please refer to the standard general arrangement drawing showing the span length, tower type and route/condutor length", 275,lot,460156.6220039447,203554.9066213922,406908.89235993207,0.0,55983.94287310098,0.0,100757.32446380696,159235.83156564567,109329.71739130434,1495927.2372791271
262,Overhead line,HVAC line diversion,Type 2 (2 × conductor/phase DCST),This is a very specific building block and the scope of work is based on the AEMO (VIC Planning) standard drawing specification for this diversion type,"Please refer to the standard general arrangement drawing showing the span length, tower type and route/condutor length", 275,lot,401069.49189875554,203554.9066213922,293912.9480475382,0.0,47877.97946827525,0.0,92651.36105898123,159235.83156564567,109329.71739130434,1307632.2360518926
263,Overhead line,HVAC line diversion,Type 2 (1 × conductor/phase DCST),This is a very specific building block and the scope of work is based on the AEMO (VIC Planning) standard drawing specification for this diversion type,"Please refer to the standard general arrangement drawing showing the span length, tower type and route/condutor length", 275,lot,341982.3617935664,203554.9066213922,180917.0037351443,0.0,39772.016063449504,0.0,84545.3976541555,159235.83156564567,109329.71739130434,1119337.234824658
264,Overhead line,HVAC line diversion,Type 2 (3 × conductor/phase SCST),This is a very specific building block and the scope of work is based on the AEMO (VIC Planning) standard drawing specification for this diversion type,"Please refer to the standard general arrangement drawing showing the span length, tower type and route/condutor length", 275,lot,338815.9236401387,203554.9066213922,203454.44617996603,0.0,40747.431847631815,0.0,85520.8134383378,159235.83156564567,109329.71739130434,1140659.0706844167
265,Overhead line,HVAC line diversion,Type 2 (2 × conductor/phase SCST),This is a very specific building block and the scope of work is based on the AEMO (VIC Planning) standard drawing specification for this diversion type,"Please refer to the standard general arrangement drawing showing the span length, tower type and route/condutor length", 275,lot,309272.3585875441,203554.9066213922,146956.4740237691,0.0,36694.45014521895,0.0,81467.83173592493,159235.83156564567,109329.71739130434,1046511.5700707993
266,Overhead line,HVAC line diversion,Type 2 (1 × conductor/phase SCST),This is a very specific building block and the scope of work is based on the AEMO (VIC Planning) standard drawing specification for this diversion type,"Please refer to the standard general arrangement drawing showing the span length, tower type and route/condutor length", 275,lot,279728.79353494954,203554.9066213922,90458.50186757215,0.0,32641.46844280608,0.0,77414.85003351206,159235.83156564567,109329.71739130434,952364.0694571821
267,Overhead line,HVAC line diversion,Type 2 (3 × conductor/phase DCST),This is a very specific building block and the scope of work is based on the AEMO (VIC Planning) standard drawing specification for this diversion type,"Please refer to the standard general arrangement drawing showing the span length, tower type and route/condutor length", 220,lot,435702.4532095167,202783.07640067913,406908.89235993207,0.0,54776.11264521895,0.0,97133.22971403039,146986.92144521137,100584.00000000001,1444874.6857745887
268,Overhead line,HVAC line diversion,Type 2 (2 × conductor/phase DCST),This is a very specific building block and the scope of work is based on the AEMO (VIC Planning) standard drawing specification for this diversion type,"Please refer to the standard general arrangement drawing showing the span length, tower type and route/condutor length", 220,lot,376615.32310432754,202783.07640067913,293912.9480475382,0.0,46670.149240393206,0.0,89027.26630920464,146986.92144521137,100584.00000000001,1256579.684547354
269,Overhead line,HVAC line diversion,Type 2 (1 × conductor/phase DCST),This is a very specific building block and the scope of work is based on the AEMO (VIC Planning) standard drawing specification for this diversion type,"Please refer to the standard general arrangement drawing showing the span length, tower type and route/condutor length", 220,lot,317528.1929991384,202783.07640067913,180917.0037351443,0.0,38564.18583556747,0.0,80921.30290437891,146986.92144521137,100584.00000000001,1068284.6833201195
270,Overhead line,HVAC line diversion,Type 2 (3 × conductor/phase SCST),This is a very specific building block and the scope of work is based on the AEMO (VIC Planning) standard drawing specification for this diversion type,"Please refer to the standard general arrangement drawing showing the span length, tower type and route/condutor length", 220,lot,315639.73688895535,202783.07640067913,203454.44617996603,0.0,39594.42062109026,0.0,81951.5376899017,146986.92144521137,100584.00000000001,1090994.1392258038
271,Overhead line,HVAC line diversion,Type 2 (2 × conductor/phase SCST),This is a very specific building block and the scope of work is based on the AEMO (VIC Planning) standard drawing specification for this diversion type,"Please refer to the standard general arrangement drawing showing the span length, tower type and route/condutor length", 220,lot,286096.17183636077,202783.07640067913,146956.4740237691,0.0,35541.43891867739,0.0,77898.55598748883,146986.92144521137,100584.00000000001,996846.6386121867
272,Overhead line,HVAC line diversion,Type 2 (1 × conductor/phase SCST),This is a very specific building block and the scope of work is based on the AEMO (VIC Planning) standard drawing specification for this diversion type,"Please refer to the standard general arrangement drawing showing the span length, tower type and route/condutor length", 220,lot,256552.60678376618,202783.07640067913,90458.50186757215,0.0,31488.457216264524,0.0,73845.57428507596,146986.92144521137,100584.00000000001,902699.1379985694
273,Overhead line,HVAC line diversion,Type 2 (3 × conductor/phase DCST),This is a very specific building block and the scope of work is based on the AEMO (VIC Planning) standard drawing specification for this diversion type,"Please refer to the standard general arrangement drawing showing the span length, tower type and route/condutor length", 132,lot,359870.14170945075,153149.82682512733,384624.04889643454,0.0,47588.08264075067,0.0,85713.44189008043,116921.41478596357,79838.80434782608,1227705.7610956335
274,Overhead line,HVAC line diversion,Type 2 (2 × conductor/phase DCST),This is a very specific building block and the scope of work is based on the AEMO (VIC Planning) standard drawing specification for this diversion type,"Please refer to the standard general arrangement drawing showing the span length, tower type and route/condutor length", 132,lot,303468.79024540656,153149.82682512733,276764.28387096775,0.0,39850.57211796247,0.0,77975.93136729223,116921.41478596357,79838.80434782608,1047969.6235605458
275,Overhead line,HVAC line diversion,Type 2 (1 × conductor/phase DCST),This is a very specific building block and the scope of work is based on the AEMO (VIC Planning) standard drawing specification for this diversion type,"Please refer to the standard general arrangement drawing showing the span length, tower type and route/condutor length", 132,lot,247067.4387813623,153149.82682512733,168904.51884550083,0.0,32113.061595174262,0.0,70238.42084450403,116921.41478596357,79838.80434782608,868233.4860254583
276,Overhead line,HVAC line diversion,Type 2 (3 × conductor/phase SCST),This is a very specific building block and the scope of work is based on the AEMO (VIC Planning) standard drawing specification for this diversion type,"Please refer to the standard general arrangement drawing showing the span length, tower type and route/condutor length", 132,lot,249942.75435363912,153149.82682512733,192312.02444821727,0.0,33390.53790214477,0.0,71515.89715147452,116921.41478596357,79838.80434782608,897071.2598143927
277,Overhead line,HVAC line diversion,Type 2 (2 × conductor/phase SCST),This is a very specific building block and the scope of work is based on the AEMO (VIC Planning) standard drawing specification for this diversion type,"Please refer to the standard general arrangement drawing showing the span length, tower type and route/condutor length", 132,lot,221742.078621617,153149.82682512733,138382.14193548387,0.0,29521.78264075067,0.0,67647.14189008043,116921.41478596357,79838.80434782608,807203.1910468489
278,Overhead line,HVAC line diversion,Type 2 (1 × conductor/phase SCST),This is a very specific building block and the scope of work is based on the AEMO (VIC Planning) standard drawing specification for this diversion type,"Please refer to the standard general arrangement drawing showing the span length, tower type and route/condutor length", 132,lot,193541.4028895949,153149.82682512733,84452.25942275042,0.0,25653.027379356565,0.0,63778.38662868633,116921.41478596357,79838.80434782608,717335.1222793052
279,Overhead line,HVAC line diversion,Type 3 (4 × conductor/phase DCST),This is a very specific building block and the scope of work is based on the AEMO (VIC Planning) standard drawing specification for this diversion type,"Please refer to the standard general arrangement drawing showing the span length, tower type and route/condutor length", 500,lot,498064.0722414367,297745.2020373514,744409.1979626485,0.0,79769.82984986596,0.0,126341.12092225201,187074.2636575417,127983.13043478261,2061386.817105879
280,Overhead line,HVAC line diversion,Type 3 (3 × conductor/phase DCST),This is a very specific building block and the scope of work is based on the AEMO (VIC Planning) standard drawing specification for this diversion type,"Please refer to the standard general arrangement drawing showing the span length, tower type and route/condutor length", 500,lot,441662.72077739245,297745.2020373514,582619.5504244481,0.0,69373.23120375334,0.0,115944.52227613941,187074.2636575417,127983.13043478261,1822402.6208114089
281,Overhead line,HVAC line diversion,Type 3 (2 × conductor/phase DCST),This is a very specific building block and the scope of work is based on the AEMO (VIC Planning) standard drawing specification for this diversion type,"Please refer to the standard general arrangement drawing showing the span length, tower type and route/condutor length", 500,lot,385261.36931334826,297745.2020373514,420829.9028862478,0.0,58976.63255764075,0.0,105547.92363002681,187074.2636575417,127983.13043478261,1583418.4245169396
282,Overhead line,HVAC line diversion,Type 3 (1 × conductor/phase DCST),This is a very specific building block and the scope of work is based on the AEMO (VIC Planning) standard drawing specification for this diversion type,"Please refer to the standard general arrangement drawing showing the span length, tower type and route/condutor length", 500,lot,328860.017849304,297745.2020373514,259040.25534804753,0.0,48580.033911528146,0.0,95151.3249839142,187074.2636575417,127983.13043478261,1344434.2282224698
283,Overhead line,HVAC line diversion,Type 3 (4 × conductor/phase SCST),This is a very specific building block and the scope of work is based on the AEMO (VIC Planning) standard drawing specification for this diversion type,"Please refer to the standard general arrangement drawing showing the span length, tower type and route/condutor length", 500,lot,361793.0678086289,297745.2020373514,372204.59898132423,0.0,55572.421997989266,0.0,102143.71307037534,187074.2636575417,127983.13043478261,1504516.3979879934
284,Overhead line,HVAC line diversion,Type 3 (3 × conductor/phase SCST),This is a very specific building block and the scope of work is based on the AEMO (VIC Planning) standard drawing specification for this diversion type,"Please refer to the standard general arrangement drawing showing the span length, tower type and route/condutor length", 500,lot,333592.39207660675,297745.2020373514,291309.77521222405,0.0,50374.122674932965,0.0,96945.41374731903,187074.2636575417,127983.13043478261,1385024.2998407586
285,Overhead line,HVAC line diversion,Type 3 (2 × conductor/phase SCST),This is a very specific building block and the scope of work is based on the AEMO (VIC Planning) standard drawing specification for this diversion type,"Please refer to the standard general arrangement drawing showing the span length, tower type and route/condutor length", 500,lot,305391.71634458465,297745.2020373514,210414.9514431239,0.0,45175.823351876665,0.0,91747.11442426275,187074.2636575417,127983.13043478261,1265532.2016935237
286,Overhead line,HVAC line diversion,Type 3 (1 × conductor/phase SCST),This is a very specific building block and the scope of work is based on the AEMO (VIC Planning) standard drawing specification for this diversion type,"Please refer to the standard general arrangement drawing showing the span length, tower type and route/condutor length", 500,lot,277191.0406125625,297745.2020373514,129520.12767402377,0.0,39977.52402882037,0.0,86548.81510120642,187074.2636575417,127983.13043478261,1146040.1035462888
287,Overhead line,HVAC line diversion,Type 3 (3 × conductor/phase DCST),This is a very specific building block and the scope of work is based on the AEMO (VIC Planning) standard drawing specification for this diversion type,"Please refer to the standard general arrangement drawing showing the span length, tower type and route/condutor length", 330,lot,387547.78256667434,213614.31578947362,425404.7511035653,0.0,54752.47169347631,0.0,104087.10172028595,179279.50267181083,123165.0,1487850.9255452864
288,Overhead line,HVAC line diversion,Type 3 (2 × conductor/phase DCST),This is a very specific building block and the scope of work is based on the AEMO (VIC Planning) standard drawing specification for this diversion type,"Please refer to the standard general arrangement drawing showing the span length, tower type and route/condutor length", 330,lot,325774.8738203402,213614.31578947362,307272.6275042444,0.0,46278.05540661304,0.0,95612.6854334227,179279.50267181083,123165.0,1290997.0606259047
289,Overhead line,HVAC line diversion,Type 3 (1 × conductor/phase DCST),This is a very specific building block and the scope of work is based on the AEMO (VIC Planning) standard drawing specification for this diversion type,"Please refer to the standard general arrangement drawing showing the span length, tower type and route/condutor length", 330,lot,264001.96507400606,213614.31578947362,189140.50390492356,0.0,37803.63911974977,0.0,87138.26914655943,179279.50267181083,123165.0,1094143.1957065233
290,Overhead line,HVAC line diversion,Type 3 (3 × conductor/phase SCST),This is a very specific building block and the scope of work is based on the AEMO (VIC Planning) standard drawing specification for this diversion type,"Please refer to the standard general arrangement drawing showing the span length, tower type and route/condutor length", 330,lot,274438.7864216099,213614.31578947362,212702.37555178264,0.0,39413.077222966924,0.0,88747.70724977658,179279.50267181083,123165.0,1131360.7649074206
291,Overhead line,HVAC line diversion,Type 3 (2 × conductor/phase SCST),This is a very specific building block and the scope of work is based on the AEMO (VIC Planning) standard drawing specification for this diversion type,"Please refer to the standard general arrangement drawing showing the span length, tower type and route/condutor length", 330,lot,243552.33204844283,213614.31578947362,153636.3137521222,0.0,35175.869079535296,0.0,84510.49910634494,179279.50267181083,123165.0,1032933.8324477295
292,Overhead line,HVAC line diversion,Type 3 (1 × conductor/phase SCST),This is a very specific building block and the scope of work is based on the AEMO (VIC Planning) standard drawing specification for this diversion type,"Please refer to the standard general arrangement drawing showing the span length, tower type and route/condutor length", 330,lot,212665.87767527575,213614.31578947362,94570.25195246178,0.0,30938.66093610366,0.0,80273.2909629133,179279.50267181083,123165.0,934506.8999880389
293,Overhead line,HVAC line diversion,Type 3 (3 × conductor/phase DCST),This is a very specific building block and the scope of work is based on the AEMO (VIC Planning) standard drawing specification for this diversion type,"Please refer to the standard general arrangement drawing showing the span length, tower type and route/condutor length", 275,lot,355728.23807357857,203554.9066213922,406908.89235993207,0.0,51564.89709562109,0.0,96338.27868632707,159235.83156564567,109329.71739130434,1382660.7617938013
294,Overhead line,HVAC line diversion,Type 3 (2 × conductor/phase DCST),This is a very specific building block and the scope of work is based on the AEMO (VIC Planning) standard drawing specification for this diversion type,"Please refer to the standard general arrangement drawing showing the span length, tower type and route/condutor length", 275,lot,296641.10796838935,203554.9066213922,293912.9480475382,0.0,43458.933690795355,0.0,88232.31528150135,159235.83156564567,109329.71739130434,1194365.7605665666
295,Overhead line,HVAC line diversion,Type 3 (1 × conductor/phase DCST),This is a very specific building block and the scope of work is based on the AEMO (VIC Planning) standard drawing specification for this diversion type,"Please refer to the standard general arrangement drawing showing the span length, tower type and route/condutor length", 275,lot,237553.97786320018,203554.9066213922,180917.0037351443,0.0,35352.97028596962,0.0,80126.3518766756,159235.83156564567,109329.71739130434,1006070.7593393319
296,Overhead line,HVAC line diversion,Type 3 (3 × conductor/phase SCST),This is a very specific building block and the scope of work is based on the AEMO (VIC Planning) standard drawing specification for this diversion type,"Please refer to the standard general arrangement drawing showing the span length, tower type and route/condutor length", 275,lot,247980.62144246566,203554.9066213922,203454.44617996603,0.0,36911.4609025916,0.0,81684.84249329758,159235.83156564567,109329.71739130434,1042151.826596663
297,Overhead line,HVAC line diversion,Type 3 (2 × conductor/phase SCST),This is a very specific building block and the scope of work is based on the AEMO (VIC Planning) standard drawing specification for this diversion type,"Please refer to the standard general arrangement drawing showing the span length, tower type and route/condutor length", 275,lot,218437.05638987108,203554.9066213922,146956.4740237691,0.0,32858.47920017873,0.0,77631.86079088472,159235.83156564567,109329.71739130434,948004.3259830457
298,Overhead line,HVAC line diversion,Type 3 (1 × conductor/phase SCST),This is a very specific building block and the scope of work is based on the AEMO (VIC Planning) standard drawing specification for this diversion type,"Please refer to the standard general arrangement drawing showing the span length, tower type and route/condutor length", 275,lot,188893.4913372765,203554.9066213922,90458.50186757215,0.0,28805.497497765864,0.0,73578.87908847185,159235.83156564567,109329.71739130434,853856.8253694285
299,Overhead line,HVAC line diversion,Type 3 (3 × conductor/phase DCST),This is a very specific building block and the scope of work is based on the AEMO (VIC Planning) standard drawing specification for this diversion type,"Please refer to the standard general arrangement drawing showing the span length, tower type and route/condutor length", 220,lot,340758.59717033815,202783.07640067913,406908.89235993207,0.0,50757.86474530831,0.0,93114.98181411975,146986.92144521137,100584.00000000001,1341894.3339355888
300,Overhead line,HVAC line diversion,Type 3 (2 × conductor/phase DCST),This is a very specific building block and the scope of work is based on the AEMO (VIC Planning) standard drawing specification for this diversion type,"Please refer to the standard general arrangement drawing showing the span length, tower type and route/condutor length", 220,lot,281671.4670651489,202783.07640067913,293912.9480475382,0.0,42651.901340482575,0.0,85009.01840929402,146986.92144521137,100584.00000000001,1153599.332708354
301,Overhead line,HVAC line diversion,Type 3 (1 × conductor/phase DCST),This is a very specific building block and the scope of work is based on the AEMO (VIC Planning) standard drawing specification for this diversion type,"Please refer to the standard general arrangement drawing showing the span length, tower type and route/condutor length", 220,lot,222584.3369599598,202783.07640067913,180917.0037351443,0.0,34545.93793565683,0.0,76903.05500446828,146986.92144521137,100584.00000000001,965304.3314811197
302,Overhead line,HVAC line diversion,Type 3 (3 × conductor/phase SCST),This is a very specific building block and the scope of work is based on the AEMO (VIC Planning) standard drawing specification for this diversion type,"Please refer to the standard general arrangement drawing showing the span length, tower type and route/condutor length", 220,lot,233454.57761208704,202783.07640067913,203454.44617996603,0.0,36123.45663538874,0.0,78480.57370420019,146986.92144521137,100584.00000000001,1001867.0519775326
303,Overhead line,HVAC line diversion,Type 3 (2 × conductor/phase SCST),This is a very specific building block and the scope of work is based on the AEMO (VIC Planning) standard drawing specification for this diversion type,"Please refer to the standard general arrangement drawing showing the span length, tower type and route/condutor length", 220,lot,203911.01255949246,202783.07640067913,146956.4740237691,0.0,32070.47493297587,0.0,74427.59200178731,146986.92144521137,100584.00000000001,907719.5513639151
304,Overhead line,HVAC line diversion,Type 3 (1 × conductor/phase SCST),This is a very specific building block and the scope of work is based on the AEMO (VIC Planning) standard drawing specification for this diversion type,"Please refer to the standard general arrangement drawing showing the span length, tower type and route/condutor length", 220,lot,174367.44750689785,202783.07640067913,90458.50186757215,0.0,28017.493230563003,0.0,70374.61029937444,146986.92144521137,100584.00000000001,813572.050750298
305,Overhead line,HVAC line diversion,Type 3 (3 × conductor/phase DCST),This is a very specific building block and the scope of work is based on the AEMO (VIC Planning) standard drawing specification for this diversion type,"Please refer to the standard general arrangement drawing showing the span length, tower type and route/condutor length", 132,lot,291898.9720450388,153149.82682512733,384624.04889643454,0.0,44711.38243967829,0.0,82836.74168900803,116921.41478596357,79838.80434782608,1153981.191029077
306,Overhead line,HVAC line diversion,Type 3 (2 × conductor/phase DCST),This is a very specific building block and the scope of work is based on the AEMO (VIC Planning) standard drawing specification for this diversion type,"Please refer to the standard general arrangement drawing showing the span length, tower type and route/condutor length", 132,lot,235497.6205809946,153149.82682512733,276764.28387096775,0.0,36973.87191689008,0.0,75099.23116621983,116921.41478596357,79838.80434782608,974245.0534939892
307,Overhead line,HVAC line diversion,Type 3 (1 × conductor/phase DCST),This is a very specific building block and the scope of work is based on the AEMO (VIC Planning) standard drawing specification for this diversion type,"Please refer to the standard general arrangement drawing showing the span length, tower type and route/condutor length", 132,lot,179096.26911695037,153149.82682512733,168904.51884550083,0.0,29236.361394101878,0.0,67361.72064343163,116921.41478596357,79838.80434782608,794508.9159589018
308,Overhead line,HVAC line diversion,Type 3 (3 × conductor/phase SCST),This is a very specific building block and the scope of work is based on the AEMO (VIC Planning) standard drawing specification for this diversion type,"Please refer to the standard general arrangement drawing showing the span length, tower type and route/condutor length", 132,lot,191105.6516895175,153149.82682512733,192312.02444821727,0.0,30905.643230563004,0.0,69031.00247989276,116921.41478596357,79838.80434782608,833264.3678071075
309,Overhead line,HVAC line diversion,Type 3 (2 × conductor/phase SCST),This is a very specific building block and the scope of work is based on the AEMO (VIC Planning) standard drawing specification for this diversion type,"Please refer to the standard general arrangement drawing showing the span length, tower type and route/condutor length", 132,lot,162904.9759574954,153149.82682512733,138382.14193548387,0.0,27036.887969168896,0.0,65162.247218498655,116921.41478596357,79838.80434782608,743396.2990395639
310,Overhead line,HVAC line diversion,Type 3 (1 × conductor/phase SCST),This is a very specific building block and the scope of work is based on the AEMO (VIC Planning) standard drawing specification for this diversion type,"Please refer to the standard general arrangement drawing showing the span length, tower type and route/condutor length", 132,lot,134704.30022547327,153149.82682512733,84452.25942275042,0.0,23168.132707774796,0.0,61293.491957104554,116921.41478596357,79838.80434782608,653528.23027202
311,Overhead line,HVAC line diversion,Type 4 (4 × conductor/phase DCST),This is a very specific building block and the scope of work is based on the AEMO (VIC Planning) standard drawing specification for this diversion type,"Please refer to the standard general arrangement drawing showing the span length, tower type and route/condutor length", 500,lot,502284.29348461714,290929.70730050927,394307.00984719855,0.0,59728.25913873995,0.0,82120.27669906167,80174.68442466075,54849.913043478264,1464394.1439382655
312,Overhead line,HVAC line diversion,Type 4 (3 × conductor/phase DCST),This is a very specific building block and the scope of work is based on the AEMO (VIC Planning) standard drawing specification for this diversion type,"Please refer to the standard general arrangement drawing showing the span length, tower type and route/condutor length", 500,lot,474083.6177525951,290929.70730050927,313412.1860780985,0.0,54529.95981568365,0.0,76921.97737600538,80174.68442466075,54849.913043478264,1344902.0457910306
313,Overhead line,HVAC line diversion,Type 4 (2 × conductor/phase DCST),This is a very specific building block and the scope of work is based on the AEMO (VIC Planning) standard drawing specification for this diversion type,"Please refer to the standard general arrangement drawing showing the span length, tower type and route/condutor length", 500,lot,445882.94202057295,290929.70730050927,232517.3623089983,0.0,49331.66049262735,0.0,71723.67805294906,80174.68442466075,54849.913043478264,1225409.9476437962
314,Overhead line,HVAC line diversion,Type 4 (1 × conductor/phase DCST),This is a very specific building block and the scope of work is based on the AEMO (VIC Planning) standard drawing specification for this diversion type,"Please refer to the standard general arrangement drawing showing the span length, tower type and route/condutor length", 500,lot,417682.26628855086,290929.70730050927,151622.53853989812,0.0,44133.36116957105,0.0,66525.37872989276,80174.68442466075,54849.913043478264,1105917.849496561
315,Overhead line,HVAC line diversion,Type 4 (4 × conductor/phase SCST),This is a very specific building block and the scope of work is based on the AEMO (VIC Planning) standard drawing specification for this diversion type,"Please refer to the standard general arrangement drawing showing the span length, tower type and route/condutor length", 500,lot,405337.1613858406,290929.70730050927,197153.50492359928,0.0,45848.786107573724,0.0,68240.80366789544,80174.68442466075,54849.913043478264,1142534.5608535574
316,Overhead line,HVAC line diversion,Type 4 (3 × conductor/phase SCST),This is a very specific building block and the scope of work is based on the AEMO (VIC Planning) standard drawing specification for this diversion type,"Please refer to the standard general arrangement drawing showing the span length, tower type and route/condutor length", 500,lot,391236.8235198296,290929.70730050927,156706.09303904924,0.0,43249.63644604557,0.0,65641.65400636729,80174.68442466075,54849.913043478264,1082788.51177994
317,Overhead line,HVAC line diversion,Type 4 (2 × conductor/phase SCST),This is a very specific building block and the scope of work is based on the AEMO (VIC Planning) standard drawing specification for this diversion type,"Please refer to the standard general arrangement drawing showing the span length, tower type and route/condutor length", 500,lot,377136.48565381847,290929.70730050927,116258.68115449915,0.0,40650.48678451742,0.0,63042.50434483914,80174.68442466075,54849.913043478264,1023042.4627063224
318,Overhead line,HVAC line diversion,Type 4 (1 × conductor/phase SCST),This is a very specific building block and the scope of work is based on the AEMO (VIC Planning) standard drawing specification for this diversion type,"Please refer to the standard general arrangement drawing showing the span length, tower type and route/condutor length", 500,lot,363036.14778780745,290929.70730050927,75811.26926994906,0.0,38051.33712298927,0.0,60443.35468331099,80174.68442466075,54849.913043478264,963296.413632705
319,Overhead line,HVAC line diversion,Type 4 (3 × conductor/phase DCST),This is a very specific building block and the scope of work is based on the AEMO (VIC Planning) standard drawing specification for this diversion type,"Please refer to the standard general arrangement drawing showing the span length, tower type and route/condutor length", 330,lot,401612.2421990145,207056.54329371813,228840.64380305598,0.0,42830.88338918677,0.0,66702.4785634495,76834.0725736332,52785.0,1076661.863822058
320,Overhead line,HVAC line diversion,Type 4 (2 × conductor/phase DCST),This is a very specific building block and the scope of work is based on the AEMO (VIC Planning) standard drawing specification for this diversion type,"Please refer to the standard general arrangement drawing showing the span length, tower type and route/condutor length", 330,lot,370725.7878258474,207056.54329371813,169774.58200339554,0.0,38593.67524575513,0.0,62465.27042001786,76834.0725736332,52785.0,978234.9313623672
321,Overhead line,HVAC line diversion,Type 4 (1 × conductor/phase DCST),This is a very specific building block and the scope of work is based on the AEMO (VIC Planning) standard drawing specification for this diversion type,"Please refer to the standard general arrangement drawing showing the span length, tower type and route/condutor length", 330,lot,339839.3334526804,207056.54329371813,110708.52020373513,0.0,34356.4671023235,0.0,58228.06227658623,76834.0725736332,52785.0,879807.9989026765
322,Overhead line,HVAC line diversion,Type 4 (3 × conductor/phase SCST),This is a very specific building block and the scope of work is based on the AEMO (VIC Planning) standard drawing specification for this diversion type,"Please refer to the standard general arrangement drawing showing the span length, tower type and route/condutor length", 330,lot,325933.1413185582,207056.54329371813,114420.32190152799,0.0,33942.97697162645,0.0,57814.57214588918,76834.0725736332,52785.0,868786.6282049529
323,Overhead line,HVAC line diversion,Type 4 (2 × conductor/phase SCST),This is a very specific building block and the scope of work is based on the AEMO (VIC Planning) standard drawing specification for this diversion type,"Please refer to the standard general arrangement drawing showing the span length, tower type and route/condutor length", 330,lot,310489.9141319746,207056.54329371813,84887.29100169777,0.0,31824.37289991063,0.0,55695.96807417336,76834.0725736332,52785.0,819573.1619751077
324,Overhead line,HVAC line diversion,Type 4 (1 × conductor/phase SCST),This is a very specific building block and the scope of work is based on the AEMO (VIC Planning) standard drawing specification for this diversion type,"Please refer to the standard general arrangement drawing showing the span length, tower type and route/condutor length", 330,lot,295046.6869453911,207056.54329371813,55354.26010186756,0.0,29705.768828194814,0.0,53577.36400245754,76834.0725736332,52785.0,770359.6957452624
325,Overhead line,HVAC line diversion,Type 4 (3 × conductor/phase DCST),This is a very specific building block and the scope of work is based on the AEMO (VIC Planning) standard drawing specification for this diversion type,"Please refer to the standard general arrangement drawing showing the span length, tower type and route/condutor length", 275,lot,359696.6715698468,197282.25466893037,218891.0505942275,0.0,39821.24745308312,0.0,61446.814924039325,68243.92781384812,46855.59316770187,992237.5601916771
326,Overhead line,HVAC line diversion,Type 4 (2 × conductor/phase DCST),This is a very specific building block and the scope of work is based on the AEMO (VIC Planning) standard drawing specification for this diversion type,"Please refer to the standard general arrangement drawing showing the span length, tower type and route/condutor length", 275,lot,330153.1065172522,197282.25466893037,162393.07843803056,0.0,35768.265750670245,0.0,57393.83322162645,68243.92781384812,46855.59316770187,898090.0595780598
327,Overhead line,HVAC line diversion,Type 4 (1 × conductor/phase DCST),This is a very specific building block and the scope of work is based on the AEMO (VIC Planning) standard drawing specification for this diversion type,"Please refer to the standard general arrangement drawing showing the span length, tower type and route/condutor length", 275,lot,300609.54146465764,197282.25466893037,105895.1062818336,0.0,31715.28404825737,0.0,53340.85151921358,68243.92781384812,46855.59316770187,803942.5589644425
328,Overhead line,HVAC line diversion,Type 4 (3 × conductor/phase SCST),This is a very specific building block and the scope of work is based on the AEMO (VIC Planning) standard drawing specification for this diversion type,"Please refer to the standard general arrangement drawing showing the span length, tower type and route/condutor length", 275,lot,288585.94842308975,197282.25466893037,109445.52529711375,0.0,31374.59075067024,0.0,53000.15822162645,68243.92781384812,46855.59316770187,794787.9983429806
329,Overhead line,HVAC line diversion,Type 4 (2 × conductor/phase SCST),This is a very specific building block and the scope of work is based on the AEMO (VIC Planning) standard drawing specification for this diversion type,"Please refer to the standard general arrangement drawing showing the span length, tower type and route/condutor length", 275,lot,273814.16589679243,197282.25466893037,81196.53921901528,0.0,29348.099899463807,0.0,50973.667370420015,68243.92781384812,46855.59316770187,747714.2480361719
330,Overhead line,HVAC line diversion,Type 4 (1 × conductor/phase SCST),This is a very specific building block and the scope of work is based on the AEMO (VIC Planning) standard drawing specification for this diversion type,"Please refer to the standard general arrangement drawing showing the span length, tower type and route/condutor length", 275,lot,259042.38337049514,197282.25466893037,52947.5531409168,0.0,27321.609048257375,0.0,48947.176519213586,68243.92781384812,46855.59316770187,700640.4977293633
331,Overhead line,HVAC line diversion,Type 4 (3 × conductor/phase DCST),This is a very specific building block and the scope of work is based on the AEMO (VIC Planning) standard drawing specification for this diversion type,"Please refer to the standard general arrangement drawing showing the span length, tower type and route/condutor length", 220,lot,335242.5027754188,196510.4244482173,218891.0505942275,0.0,38673.823838248434,0.0,59091.25904825738,62994.39490509058,43107.42857142858,954510.8841808885
332,Overhead line,HVAC line diversion,Type 4 (2 × conductor/phase DCST),This is a very specific building block and the scope of work is based on the AEMO (VIC Planning) standard drawing specification for this diversion type,"Please refer to the standard general arrangement drawing showing the span length, tower type and route/condutor length", 220,lot,305698.9377228242,196510.4244482173,162393.07843803056,0.0,34620.84213583557,0.0,55038.2773458445,62994.39490509058,43107.42857142858,860363.3835672713
333,Overhead line,HVAC line diversion,Type 4 (1 × conductor/phase DCST),This is a very specific building block and the scope of work is based on the AEMO (VIC Planning) standard drawing specification for this diversion type,"Please refer to the standard general arrangement drawing showing the span length, tower type and route/condutor length", 220,lot,276155.37267022964,196510.4244482173,105895.1062818336,0.0,30567.8604334227,0.0,50985.29564343164,62994.39490509058,43107.42857142858,766215.882953654
334,Overhead line,HVAC line diversion,Type 4 (3 × conductor/phase SCST),This is a very specific building block and the scope of work is based on the AEMO (VIC Planning) standard drawing specification for this diversion type,"Please refer to the standard general arrangement drawing showing the span length, tower type and route/condutor length", 220,lot,265409.7616719064,196510.4244482173,109445.52529711375,0.0,30281.98613717605,0.0,50699.42134718499,62994.39490509058,43107.42857142858,758448.9423781177
335,Overhead line,HVAC line diversion,Type 4 (2 × conductor/phase SCST),This is a very specific building block and the scope of work is based on the AEMO (VIC Planning) standard drawing specification for this diversion type,"Please refer to the standard general arrangement drawing showing the span length, tower type and route/condutor length", 220,lot,250637.9791456091,196510.4244482173,81196.53921901528,0.0,28255.495285969617,0.0,48672.93049597855,62994.39490509058,43107.42857142858,711375.1920713088
336,Overhead line,HVAC line diversion,Type 4 (1 × conductor/phase SCST),This is a very specific building block and the scope of work is based on the AEMO (VIC Planning) standard drawing specification for this diversion type,"Please refer to the standard general arrangement drawing showing the span length, tower type and route/condutor length", 220,lot,235866.19661931178,196510.4244482173,52947.5531409168,0.0,26229.00443476318,0.0,46646.43964477212,62994.39490509058,43107.42857142858,664301.4417645002
337,Overhead line,HVAC line diversion,Type 4 (3 × conductor/phase DCST),This is a very specific building block and the scope of work is based on the AEMO (VIC Planning) standard drawing specification for this diversion type,"Please refer to the standard general arrangement drawing showing the span length, tower type and route/condutor length", 132,lot,263976.55265872093,147162.29541595923,205152.47266553476,0.0,32275.376910187668,0.0,50611.52972520107,50109.17776541296,34216.63043478261,783504.0355757993
338,Overhead line,HVAC line diversion,Type 4 (2 × conductor/phase DCST),This is a very specific building block and the scope of work is based on the AEMO (VIC Planning) standard drawing specification for this diversion type,"Please refer to the standard general arrangement drawing showing the span length, tower type and route/condutor length", 132,lot,235775.87692669878,147162.29541595923,151222.59015280133,0.0,28406.621648793564,0.0,46742.77446380696,50109.17776541296,34216.63043478261,693635.9668082555
339,Overhead line,HVAC line diversion,Type 4 (1 × conductor/phase DCST),This is a very specific building block and the scope of work is based on the AEMO (VIC Planning) standard drawing specification for this diversion type,"Please refer to the standard general arrangement drawing showing the span length, tower type and route/condutor length", 132,lot,207575.2011946767,147162.29541595923,97292.7076400679,0.0,24537.866387399463,0.0,42874.01920241287,50109.17776541296,34216.63043478261,603767.8980407116
340,Overhead line,HVAC line diversion,Type 4 (3 × conductor/phase SCST),This is a very specific building block and the scope of work is based on the AEMO (VIC Planning) standard drawing specification for this diversion type,"Please refer to the standard general arrangement drawing showing the span length, tower type and route/condutor length", 132,lot,201995.9598282742,147162.29541595923,102576.23633276738,0.0,24559.056752680965,0.0,42895.20956769437,50109.17776541296,34216.63043478261,603514.5660975717
341,Overhead line,HVAC line diversion,Type 4 (2 × conductor/phase SCST),This is a very specific building block and the scope of work is based on the AEMO (VIC Planning) standard drawing specification for this diversion type,"Please refer to the standard general arrangement drawing showing the span length, tower type and route/condutor length", 132,lot,187895.62196226316,147162.29541595923,75611.29507640067,0.0,22624.679121983914,0.0,40960.83193699732,50109.17776541296,34216.63043478261,558580.5317137999
342,Overhead line,HVAC line diversion,Type 4 (1 × conductor/phase SCST),This is a very specific building block and the scope of work is based on the AEMO (VIC Planning) standard drawing specification for this diversion type,"Please refer to the standard general arrangement drawing showing the span length, tower type and route/condutor length", 132,lot,173795.2840962521,147162.29541595923,48646.35382003395,0.0,20690.301491286864,0.0,39026.454306300264,50109.17776541296,34216.63043478261,513646.4973300279
343,Overhead line,HVAC line diversion,Type 5 (4 × conductor/phase SCST),This is a very specific building block and the scope of work is based on the AEMO (VIC Planning) standard drawing specification for this diversion type,"Please refer to the standard general arrangement drawing showing the span length, tower type and route/condutor length", 500,lot,810674.3227716812,564820.6777589133,394307.00984719855,0.0,86461.21672587132,0.0,108853.23428619302,160349.3688493215,109699.82608695653,2235165.6563261356
344,Overhead line,HVAC line diversion,Type 5 (3 × conductor/phase SCST),This is a very specific building block and the scope of work is based on the AEMO (VIC Planning) standard drawing specification for this diversion type,"Please refer to the standard general arrangement drawing showing the span length, tower type and route/condutor length", 500,lot,782473.6470396592,564820.6777589133,313412.1860780985,0.0,81262.91740281502,0.0,103654.93496313674,160349.3688493215,109699.82608695653,2115673.5581789007
345,Overhead line,HVAC line diversion,Type 5 (2 × conductor/phase SCST),This is a very specific building block and the scope of work is based on the AEMO (VIC Planning) standard drawing specification for this diversion type,"Please refer to the standard general arrangement drawing showing the span length, tower type and route/condutor length", 500,lot,754272.9713076369,564820.6777589133,232517.3623089983,0.0,76064.61807975871,0.0,98456.63564008042,160349.3688493215,109699.82608695653,1996181.4600316656
346,Overhead line,HVAC line diversion,Type 5 (1 × conductor/phase SCST),This is a very specific building block and the scope of work is based on the AEMO (VIC Planning) standard drawing specification for this diversion type,"Please refer to the standard general arrangement drawing showing the span length, tower type and route/condutor length", 500,lot,726072.2955756149,564820.6777589133,151622.53853989812,0.0,70866.31875670241,0.0,93258.33631702414,160349.3688493215,109699.82608695653,1876689.3618844307
347,Overhead line,HVAC line diversion,Type 5 (3 × conductor/phase SCST),This is a very specific building block and the scope of work is based on the AEMO (VIC Planning) standard drawing specification for this diversion type,"Please refer to the standard general arrangement drawing showing the span length, tower type and route/condutor length", 330,lot,651866.2826371164,397718.6553480475,228840.64380305598,0.0,62966.38446157282,0.0,86837.97963583555,153668.1451472664,105570.0,1687468.0910328948
348,Overhead line,HVAC line diversion,Type 5 (2 × conductor/phase SCST),This is a very specific building block and the scope of work is based on the AEMO (VIC Planning) standard drawing specification for this diversion type,"Please refer to the standard general arrangement drawing showing the span length, tower type and route/condutor length", 330,lot,620979.8282639493,397718.6553480475,169774.58200339554,0.0,58729.17631814119,0.0,82600.77149240392,153668.1451472664,105570.0,1589041.1585732037
349,Overhead line,HVAC line diversion,Type 5 (1 × conductor/phase SCST),This is a very specific building block and the scope of work is based on the AEMO (VIC Planning) standard drawing specification for this diversion type,"Please refer to the standard general arrangement drawing showing the span length, tower type and route/condutor length", 330,lot,590093.3738907822,397718.6553480475,110708.52020373513,0.0,54491.96817470955,0.0,78363.56334897228,153668.1451472664,105570.0,1490614.2261135129
350,Overhead line,HVAC line diversion,Type 5 (3 × conductor/phase SCST),This is a very specific building block and the scope of work is based on the AEMO (VIC Planning) standard drawing specification for this diversion type,"Please refer to the standard general arrangement drawing showing the span length, tower type and route/condutor length", 275,lot,577171.8968461795,378882.8794567062,218891.0505942275,0.0,58103.91295799821,0.0,79729.48042895443,136487.85562769623,93711.18633540373,1542978.2622471657
351,Overhead line,HVAC line diversion,Type 5 (2 × conductor/phase SCST),This is a very specific building block and the scope of work is based on the AEMO (VIC Planning) standard drawing specification for this diversion type,"Please refer to the standard general arrangement drawing showing the span length, tower type and route/condutor length", 275,lot,547628.3317935849,378882.8794567062,162393.07843803056,0.0,54050.93125558535,0.0,75676.49872654155,136487.85562769623,93711.18633540373,1448830.7616335487
352,Overhead line,HVAC line diversion,Type 5 (1 × conductor/phase SCST),This is a very specific building block and the scope of work is based on the AEMO (VIC Planning) standard drawing specification for this diversion type,"Please refer to the standard general arrangement drawing showing the span length, tower type and route/condutor length", 275,lot,518084.7667409903,378882.8794567062,105895.1062818336,0.0,49997.949553172475,0.0,71623.51702412868,136487.85562769623,93711.18633540373,1354683.2610199312
353,Overhead line,HVAC line diversion,Type 5 (3 × conductor/phase SCST),This is a very specific building block and the scope of work is based on the AEMO (VIC Planning) standard drawing specification for this diversion type,"Please refer to the standard general arrangement drawing showing the span length, tower type and route/condutor length", 220,lot,530819.5233438128,377339.2190152801,218891.0505942275,0.0,55979.11034405719,0.0,76396.54555406614,125988.78981018116,86214.85714285716,1471629.0958044818
354,Overhead line,HVAC line diversion,Type 5 (2 × conductor/phase SCST),This is a very specific building block and the scope of work is based on the AEMO (VIC Planning) standard drawing specification for this diversion type,"Please refer to the standard general arrangement drawing showing the span length, tower type and route/condutor length", 220,lot,501275.9582912182,377339.2190152801,162393.07843803056,0.0,51926.128641644325,0.0,72343.56385165326,125988.78981018116,86214.85714285716,1377481.595190865
355,Overhead line,HVAC line diversion,Type 5 (1 × conductor/phase SCST),This is a very specific building block and the scope of work is based on the AEMO (VIC Planning) standard drawing specification for this diversion type,"Please refer to the standard general arrangement drawing showing the span length, tower type and route/condutor length", 220,lot,471732.39323862357,377339.2190152801,105895.1062818336,0.0,47873.14693923146,0.0,68290.58214924039,125988.78981018116,86214.85714285716,1283334.0945772473
356,Overhead line,HVAC line diversion,Type 5 (3 × conductor/phase SCST),This is a very specific building block and the scope of work is based on the AEMO (VIC Planning) standard drawing specification for this diversion type,"Please refer to the standard general arrangement drawing showing the span length, tower type and route/condutor length", 132,lot,403991.9196565484,279355.76230899827,205152.47266553476,0.0,44799.315247989274,0.0,63135.46806300268,100218.35553082592,68433.26086956522,1165086.5543424645
357,Overhead line,HVAC line diversion,Type 5 (2 × conductor/phase SCST),This is a very specific building block and the scope of work is based on the AEMO (VIC Planning) standard drawing specification for this diversion type,"Please refer to the standard general arrangement drawing showing the span length, tower type and route/condutor length", 132,lot,375791.2439245263,279355.76230899827,151222.59015280133,0.0,40930.55998659517,0.0,59266.71280160858,100218.35553082592,68433.26086956522,1075218.485574921
358,Overhead line,HVAC line diversion,Type 5 (1 × conductor/phase SCST),This is a very specific building block and the scope of work is based on the AEMO (VIC Planning) standard drawing specification for this diversion type,"Please refer to the standard general arrangement drawing showing the span length, tower type and route/condutor length", 132,lot,347590.5681925042,279355.76230899827,97292.7076400679,0.0,37061.80472520107,0.0,55397.95754021448,100218.35553082592,68433.26086956522,985350.416807377
359,Overhead line,HVAC line diversion,Type 6 (4 × conductor/phase DCST),This is a very specific building block and the scope of work is based on the AEMO (VIC Planning) standard drawing specification for this diversion type,"Please refer to the standard general arrangement drawing showing the span length, tower type and route/condutor length", 500,lot,1004568.5869692343,564820.6777589133,788614.0196943971,0.0,114220.16278820376,0.0,136612.18034852546,160349.3688493215,109699.82608695653,2878884.8224955522
360,Overhead line,HVAC line diversion,Type 6 (3 × conductor/phase DCST),This is a very specific building block and the scope of work is based on the AEMO (VIC Planning) standard drawing specification for this diversion type,"Please refer to the standard general arrangement drawing showing the span length, tower type and route/condutor length", 500,lot,948167.2355051902,564820.6777589133,626824.372156197,0.0,103823.56414209116,0.0,126215.58170241288,160349.3688493215,109699.82608695653,2639900.6262010825
361,Overhead line,HVAC line diversion,Type 6 (2 × conductor/phase DCST),This is a very specific building block and the scope of work is based on the AEMO (VIC Planning) standard drawing specification for this diversion type,"Please refer to the standard general arrangement drawing showing the span length, tower type and route/condutor length", 500,lot,891765.8840411459,564820.6777589133,465034.7246179966,0.0,93426.96549597855,0.0,115818.98305630025,160349.3688493215,109699.82608695653,2400916.4299066127
362,Overhead line,HVAC line diversion,Type 6 (1 × conductor/phase DCST),This is a very specific building block and the scope of work is based on the AEMO (VIC Planning) standard drawing specification for this diversion type,"Please refer to the standard general arrangement drawing showing the span length, tower type and route/condutor length", 500,lot,835364.5325771017,564820.6777589133,303245.07707979623,0.0,83030.36684986597,0.0,105422.38441018766,160349.3688493215,109699.82608695653,2161932.233612143
363,Overhead line,HVAC line diversion,Type 6 (3 × conductor/phase DCST),This is a very specific building block and the scope of work is based on the AEMO (VIC Planning) standard drawing specification for this diversion type,"Please refer to the standard general arrangement drawing showing the span length, tower type and route/condutor length", 330,lot,803224.484398029,397718.6553480475,457681.28760611196,0.0,80742.19729669346,0.0,104613.79247095619,153668.1451472664,105570.0,2103218.562267104
364,Overhead line,HVAC line diversion,Type 6 (2 × conductor/phase DCST),This is a very specific building block and the scope of work is based on the AEMO (VIC Planning) standard drawing specification for this diversion type,"Please refer to the standard general arrangement drawing showing the span length, tower type and route/condutor length", 330,lot,741451.5756516948,397718.6553480475,339549.1640067911,0.0,72267.78100983019,0.0,96139.37618409292,153668.1451472664,105570.0,1906364.6973477225
365,Overhead line,HVAC line diversion,Type 6 (1 × conductor/phase DCST),This is a very specific building block and the scope of work is based on the AEMO (VIC Planning) standard drawing specification for this diversion type,"Please refer to the standard general arrangement drawing showing the span length, tower type and route/condutor length", 330,lot,679678.6669053608,397718.6553480475,221417.04040747025,0.0,63793.36472296692,0.0,87664.95989722967,153668.1451472664,105570.0,1709510.8324283415
366,Overhead line,HVAC line diversion,Type 6 (3 × conductor/phase DCST),This is a very specific building block and the scope of work is based on the AEMO (VIC Planning) standard drawing specification for this diversion type,"Please refer to the standard general arrangement drawing showing the span length, tower type and route/condutor length", 275,lot,719393.3431396936,378882.8794567062,437782.101188455,0.0,74997.22636282396,0.0,96622.79383378016,136487.85562769623,93711.18633540373,1937877.385944559
367,Overhead line,HVAC line diversion,Type 6 (2 × conductor/phase DCST),This is a very specific building block and the scope of work is based on the AEMO (VIC Planning) standard drawing specification for this diversion type,"Please refer to the standard general arrangement drawing showing the span length, tower type and route/condutor length", 275,lot,660306.2130345044,378882.8794567062,324786.1568760611,0.0,66891.26295799822,0.0,88516.83042895442,136487.85562769623,93711.18633540373,1749582.3847173245
368,Overhead line,HVAC line diversion,Type 6 (1 × conductor/phase DCST),This is a very specific building block and the scope of work is based on the AEMO (VIC Planning) standard drawing specification for this diversion type,"Please refer to the standard general arrangement drawing showing the span length, tower type and route/condutor length", 275,lot,601219.0829293153,378882.8794567062,211790.2125636672,0.0,58785.299553172474,0.0,80410.86702412869,136487.85562769623,93711.18633540373,1561287.38349009
369,Overhead line,HVAC line diversion,Type 6 (3 × conductor/phase DCST),This is a very specific building block and the scope of work is based on the AEMO (VIC Planning) standard drawing specification for this diversion type,"Please refer to the standard general arrangement drawing showing the span length, tower type and route/condutor length", 220,lot,670485.0055508376,377339.2190152801,437782.101188455,0.0,72762.78574620196,0.0,93180.22095621089,125988.78981018116,86214.85714285716,1863752.979410024
370,Overhead line,HVAC line diversion,Type 6 (2 × conductor/phase DCST),This is a very specific building block and the scope of work is based on the AEMO (VIC Planning) standard drawing specification for this diversion type,"Please refer to the standard general arrangement drawing showing the span length, tower type and route/condutor length", 220,lot,611397.8754456484,377339.2190152801,324786.1568760611,0.0,64656.822341376224,0.0,85074.25755138516,125988.78981018116,86214.85714285716,1675457.9781827894
371,Overhead line,HVAC line diversion,Type 6 (1 × conductor/phase DCST),This is a very specific building block and the scope of work is based on the AEMO (VIC Planning) standard drawing specification for this diversion type,"Please refer to the standard general arrangement drawing showing the span length, tower type and route/condutor length", 220,lot,552310.7453404593,377339.2190152801,211790.2125636672,0.0,56550.858936550496,0.0,76968.29414655943,125988.78981018116,86214.85714285716,1487162.976955555
372,Overhead line,HVAC line diversion,Type 6 (3 × conductor/phase DCST),This is a very specific building block and the scope of work is based on the AEMO (VIC Planning) standard drawing specification for this diversion type,"Please refer to the standard general arrangement drawing showing the span length, tower type and route/condutor length", 132,lot,527953.1053174419,279355.76230899827,410304.9453310695,0.0,60231.95556300268,0.0,78568.10837801608,100218.35553082592,68433.26086956522,1525065.4932989196
373,Overhead line,HVAC line diversion,Type 6 (2 × conductor/phase DCST),This is a very specific building block and the scope of work is based on the AEMO (VIC Planning) standard drawing specification for this diversion type,"Please refer to the standard general arrangement drawing showing the span length, tower type and route/condutor length", 132,lot,471551.75385339756,279355.76230899827,302445.18030560267,0.0,52494.44504021447,0.0,70830.59785522788,100218.35553082592,68433.26086956522,1345329.3557638319
374,Overhead line,HVAC line diversion,Type 6 (1 × conductor/phase DCST),This is a very specific building block and the scope of work is based on the AEMO (VIC Planning) standard drawing specification for this diversion type,"Please refer to the standard general arrangement drawing showing the span length, tower type and route/condutor length", 132,lot,415150.4023893534,279355.76230899827,194585.4152801358,0.0,44756.93451742627,0.0,63093.087332439674,100218.35553082592,68433.26086956522,1165593.2182287446
375,Station,Transformer,2 winding Tx (3ph) 1000MVA,"Transformers and associated civil, structural, electrical and secondary system","1. Plant amount includes: transformer and surge arrester 
2. Civil and structural works includes: foundation, drainage building, firewall, all civil work for control cabling, gantry and busbar
3. Electrical works includes: cabling, termination, control panel, bus connection, installation of surge arrestor and earth switch, and marshalling kiosk
4. Secondary systems includes: control panel equipments
5. Design and survey includes: civil design, primary design, secondary design, protection setting etc 
6. Contractor project management and overheads is allocated $0 at individual major plant level because it will be accounted for overall in the substation level building block", 500/330,ea.,12671778.711387532,2227504.2444821727,1049154.4991511034,104268.43169625179,517300.2680965147,131422.7504244482,0.0,0.0,0.0,16701428.905238021
376,Station,Transformer,2 winding Tx (3ph) 1500MVA,"Transformers and associated civil, structural, electrical and secondary system","1. Plant amount includes: transformer and surge arrester 
2. Civil and structural works includes: foundation, drainage building, firewall, all civil work for control cabling, gantry and busbar
3. Electrical works includes: cabling, termination, control panel, bus connection, installation of surge arrestor and earth switch, and marshalling kiosk
4. Secondary systems includes: control panel equipments
5. Design and survey includes: civil design, primary design, secondary design, protection setting etc 
6. Contractor project management and overheads is allocated $0 at individual major plant level because it will be accounted for overall in the substation level building block", 500/330,ea.,16851151.375549626,2227504.2444821727,1394417.6570458403,104268.43169625179,687537.0866845397,174859.08319185057,0.0,0.0,0.0,21439737.878650278
377,Station,Transformer,2 winding Tx (3ph) 2000MVA,"Transformers and associated civil, structural, electrical and secondary system","1. Plant amount includes: transformer and surge arrester 
2. Civil and structural works includes: foundation, drainage building, firewall, all civil work for control cabling, gantry and busbar
3. Electrical works includes: cabling, termination, control panel, bus connection, installation of surge arrestor and earth switch, and marshalling kiosk
4. Secondary systems includes: control panel equipments
5. Design and survey includes: civil design, primary design, secondary design, protection setting etc 
6. Contractor project management and overheads is allocated $0 at individual major plant level because it will be accounted for overall in the substation level building block", 500/330,ea.,20427813.20540703,2227504.2444821727,1690675.7215619693,104268.43169625179,833611.2600536193,211612.90322580643,0.0,0.0,0.0,25495485.76642685
378,Station,Transformer,2 winding Tx (3ph) 500MVA,"Transformers and associated civil, structural, electrical and secondary system","1. Plant amount includes: transformer and surge arrester 
2. Civil and structural works includes: foundation, drainage building, firewall, all civil work for control cabling, gantry and busbar
3. Electrical works includes: cabling, termination, control panel, bus connection, installation of surge arrestor and earth switch, and marshalling kiosk
4. Secondary systems includes: control panel equipments
5. Design and survey includes: civil design, primary design, secondary design, protection setting etc 
6. Contractor project management and overheads is allocated $0 at individual major plant level because it will be accounted for overall in the substation level building block", 500/275,ea.,7565444.209660317,2227504.2444821727,627042.4448217317,104268.43169625179,309721.17962466483,79076.40067911714,0.0,0.0,0.0,10913056.910964254
379,Station,Transformer,2 winding Tx (3ph) 1000MVA,"Transformers and associated civil, structural, electrical and secondary system","1. Plant amount includes: transformer and surge arrester 
2. Civil and structural works includes: foundation, drainage building, firewall, all civil work for control cabling, gantry and busbar
3. Electrical works includes: cabling, termination, control panel, bus connection, installation of surge arrestor and earth switch, and marshalling kiosk
4. Secondary systems includes: control panel equipments
5. Design and survey includes: civil design, primary design, secondary design, protection setting etc 
6. Contractor project management and overheads is allocated $0 at individual major plant level because it will be accounted for overall in the substation level building block", 500/275,ea.,12671778.711387532,2227504.2444821727,1049154.4991511034,104268.43169625179,517300.2680965147,131422.7504244482,0.0,0.0,0.0,16701428.905238021
380,Station,Transformer,2 winding Tx (3ph) 1500MVA,"Transformers and associated civil, structural, electrical and secondary system","1. Plant amount includes: transformer and surge arrester 
2. Civil and structural works includes: foundation, drainage building, firewall, all civil work for control cabling, gantry and busbar
3. Electrical works includes: cabling, termination, control panel, bus connection, installation of surge arrestor and earth switch, and marshalling kiosk
4. Secondary systems includes: control panel equipments
5. Design and survey includes: civil design, primary design, secondary design, protection setting etc 
6. Contractor project management and overheads is allocated $0 at individual major plant level because it will be accounted for overall in the substation level building block", 500/275,ea.,16851151.375549626,2227504.2444821727,1394417.6570458403,104268.43169625179,687537.0866845397,174859.08319185057,0.0,0.0,0.0,21439737.878650278
381,Station,Transformer,2 winding Tx (3ph) 1000MVA,"Transformers and associated civil, structural, electrical and secondary system","1. Plant amount includes: transformer and surge arrester 
2. Civil and structural works includes: foundation, drainage building, firewall, all civil work for control cabling, gantry and busbar
3. Electrical works includes: cabling, termination, control panel, bus connection, installation of surge arrestor and earth switch, and marshalling kiosk
4. Secondary systems includes: control panel equipments
5. Design and survey includes: civil design, primary design, secondary design, protection setting etc 
6. Contractor project management and overheads is allocated $0 at individual major plant level because it will be accounted for overall in the substation level building block", 500/220,ea.,12671778.711387532,2227504.2444821727,1049154.4991511034,104268.43169625179,517300.2680965147,131422.7504244482,0.0,0.0,0.0,16701428.905238021
382,Station,Transformer,2 winding Tx (3ph) 750MVA,"Transformers and associated civil, structural, electrical and secondary system","1. Plant amount includes: transformer and surge arrester 
2. Civil and structural works includes: foundation, drainage building, firewall, all civil work for control cabling, gantry and busbar
3. Electrical works includes: cabling, termination, control panel, bus connection, installation of surge arrestor and earth switch, and marshalling kiosk
4. Secondary systems includes: control panel equipments
5. Design and survey includes: civil design, primary design, secondary design, protection setting etc 
6. Contractor project management and overheads is allocated $0 at individual major plant level because it will be accounted for overall in the substation level building block", 500/220,ea.,10269598.568912368,2227504.2444821727,849792.8692699489,104268.43169625179,419551.3851653262,106920.2037351443,0.0,0.0,0.0,13977635.703261212
383,Station,Transformer,2 winding Tx (3ph) 600MVA,"Transformers and associated civil, structural, electrical and secondary system","1. Plant amount includes: transformer and surge arrester 
2. Civil and structural works includes: foundation, drainage building, firewall, all civil work for control cabling, gantry and busbar
3. Electrical works includes: cabling, termination, control panel, bus connection, installation of surge arrestor and earth switch, and marshalling kiosk
4. Secondary systems includes: control panel equipments
5. Design and survey includes: civil design, primary design, secondary design, protection setting etc 
6. Contractor project management and overheads is allocated $0 at individual major plant level because it will be accounted for overall in the substation level building block", 500/220,ea.,8690421.927079134,2227504.2444821727,719483.8709677418,104268.43169625179,354751.563896336,90213.921901528,0.0,0.0,0.0,12186643.960023163
384,Station,Transformer,2 winding Tx (3ph) 1500MVA,"Transformers and associated civil, structural, electrical and secondary system","1. Plant amount includes: transformer and surge arrester 
2. Civil and structural works includes: foundation, drainage building, firewall, all civil work for control cabling, gantry and busbar
3. Electrical works includes: cabling, termination, control panel, bus connection, installation of surge arrestor and earth switch, and marshalling kiosk
4. Secondary systems includes: control panel equipments
5. Design and survey includes: civil design, primary design, secondary design, protection setting etc 
6. Contractor project management and overheads is allocated $0 at individual major plant level because it will be accounted for overall in the substation level building block", 330/275,ea.,16851151.375549626,1670628.1833616297,1394417.6570458403,104268.43169625179,687537.0866845397,174859.08319185057,0.0,0.0,0.0,20882861.817529738
385,Station,Transformer,2 winding Tx (3ph) 1000MVA,"Transformers and associated civil, structural, electrical and secondary system","1. Plant amount includes: transformer and surge arrester 
2. Civil and structural works includes: foundation, drainage building, firewall, all civil work for control cabling, gantry and busbar
3. Electrical works includes: cabling, termination, control panel, bus connection, installation of surge arrestor and earth switch, and marshalling kiosk
4. Secondary systems includes: control panel equipments
5. Design and survey includes: civil design, primary design, secondary design, protection setting etc 
6. Contractor project management and overheads is allocated $0 at individual major plant level because it will be accounted for overall in the substation level building block", 330/275,ea.,12671778.711387532,1670628.1833616297,1049154.4991511034,104268.43169625179,517300.2680965147,131422.7504244482,0.0,0.0,0.0,16144552.844117478
386,Station,Transformer,2 winding Tx (3ph) 225MVA,"Transformers and associated civil, structural, electrical and secondary system","1. Plant amount includes: transformer and surge arrester 
2. Civil and structural works includes: foundation, drainage building, firewall, all civil work for control cabling, gantry and busbar
3. Electrical works includes: cabling, termination, control panel, bus connection, installation of surge arrestor and earth switch, and marshalling kiosk
4. Secondary systems includes: control panel equipments
5. Design and survey includes: civil design, primary design, secondary design, protection setting etc 
6. Contractor project management and overheads is allocated $0 at individual major plant level because it will be accounted for overall in the substation level building block", 330/220,ea.,4894705.030133576,1670628.1833616297,405405.77249575546,104268.43169625179,199890.97408400357,51232.597623089976,0.0,0.0,0.0,7326130.989394308
387,Station,Transformer,2 winding Tx (3ph) 400MVA,"Transformers and associated civil, structural, electrical and secondary system","1. Plant amount includes: transformer and surge arrester 
2. Civil and structural works includes: foundation, drainage building, firewall, all civil work for control cabling, gantry and busbar
3. Electrical works includes: cabling, termination, control panel, bus connection, installation of surge arrestor and earth switch, and marshalling kiosk
4. Secondary systems includes: control panel equipments
5. Design and survey includes: civil design, primary design, secondary design, protection setting etc 
6. Contractor project management and overheads is allocated $0 at individual major plant level because it will be accounted for overall in the substation level building block", 330/220,ea.,5986267.567827081,1670628.1833616297,495619.6943972835,104268.43169625179,244921.3583556747,62370.11884550084,0.0,0.0,0.0,8564075.354483422
388,Station,Transformer,2 winding Tx (3ph) 600MVA,"Transformers and associated civil, structural, electrical and secondary system","1. Plant amount includes: transformer and surge arrester 
2. Civil and structural works includes: foundation, drainage building, firewall, all civil work for control cabling, gantry and busbar
3. Electrical works includes: cabling, termination, control panel, bus connection, installation of surge arrestor and earth switch, and marshalling kiosk
4. Secondary systems includes: control panel equipments
5. Design and survey includes: civil design, primary design, secondary design, protection setting etc 
6. Contractor project management and overheads is allocated $0 at individual major plant level because it will be accounted for overall in the substation level building block", 330/220,ea.,6110027.492735643,1670628.1833616297,505643.46349745325,104268.43169625179,249314.56657730116,63483.870967741925,0.0,0.0,0.0,8703366.00883602
389,Station,Transformer,2 winding Tx (3ph) 400MVA,"Transformers and associated civil, structural, electrical and secondary system","1. Plant amount includes: transformer and surge arrester 
2. Civil and structural works includes: foundation, drainage building, firewall, all civil work for control cabling, gantry and busbar
3. Electrical works includes: cabling, termination, control panel, bus connection, installation of surge arrestor and earth switch, and marshalling kiosk
4. Secondary systems includes: control panel equipments
5. Design and survey includes: civil design, primary design, secondary design, protection setting etc 
6. Contractor project management and overheads is allocated $0 at individual major plant level because it will be accounted for overall in the substation level building block", 330/132,ea.,5986267.567827081,1670628.1833616297,495619.6943972835,104268.43169625179,244921.3583556747,62370.11884550084,0.0,0.0,0.0,8564075.354483422
390,Station,Transformer,2 winding Tx (3ph) 600MVA,"Transformers and associated civil, structural, electrical and secondary system","1. Plant amount includes: transformer and surge arrester 
2. Civil and structural works includes: foundation, drainage building, firewall, all civil work for control cabling, gantry and busbar
3. Electrical works includes: cabling, termination, control panel, bus connection, installation of surge arrestor and earth switch, and marshalling kiosk
4. Secondary systems includes: control panel equipments
5. Design and survey includes: civil design, primary design, secondary design, protection setting etc 
6. Contractor project management and overheads is allocated $0 at individual major plant level because it will be accounted for overall in the substation level building block", 330/132,ea.,6110027.492735643,1670628.1833616297,505643.46349745325,104268.43169625179,249314.56657730116,63483.870967741925,0.0,0.0,0.0,8703366.00883602
391,Station,Transformer,2 winding Tx (3ph) 75MVA,"Transformers and associated civil, structural, electrical and secondary system","1. Plant amount includes: transformer and surge arrester 
2. Civil and structural works includes: foundation, drainage building, firewall, all civil work for control cabling, gantry and busbar
3. Electrical works includes: cabling, termination, control panel, bus connection, installation of surge arrestor and earth switch, and marshalling kiosk
4. Secondary systems includes: control panel equipments
5. Design and survey includes: civil design, primary design, secondary design, protection setting etc 
6. Contractor project management and overheads is allocated $0 at individual major plant level because it will be accounted for overall in the substation level building block", 330/66,ea.,2603908.8200761173,1670628.1833616297,216067.91171477077,104268.43169625179,106535.29937444146,27843.80305602716,0.0,0.0,0.0,4729252.4492792385
392,Station,Transformer,2 winding Tx (3ph) 150MVA,"Transformers and associated civil, structural, electrical and secondary system","1. Plant amount includes: transformer and surge arrester 
2. Civil and structural works includes: foundation, drainage building, firewall, all civil work for control cabling, gantry and busbar
3. Electrical works includes: cabling, termination, control panel, bus connection, installation of surge arrestor and earth switch, and marshalling kiosk
4. Secondary systems includes: control panel equipments
5. Design and survey includes: civil design, primary design, secondary design, protection setting etc 
6. Contractor project management and overheads is allocated $0 at individual major plant level because it will be accounted for overall in the substation level building block", 330/66,ea.,3981356.784308398,1670628.1833616297,329670.6281833616,104268.43169625179,162548.7042001787,41208.8285229202,0.0,0.0,0.0,6289681.560272741
393,Station,Transformer,2 winding Tx (3ph) 300MVA,"Transformers and associated civil, structural, electrical and secondary system","1. Plant amount includes: transformer and surge arrester 
2. Civil and structural works includes: foundation, drainage building, firewall, all civil work for control cabling, gantry and busbar
3. Electrical works includes: cabling, termination, control panel, bus connection, installation of surge arrestor and earth switch, and marshalling kiosk
4. Secondary systems includes: control panel equipments
5. Design and survey includes: civil design, primary design, secondary design, protection setting etc 
6. Contractor project management and overheads is allocated $0 at individual major plant level because it will be accounted for overall in the substation level building block", 330/66,ea.,5508554.257680037,1670628.1833616297,456638.3701188454,104268.43169625179,225151.92135835567,57915.1103565365,0.0,0.0,0.0,8023156.274571656
394,Station,Transformer,2 winding Tx (3ph) 300MVA,"Transformers and associated civil, structural, electrical and secondary system","1. Plant amount includes: transformer and surge arrester 
2. Civil and structural works includes: foundation, drainage building, firewall, all civil work for control cabling, gantry and busbar
3. Electrical works includes: cabling, termination, control panel, bus connection, installation of surge arrestor and earth switch, and marshalling kiosk
4. Secondary systems includes: control panel equipments
5. Design and survey includes: civil design, primary design, secondary design, protection setting etc 
6. Contractor project management and overheads is allocated $0 at individual major plant level because it will be accounted for overall in the substation level building block", 275/132,ea.,5508554.257680037,1336502.5466893038,456638.3701188454,104268.43169625179,225151.92135835567,57915.1103565365,0.0,0.0,0.0,7689030.63789933
395,Station,Transformer,2 winding Tx (3ph) 600MVA,"Transformers and associated civil, structural, electrical and secondary system","1. Plant amount includes: transformer and surge arrester 
2. Civil and structural works includes: foundation, drainage building, firewall, all civil work for control cabling, gantry and busbar
3. Electrical works includes: cabling, termination, control panel, bus connection, installation of surge arrestor and earth switch, and marshalling kiosk
4. Secondary systems includes: control panel equipments
5. Design and survey includes: civil design, primary design, secondary design, protection setting etc 
6. Contractor project management and overheads is allocated $0 at individual major plant level because it will be accounted for overall in the substation level building block", 275/132,ea.,6110027.492735643,1336502.5466893038,505643.46349745325,104268.43169625179,249314.56657730116,63483.870967741925,0.0,0.0,0.0,8369240.372163695
396,Station,Transformer,2 winding Tx (3ph) 250MVA,"Transformers and associated civil, structural, electrical and secondary system","1. Plant amount includes: transformer and surge arrester 
2. Civil and structural works includes: foundation, drainage building, firewall, all civil work for control cabling, gantry and busbar
3. Electrical works includes: cabling, termination, control panel, bus connection, installation of surge arrestor and earth switch, and marshalling kiosk
4. Secondary systems includes: control panel equipments
5. Design and survey includes: civil design, primary design, secondary design, protection setting etc 
6. Contractor project management and overheads is allocated $0 at individual major plant level because it will be accounted for overall in the substation level building block", 275/110,ea.,5127373.688961671,1336502.5466893038,424339.5585738539,104268.43169625179,209775.6925826631,53460.10186757215,0.0,0.0,0.0,7255720.020371316
397,Station,Transformer,2 winding Tx (3ph) 500MVA,"Transformers and associated civil, structural, electrical and secondary system","1. Plant amount includes: transformer and surge arrester 
2. Civil and structural works includes: foundation, drainage building, firewall, all civil work for control cabling, gantry and busbar
3. Electrical works includes: cabling, termination, control panel, bus connection, installation of surge arrestor and earth switch, and marshalling kiosk
4. Secondary systems includes: control panel equipments
5. Design and survey includes: civil design, primary design, secondary design, protection setting etc 
6. Contractor project management and overheads is allocated $0 at individual major plant level because it will be accounted for overall in the substation level building block", 275/110,ea.,6166957.05819358,1336502.5466893038,511212.2241086587,104268.43169625179,252609.47274352098,64597.62308998301,0.0,0.0,0.0,8436147.356521297
398,Station,Transformer,2 winding Tx (3ph) 75MVA,"Transformers and associated civil, structural, electrical and secondary system","1. Plant amount includes: transformer and surge arrester 
2. Civil and structural works includes: foundation, drainage building, firewall, all civil work for control cabling, gantry and busbar
3. Electrical works includes: cabling, termination, control panel, bus connection, installation of surge arrestor and earth switch, and marshalling kiosk
4. Secondary systems includes: control panel equipments
5. Design and survey includes: civil design, primary design, secondary design, protection setting etc 
6. Contractor project management and overheads is allocated $0 at individual major plant level because it will be accounted for overall in the substation level building block", 220/66,ea.,2775935.115699017,1113752.1222410863,230546.6893039049,104268.43169625179,114223.41376228775,28957.55517826825,0.0,0.0,0.0,4367683.327880816
399,Station,Transformer,2 winding Tx (3ph) 150MVA,"Transformers and associated civil, structural, electrical and secondary system","1. Plant amount includes: transformer and surge arrester 
2. Civil and structural works includes: foundation, drainage building, firewall, all civil work for control cabling, gantry and busbar
3. Electrical works includes: cabling, termination, control panel, bus connection, installation of surge arrestor and earth switch, and marshalling kiosk
4. Secondary systems includes: control panel equipments
5. Design and survey includes: civil design, primary design, secondary design, protection setting etc 
6. Contractor project management and overheads is allocated $0 at individual major plant level because it will be accounted for overall in the substation level building block", 220/110,ea.,3800667.2939418997,1113752.1222410863,315191.85059422744,104268.43169625179,155958.89186773903,40095.076400679114,0.0,0.0,0.0,5529933.666741883
400,Station,Transformer,2 winding Tx (3ph) 35MVA,"Transformers and associated civil, structural, electrical and secondary system","1. Plant amount includes: transformer and surge arrester 
2. Civil and structural works includes: foundation, drainage building, firewall, all civil work for control cabling, gantry and busbar
3. Electrical works includes: cabling, termination, control panel, bus connection, installation of surge arrestor and earth switch, and marshalling kiosk
4. Secondary systems includes: control panel equipments
5. Design and survey includes: civil design, primary design, secondary design, protection setting etc 
6. Contractor project management and overheads is allocated $0 at individual major plant level because it will be accounted for overall in the substation level building block", 220/66,ea.,1745014.941210706,1113752.1222410863,144787.77589134124,104268.43169625179,71389.63360142984,18933.78607809847,0.0,0.0,0.0,3198146.690718914
401,Station,Transformer,2 winding Tx (3ph) 100MVA,"Transformers and associated civil, structural, electrical and secondary system","1. Plant amount includes: transformer and surge arrester 
2. Civil and structural works includes: foundation, drainage building, firewall, all civil work for control cabling, gantry and busbar
3. Electrical works includes: cabling, termination, control panel, bus connection, installation of surge arrestor and earth switch, and marshalling kiosk
4. Secondary systems includes: control panel equipments
5. Design and survey includes: civil design, primary design, secondary design, protection setting etc 
6. Contractor project management and overheads is allocated $0 at individual major plant level because it will be accounted for overall in the substation level building block", 220/66,ea.,3216520.448373493,1113752.1222410863,266186.75721561967,104268.43169625179,131796.24664879355,33412.56366723259,0.0,0.0,0.0,4865936.569842476
402,Station,Transformer,2 winding Tx (3ph) 120MVA,"Transformers and associated civil, structural, electrical and secondary system","1. Plant amount includes: transformer and surge arrester 
2. Civil and structural works includes: foundation, drainage building, firewall, all civil work for control cabling, gantry and busbar
3. Electrical works includes: cabling, termination, control panel, bus connection, installation of surge arrestor and earth switch, and marshalling kiosk
4. Secondary systems includes: control panel equipments
5. Design and survey includes: civil design, primary design, secondary design, protection setting etc 
6. Contractor project management and overheads is allocated $0 at individual major plant level because it will be accounted for overall in the substation level building block", 220/66,ea.,3491267.481670498,1113752.1222410863,289575.5517826825,104268.43169625179,142779.2672028597,36753.82003395585,0.0,0.0,0.0,5178396.674627334
403,Station,Transformer,2 winding Tx (3ph) 150MVA,"Transformers and associated civil, structural, electrical and secondary system","1. Plant amount includes: transformer and surge arrester 
2. Civil and structural works includes: foundation, drainage building, firewall, all civil work for control cabling, gantry and busbar
3. Electrical works includes: cabling, termination, control panel, bus connection, installation of surge arrestor and earth switch, and marshalling kiosk
4. Secondary systems includes: control panel equipments
5. Design and survey includes: civil design, primary design, secondary design, protection setting etc 
6. Contractor project management and overheads is allocated $0 at individual major plant level because it will be accounted for overall in the substation level building block", 220/66,ea.,3800667.2939418997,1113752.1222410863,315191.85059422744,104268.43169625179,155958.89186773903,40095.076400679114,0.0,0.0,0.0,5529933.666741883
404,Station,Transformer,2 winding Tx (3ph) 200MVA,"Transformers and associated civil, structural, electrical and secondary system","1. Plant amount includes: transformer and surge arrester 
2. Civil and structural works includes: foundation, drainage building, firewall, all civil work for control cabling, gantry and busbar
3. Electrical works includes: cabling, termination, control panel, bus connection, installation of surge arrestor and earth switch, and marshalling kiosk
4. Secondary systems includes: control panel equipments
5. Design and survey includes: civil design, primary design, secondary design, protection setting etc 
6. Contractor project management and overheads is allocated $0 at individual major plant level because it will be accounted for overall in the substation level building block", 220/66,ea.,4098928.712971531,1113752.1222410863,339694.3972835314,104268.43169625179,168040.2144772118,43436.33276740237,0.0,0.0,0.0,5868120.211437016
405,Station,Transformer,2 winding Tx (3ph) 300MVA,"Transformers and associated civil, structural, electrical and secondary system","1. Plant amount includes: transformer and surge arrester 
2. Civil and structural works includes: foundation, drainage building, firewall, all civil work for control cabling, gantry and busbar
3. Electrical works includes: cabling, termination, control panel, bus connection, installation of surge arrestor and earth switch, and marshalling kiosk
4. Secondary systems includes: control panel equipments
5. Design and survey includes: civil design, primary design, secondary design, protection setting etc 
6. Contractor project management and overheads is allocated $0 at individual major plant level because it will be accounted for overall in the substation level building block", 220/66,ea.,4101403.911469702,1113752.1222410863,339694.3972835314,104268.43169625179,168040.2144772118,43436.33276740237,0.0,0.0,0.0,5870595.409935188
406,Station,Transformer,2 winding Tx (3ph) 50MVA,"Transformers and associated civil, structural, electrical and secondary system","1. Plant amount includes: transformer and surge arrester 
2. Civil and structural works includes: foundation, drainage building, firewall, all civil work for control cabling, gantry and busbar
3. Electrical works includes: cabling, termination, control panel, bus connection, installation of surge arrestor and earth switch, and marshalling kiosk
4. Secondary systems includes: control panel equipments
5. Design and survey includes: civil design, primary design, secondary design, protection setting etc 
6. Contractor project management and overheads is allocated $0 at individual major plant level because it will be accounted for overall in the substation level building block", 220/33,ea.,2191788.27013061,1113752.1222410863,181541.5959252971,104268.43169625179,90060.76854334226,23388.794567062814,0.0,0.0,0.0,3704799.9831036506
407,Station,Transformer,2 winding Tx (3ph) 80MVA,"Transformers and associated civil, structural, electrical and secondary system","1. Plant amount includes: transformer and surge arrester 
2. Civil and structural works includes: foundation, drainage building, firewall, all civil work for control cabling, gantry and busbar
3. Electrical works includes: cabling, termination, control panel, bus connection, installation of surge arrestor and earth switch, and marshalling kiosk
4. Secondary systems includes: control panel equipments
5. Design and survey includes: civil design, primary design, secondary design, protection setting etc 
6. Contractor project management and overheads is allocated $0 at individual major plant level because it will be accounted for overall in the substation level building block", 220/33,ea.,2873705.45637678,1113752.1222410863,238342.9541595925,104268.43169625179,117518.31992850758,30071.307300509336,0.0,0.0,0.0,4477658.591702727
408,Station,Transformer,2 winding Tx (3ph) 100MVA,"Transformers and associated civil, structural, electrical and secondary system","1. Plant amount includes: transformer and surge arrester 
2. Civil and structural works includes: foundation, drainage building, firewall, all civil work for control cabling, gantry and busbar
3. Electrical works includes: cabling, termination, control panel, bus connection, installation of surge arrestor and earth switch, and marshalling kiosk
4. Secondary systems includes: control panel equipments
5. Design and survey includes: civil design, primary design, secondary design, protection setting etc 
6. Contractor project management and overheads is allocated $0 at individual major plant level because it will be accounted for overall in the substation level building block", 220/33,ea.,3216520.448373493,1113752.1222410863,266186.75721561967,104268.43169625179,131796.24664879355,33412.56366723259,0.0,0.0,0.0,4865936.569842476
409,Station,Transformer,2 winding Tx (3ph) 110MVA,"Transformers and associated civil, structural, electrical and secondary system","1. Plant amount includes: transformer and surge arrester 
2. Civil and structural works includes: foundation, drainage building, firewall, all civil work for control cabling, gantry and busbar
3. Electrical works includes: cabling, termination, control panel, bus connection, installation of surge arrestor and earth switch, and marshalling kiosk
4. Secondary systems includes: control panel equipments
5. Design and survey includes: civil design, primary design, secondary design, protection setting etc 
6. Contractor project management and overheads is allocated $0 at individual major plant level because it will be accounted for overall in the substation level building block", 220/33,ea.,3361319.560516509,1113752.1222410863,278438.0305602716,104268.43169625179,137287.75692582663,35640.06791171477,0.0,0.0,0.0,5030705.969851661
410,Station,Transformer,2 winding Tx (3ph) 120MVA,"Transformers and associated civil, structural, electrical and secondary system","1. Plant amount includes: transformer and surge arrester 
2. Civil and structural works includes: foundation, drainage building, firewall, all civil work for control cabling, gantry and busbar
3. Electrical works includes: cabling, termination, control panel, bus connection, installation of surge arrestor and earth switch, and marshalling kiosk
4. Secondary systems includes: control panel equipments
5. Design and survey includes: civil design, primary design, secondary design, protection setting etc 
6. Contractor project management and overheads is allocated $0 at individual major plant level because it will be accounted for overall in the substation level building block", 220/33,ea.,3491267.481670498,1113752.1222410863,289575.5517826825,104268.43169625179,142779.2672028597,36753.82003395585,0.0,0.0,0.0,5178396.674627334
411,Station,Transformer,2 winding Tx (3ph) 150MVA,"Transformers and associated civil, structural, electrical and secondary system","1. Plant amount includes: transformer and surge arrester 
2. Civil and structural works includes: foundation, drainage building, firewall, all civil work for control cabling, gantry and busbar
3. Electrical works includes: cabling, termination, control panel, bus connection, installation of surge arrestor and earth switch, and marshalling kiosk
4. Secondary systems includes: control panel equipments
5. Design and survey includes: civil design, primary design, secondary design, protection setting etc 
6. Contractor project management and overheads is allocated $0 at individual major plant level because it will be accounted for overall in the substation level building block", 220/33,ea.,3800667.2939418997,1113752.1222410863,315191.85059422744,104268.43169625179,155958.89186773903,40095.076400679114,0.0,0.0,0.0,5529933.666741883
412,Station,Transformer,2 winding Tx (3ph) 200MVA,"Transformers and associated civil, structural, electrical and secondary system","1. Plant amount includes: transformer and surge arrester 
2. Civil and structural works includes: foundation, drainage building, firewall, all civil work for control cabling, gantry and busbar
3. Electrical works includes: cabling, termination, control panel, bus connection, installation of surge arrestor and earth switch, and marshalling kiosk
4. Secondary systems includes: control panel equipments
5. Design and survey includes: civil design, primary design, secondary design, protection setting etc 
6. Contractor project management and overheads is allocated $0 at individual major plant level because it will be accounted for overall in the substation level building block", 220/33,ea.,4098928.712971531,1113752.1222410863,339694.3972835314,104268.43169625179,168040.2144772118,43436.33276740237,0.0,0.0,0.0,5868120.211437016
413,Station,Transformer,2 winding Tx (3ph) 50MVA,"Transformers and associated civil, structural, electrical and secondary system","1. Plant amount includes: transformer and surge arrester 
2. Civil and structural works includes: foundation, drainage building, firewall, all civil work for control cabling, gantry and busbar
3. Electrical works includes: cabling, termination, control panel, bus connection, installation of surge arrestor and earth switch, and marshalling kiosk
4. Secondary systems includes: control panel equipments
5. Design and survey includes: civil design, primary design, secondary design, protection setting etc 
6. Contractor project management and overheads is allocated $0 at individual major plant level because it will be accounted for overall in the substation level building block", 220/22,ea.,2191788.27013061,1113752.1222410863,181541.5959252971,104268.43169625179,90060.76854334226,23388.794567062814,0.0,0.0,0.0,3704799.9831036506
414,Station,Transformer,2 winding Tx (3ph) 80MVA,"Transformers and associated civil, structural, electrical and secondary system","1. Plant amount includes: transformer and surge arrester 
2. Civil and structural works includes: foundation, drainage building, firewall, all civil work for control cabling, gantry and busbar
3. Electrical works includes: cabling, termination, control panel, bus connection, installation of surge arrestor and earth switch, and marshalling kiosk
4. Secondary systems includes: control panel equipments
5. Design and survey includes: civil design, primary design, secondary design, protection setting etc 
6. Contractor project management and overheads is allocated $0 at individual major plant level because it will be accounted for overall in the substation level building block", 132/22,ea.,2586582.4305889187,835314.0916808149,214954.15959252967,104268.43169625179,106535.29937444146,27843.80305602716,0.0,0.0,0.0,3875498.2159889843
415,Station,Transformer,2 winding Tx (3ph) 100MVA,"Transformers and associated civil, structural, electrical and secondary system","1. Plant amount includes: transformer and surge arrester 
2. Civil and structural works includes: foundation, drainage building, firewall, all civil work for control cabling, gantry and busbar
3. Electrical works includes: cabling, termination, control panel, bus connection, installation of surge arrestor and earth switch, and marshalling kiosk
4. Secondary systems includes: control panel equipments
5. Design and survey includes: civil design, primary design, secondary design, protection setting etc 
6. Contractor project management and overheads is allocated $0 at individual major plant level because it will be accounted for overall in the substation level building block", 132/22,ea.,2921971.8270911183,835314.0916808149,242797.96264855683,104268.43169625179,119714.92403932082,31185.05942275042,0.0,0.0,0.0,4255252.296578813
416,Station,Transformer,2 winding Tx (3ph) 120MVA,"Transformers and associated civil, structural, electrical and secondary system","1. Plant amount includes: transformer and surge arrester 
2. Civil and structural works includes: foundation, drainage building, firewall, all civil work for control cabling, gantry and busbar
3. Electrical works includes: cabling, termination, control panel, bus connection, installation of surge arrestor and earth switch, and marshalling kiosk
4. Secondary systems includes: control panel equipments
5. Design and survey includes: civil design, primary design, secondary design, protection setting etc 
6. Contractor project management and overheads is allocated $0 at individual major plant level because it will be accounted for overall in the substation level building block", 132/22,ea.,3202906.8566335514,835314.0916808149,265073.0050933786,104268.43169625179,130697.94459338694,33412.56366723259,0.0,0.0,0.0,4571672.893364616
417,Station,Transformer,2 winding Tx (3 banks of 1ph) 1000MVA,"Transformers and associated civil, structural, electrical and secondary system","1. Plant amount includes: transformer and surge arrester 
2. Civil and structural works includes: foundation, drainage building, firewall, all civil work for control cabling, gantry and busbar
3. Electrical works includes: cabling, termination, control panel, bus connection, installation of surge arrestor and earth switch, and marshalling kiosk
4. Secondary systems includes: control panel equipments
5. Design and survey includes: civil design, primary design, secondary design, protection setting etc 
6. Contractor project management and overheads is allocated $0 at individual major plant level because it will be accounted for overall in the substation level building block", 500/330,ea.,16567741.147509024,3341256.3667232594,1371028.8624787773,104268.43169625179,676554.0661304736,171517.82682512733,0.0,0.0,0.0,22232366.70136291
418,Station,Transformer,2 winding Tx (3 banks of 1ph) 1500MVA,"Transformers and associated civil, structural, electrical and secondary system","1. Plant amount includes: transformer and surge arrester 
2. Civil and structural works includes: foundation, drainage building, firewall, all civil work for control cabling, gantry and busbar
3. Electrical works includes: cabling, termination, control panel, bus connection, installation of surge arrestor and earth switch, and marshalling kiosk
4. Secondary systems includes: control panel equipments
5. Design and survey includes: civil design, primary design, secondary design, protection setting etc 
6. Contractor project management and overheads is allocated $0 at individual major plant level because it will be accounted for overall in the substation level building block", 500/330,ea.,22695095.029731862,3341256.3667232594,1878899.8302207128,104268.43169625179,926966.9347631814,235001.69779286924,0.0,0.0,0.0,29181488.290928137
419,Station,Transformer,2 winding Tx (3 banks of 1ph) 2000MVA,"Transformers and associated civil, structural, electrical and secondary system","1. Plant amount includes: transformer and surge arrester 
2. Civil and structural works includes: foundation, drainage building, firewall, all civil work for control cabling, gantry and busbar
3. Electrical works includes: cabling, termination, control panel, bus connection, installation of surge arrestor and earth switch, and marshalling kiosk
4. Secondary systems includes: control panel equipments
5. Design and survey includes: civil design, primary design, secondary design, protection setting etc 
6. Contractor project management and overheads is allocated $0 at individual major plant level because it will be accounted for overall in the substation level building block", 500/330,ea.,28219738.077650014,3341256.3667232594,2335538.200339558,104268.43169625179,1152118.856121537,292916.80814940576,0.0,0.0,0.0,35445836.740680024
420,Station,Transformer,2 winding Tx (3 banks of 1ph) 500MVA,"Transformers and associated civil, structural, electrical and secondary system","1. Plant amount includes: transformer and surge arrester 
2. Civil and structural works includes: foundation, drainage building, firewall, all civil work for control cabling, gantry and busbar
3. Electrical works includes: cabling, termination, control panel, bus connection, installation of surge arrestor and earth switch, and marshalling kiosk
4. Secondary systems includes: control panel equipments
5. Design and survey includes: civil design, primary design, secondary design, protection setting etc 
6. Contractor project management and overheads is allocated $0 at individual major plant level because it will be accounted for overall in the substation level building block", 500/275,ea.,9513425.427721063,3341256.3667232594,787422.7504244482,104268.43169625179,388798.92761394096,99123.93887945669,0.0,0.0,0.0,14234295.843058418
421,Station,Transformer,2 winding Tx (3 banks of 1ph) 1000MVA,"Transformers and associated civil, structural, electrical and secondary system","1. Plant amount includes: transformer and surge arrester 
2. Civil and structural works includes: foundation, drainage building, firewall, all civil work for control cabling, gantry and busbar
3. Electrical works includes: cabling, termination, control panel, bus connection, installation of surge arrestor and earth switch, and marshalling kiosk
4. Secondary systems includes: control panel equipments
5. Design and survey includes: civil design, primary design, secondary design, protection setting etc 
6. Contractor project management and overheads is allocated $0 at individual major plant level because it will be accounted for overall in the substation level building block", 500/275,ea.,16567741.147509024,3341256.3667232594,1371028.8624787773,104268.43169625179,676554.0661304736,171517.82682512733,0.0,0.0,0.0,22232366.70136291
422,Station,Transformer,2 winding Tx (3 banks of 1ph) 1500MVA,"Transformers and associated civil, structural, electrical and secondary system","1. Plant amount includes: transformer and surge arrester 
2. Civil and structural works includes: foundation, drainage building, firewall, all civil work for control cabling, gantry and busbar
3. Electrical works includes: cabling, termination, control panel, bus connection, installation of surge arrestor and earth switch, and marshalling kiosk
4. Secondary systems includes: control panel equipments
5. Design and survey includes: civil design, primary design, secondary design, protection setting etc 
6. Contractor project management and overheads is allocated $0 at individual major plant level because it will be accounted for overall in the substation level building block", 500/275,ea.,22695095.029731862,3341256.3667232594,1878899.8302207128,104268.43169625179,926966.9347631814,235001.69779286924,0.0,0.0,0.0,29181488.290928137
423,Station,Transformer,2 winding Tx (3 banks of 1ph) 1000MVA,"Transformers and associated civil, structural, electrical and secondary system","1. Plant amount includes: transformer and surge arrester 
2. Civil and structural works includes: foundation, drainage building, firewall, all civil work for control cabling, gantry and busbar
3. Electrical works includes: cabling, termination, control panel, bus connection, installation of surge arrestor and earth switch, and marshalling kiosk
4. Secondary systems includes: control panel equipments
5. Design and survey includes: civil design, primary design, secondary design, protection setting etc 
6. Contractor project management and overheads is allocated $0 at individual major plant level because it will be accounted for overall in the substation level building block", 500/220,ea.,16567741.147509024,3341256.3667232594,1371028.8624787773,104268.43169625179,676554.0661304736,171517.82682512733,0.0,0.0,0.0,22232366.70136291
424,Station,Transformer,2 winding Tx (3 banks of 1ph) 750MVA,"Transformers and associated civil, structural, electrical and secondary system","1. Plant amount includes: transformer and surge arrester 
2. Civil and structural works includes: foundation, drainage building, firewall, all civil work for control cabling, gantry and busbar
3. Electrical works includes: cabling, termination, control panel, bus connection, installation of surge arrestor and earth switch, and marshalling kiosk
4. Secondary systems includes: control panel equipments
5. Design and survey includes: civil design, primary design, secondary design, protection setting etc 
6. Contractor project management and overheads is allocated $0 at individual major plant level because it will be accounted for overall in the substation level building block", 500/220,ea.,13191570.396003487,3341256.3667232594,1092590.8319185057,104268.43169625179,539266.309204647,136991.51103565365,0.0,0.0,0.0,18405943.8465818
425,Station,Transformer,2 winding Tx (3 banks of 1ph) 600MVA,"Transformers and associated civil, structural, electrical and secondary system","1. Plant amount includes: transformer and surge arrester 
2. Civil and structural works includes: foundation, drainage building, firewall, all civil work for control cabling, gantry and busbar
3. Electrical works includes: cabling, termination, control panel, bus connection, installation of surge arrestor and earth switch, and marshalling kiosk
4. Secondary systems includes: control panel equipments
5. Design and survey includes: civil design, primary design, secondary design, protection setting etc 
6. Contractor project management and overheads is allocated $0 at individual major plant level because it will be accounted for overall in the substation level building block", 500/220,ea.,11028246.908601845,3341256.3667232594,913276.7402376909,104268.43169625179,450303.84271671134,114716.46859083191,0.0,0.0,0.0,15952068.758566588
426,Station,Transformer,2 winding Tx (3 banks of 1ph) 1500MVA,"Transformers and associated civil, structural, electrical and secondary system","1. Plant amount includes: transformer and surge arrester 
2. Civil and structural works includes: foundation, drainage building, firewall, all civil work for control cabling, gantry and busbar
3. Electrical works includes: cabling, termination, control panel, bus connection, installation of surge arrestor and earth switch, and marshalling kiosk
4. Secondary systems includes: control panel equipments
5. Design and survey includes: civil design, primary design, secondary design, protection setting etc 
6. Contractor project management and overheads is allocated $0 at individual major plant level because it will be accounted for overall in the substation level building block", 330/275,ea.,22695095.029731862,2227504.2444821727,1878899.8302207128,104268.43169625179,926966.9347631814,235001.69779286924,0.0,0.0,0.0,28067736.168687053
427,Station,Transformer,2 winding Tx (3 banks of 1ph) 1000MVA,"Transformers and associated civil, structural, electrical and secondary system","1. Plant amount includes: transformer and surge arrester 
2. Civil and structural works includes: foundation, drainage building, firewall, all civil work for control cabling, gantry and busbar
3. Electrical works includes: cabling, termination, control panel, bus connection, installation of surge arrestor and earth switch, and marshalling kiosk
4. Secondary systems includes: control panel equipments
5. Design and survey includes: civil design, primary design, secondary design, protection setting etc 
6. Contractor project management and overheads is allocated $0 at individual major plant level because it will be accounted for overall in the substation level building block", 330/275,ea.,16567741.147509024,2227504.2444821727,1371028.8624787773,104268.43169625179,676554.0661304736,171517.82682512733,0.0,0.0,0.0,21118614.579121828
428,Station,Transformer,2 winding Tx (3 banks of 1ph) 225MVA,"Transformers and associated civil, structural, electrical and secondary system","1. Plant amount includes: transformer and surge arrester 
2. Civil and structural works includes: foundation, drainage building, firewall, all civil work for control cabling, gantry and busbar
3. Electrical works includes: cabling, termination, control panel, bus connection, installation of surge arrestor and earth switch, and marshalling kiosk
4. Secondary systems includes: control panel equipments
5. Design and survey includes: civil design, primary design, secondary design, protection setting etc 
6. Contractor project management and overheads is allocated $0 at individual major plant level because it will be accounted for overall in the substation level building block", 330/220,ea.,7810488.860979266,2227504.2444821727,647089.9830220712,104268.43169625179,319605.8981233244,81303.90492359932,0.0,0.0,0.0,11190261.323226685
429,Station,Transformer,2 winding Tx (3 banks of 1ph) 400MVA,"Transformers and associated civil, structural, electrical and secondary system","1. Plant amount includes: transformer and surge arrester 
2. Civil and structural works includes: foundation, drainage building, firewall, all civil work for control cabling, gantry and busbar
3. Electrical works includes: cabling, termination, control panel, bus connection, installation of surge arrestor and earth switch, and marshalling kiosk
4. Secondary systems includes: control panel equipments
5. Design and survey includes: civil design, primary design, secondary design, protection setting etc 
6. Contractor project management and overheads is allocated $0 at individual major plant level because it will be accounted for overall in the substation level building block", 330/220,ea.,11170570.82224669,2227504.2444821727,924414.2614601017,104268.43169625179,455795.35299374437,115830.220713073,0.0,0.0,0.0,14998383.333592031
430,Station,Transformer,2 winding Tx (3 banks of 1ph) 600MVA,"Transformers and associated civil, structural, electrical and secondary system","1. Plant amount includes: transformer and surge arrester 
2. Civil and structural works includes: foundation, drainage building, firewall, all civil work for control cabling, gantry and busbar
3. Electrical works includes: cabling, termination, control panel, bus connection, installation of surge arrestor and earth switch, and marshalling kiosk
4. Secondary systems includes: control panel equipments
5. Design and survey includes: civil design, primary design, secondary design, protection setting etc 
6. Contractor project management and overheads is allocated $0 at individual major plant level because it will be accounted for overall in the substation level building block", 330/220,ea.,13885863.574740512,2227504.2444821727,1149392.190152801,104268.43169625179,566723.8605898123,143674.02376910014,0.0,0.0,0.0,18077426.32543065
431,Station,Transformer,2 winding Tx (3 banks of 1ph) 400MVA,"Transformers and associated civil, structural, electrical and secondary system","1. Plant amount includes: transformer and surge arrester 
2. Civil and structural works includes: foundation, drainage building, firewall, all civil work for control cabling, gantry and busbar
3. Electrical works includes: cabling, termination, control panel, bus connection, installation of surge arrestor and earth switch, and marshalling kiosk
4. Secondary systems includes: control panel equipments
5. Design and survey includes: civil design, primary design, secondary design, protection setting etc 
6. Contractor project management and overheads is allocated $0 at individual major plant level because it will be accounted for overall in the substation level building block", 330/132,ea.,11170570.82224669,2227504.2444821727,924414.2614601017,104268.43169625179,455795.35299374437,115830.220713073,0.0,0.0,0.0,14998383.333592031
432,Station,Transformer,2 winding Tx (3 banks of 1ph) 600MVA,"Transformers and associated civil, structural, electrical and secondary system","1. Plant amount includes: transformer and surge arrester 
2. Civil and structural works includes: foundation, drainage building, firewall, all civil work for control cabling, gantry and busbar
3. Electrical works includes: cabling, termination, control panel, bus connection, installation of surge arrestor and earth switch, and marshalling kiosk
4. Secondary systems includes: control panel equipments
5. Design and survey includes: civil design, primary design, secondary design, protection setting etc 
6. Contractor project management and overheads is allocated $0 at individual major plant level because it will be accounted for overall in the substation level building block", 330/132,ea.,13885863.574740512,2227504.2444821727,1149392.190152801,104268.43169625179,566723.8605898123,143674.02376910014,0.0,0.0,0.0,18077426.32543065
433,Station,Transformer,2 winding Tx (3 banks of 1ph) 75MVA,"Transformers and associated civil, structural, electrical and secondary system","1. Plant amount includes: transformer and surge arrester 
2. Civil and structural works includes: foundation, drainage building, firewall, all civil work for control cabling, gantry and busbar
3. Electrical works includes: cabling, termination, control panel, bus connection, installation of surge arrestor and earth switch, and marshalling kiosk
4. Secondary systems includes: control panel equipments
5. Design and survey includes: civil design, primary design, secondary design, protection setting etc 
6. Contractor project management and overheads is allocated $0 at individual major plant level because it will be accounted for overall in the substation level building block", 330/66,ea.,3575424.230608319,2227504.2444821727,296258.064516129,104268.43169625179,146074.17336907954,37867.57215619694,0.0,0.0,0.0,6387396.71682815
434,Station,Transformer,2 winding Tx (3 banks of 1ph) 150MVA,"Transformers and associated civil, structural, electrical and secondary system","1. Plant amount includes: transformer and surge arrester 
2. Civil and structural works includes: foundation, drainage building, firewall, all civil work for control cabling, gantry and busbar
3. Electrical works includes: cabling, termination, control panel, bus connection, installation of surge arrestor and earth switch, and marshalling kiosk
4. Secondary systems includes: control panel equipments
5. Design and survey includes: civil design, primary design, secondary design, protection setting etc 
6. Contractor project management and overheads is allocated $0 at individual major plant level because it will be accounted for overall in the substation level building block", 330/66,ea.,5924387.605372801,2227504.2444821727,491164.68590831914,104268.43169625179,242724.75424486145,62370.11884550084,0.0,0.0,0.0,9052419.840549907
435,Station,Transformer,2 winding Tx (3 banks of 1ph) 300MVA,"Transformers and associated civil, structural, electrical and secondary system","1. Plant amount includes: transformer and surge arrester 
2. Civil and structural works includes: foundation, drainage building, firewall, all civil work for control cabling, gantry and busbar
3. Electrical works includes: cabling, termination, control panel, bus connection, installation of surge arrestor and earth switch, and marshalling kiosk
4. Secondary systems includes: control panel equipments
5. Design and survey includes: civil design, primary design, secondary design, protection setting etc 
6. Contractor project management and overheads is allocated $0 at individual major plant level because it will be accounted for overall in the substation level building block", 330/66,ea.,9395853.49905793,2227504.2444821727,778512.7334465195,104268.43169625179,384405.71939231455,98010.1867572156,0.0,0.0,0.0,12988554.814832404
436,Station,Transformer,2 winding Tx (3 banks of 1ph) 300MVA,"Transformers and associated civil, structural, electrical and secondary system","1. Plant amount includes: transformer and surge arrester 
2. Civil and structural works includes: foundation, drainage building, firewall, all civil work for control cabling, gantry and busbar
3. Electrical works includes: cabling, termination, control panel, bus connection, installation of surge arrestor and earth switch, and marshalling kiosk
4. Secondary systems includes: control panel equipments
5. Design and survey includes: civil design, primary design, secondary design, protection setting etc 
6. Contractor project management and overheads is allocated $0 at individual major plant level because it will be accounted for overall in the substation level building block", 275/132,ea.,9395853.49905793,1670628.1833616297,778512.7334465195,104268.43169625179,384405.71939231455,98010.1867572156,0.0,0.0,0.0,12431678.75371186
437,Station,Transformer,2 winding Tx (3 banks of 1ph) 600MVA,"Transformers and associated civil, structural, electrical and secondary system","1. Plant amount includes: transformer and surge arrester 
2. Civil and structural works includes: foundation, drainage building, firewall, all civil work for control cabling, gantry and busbar
3. Electrical works includes: cabling, termination, control panel, bus connection, installation of surge arrestor and earth switch, and marshalling kiosk
4. Secondary systems includes: control panel equipments
5. Design and survey includes: civil design, primary design, secondary design, protection setting etc 
6. Contractor project management and overheads is allocated $0 at individual major plant level because it will be accounted for overall in the substation level building block", 275/132,ea.,13885863.574740512,1670628.1833616297,1149392.190152801,104268.43169625179,566723.8605898123,143674.02376910014,0.0,0.0,0.0,17520550.264310107
438,Station,Transformer,2 winding Tx (3 banks of 1ph) 250MVA,"Transformers and associated civil, structural, electrical and secondary system","1. Plant amount includes: transformer and surge arrester 
2. Civil and structural works includes: foundation, drainage building, firewall, all civil work for control cabling, gantry and busbar
3. Electrical works includes: cabling, termination, control panel, bus connection, installation of surge arrestor and earth switch, and marshalling kiosk
4. Secondary systems includes: control panel equipments
5. Design and survey includes: civil design, primary design, secondary design, protection setting etc 
6. Contractor project management and overheads is allocated $0 at individual major plant level because it will be accounted for overall in the substation level building block", 275/110,ea.,8367408.52306779,1670628.1833616297,692753.8200339557,104268.43169625179,341571.9392314566,86872.66553480474,0.0,0.0,0.0,11263503.56292589
439,Station,Transformer,2 winding Tx (3 banks of 1ph) 500MVA,"Transformers and associated civil, structural, electrical and secondary system","1. Plant amount includes: transformer and surge arrester 
2. Civil and structural works includes: foundation, drainage building, firewall, all civil work for control cabling, gantry and busbar
3. Electrical works includes: cabling, termination, control panel, bus connection, installation of surge arrestor and earth switch, and marshalling kiosk
4. Secondary systems includes: control panel equipments
5. Design and survey includes: civil design, primary design, secondary design, protection setting etc 
6. Contractor project management and overheads is allocated $0 at individual major plant level because it will be accounted for overall in the substation level building block", 275/110,ea.,12647026.72640582,1670628.1833616297,1046926.9949066213,104268.43169625179,516201.96604110807,131422.7504244482,0.0,0.0,0.0,16116475.052835878
440,Station,Reactive Plant,SVC ±100MVAr,"SVC and associated civil, structural, electrical and secondary system","1. Plant amount includes: SVC unit
2. Civil and structural works includes: AIS/outdoor, fencing, drainage, all civil work for control cabling. [Busbar is accounted for in the corresponding switchbay protecting this plant]
3. Electrical works includes: Cabling, termination, control panel, bus connection, earth switch install, marshalling kiosk
4. Secondary systems includes: control panel equipments
5. Design and survey includes: Civil design, primary design, secondary design, power quality/stability parameter setting
6. Contractor project management and overheads is allocated $0 at individual major plant level because it will be accounted for overall in the substation level building block", 500,ea.,22681481.43799192,917731.7487266553,688298.8115449914,104268.43169625179,678750.6702412869,229432.93718166382,0.0,0.0,0.0,25299964.037382767
441,Station,Reactive Plant,SVC ±200MVAr,"SVC and associated civil, structural, electrical and secondary system","1. Plant amount includes: SVC unit
2. Civil and structural works includes: AIS/outdoor, fencing, drainage, all civil work for control cabling. [Busbar is accounted for in the corresponding switchbay protecting this plant]
3. Electrical works includes: Cabling, termination, control panel, bus connection, earth switch install, marshalling kiosk
4. Secondary systems includes: control panel equipments
5. Design and survey includes: Civil design, primary design, secondary design, power quality/stability parameter setting
6. Contractor project management and overheads is allocated $0 at individual major plant level because it will be accounted for overall in the substation level building block", 500,ea.,24117096.566931225,975646.8590831917,731735.1443123937,104268.43169625179,721584.4504021447,243911.71477079793,0.0,0.0,0.0,26894243.167196
442,Station,Reactive Plant,SVC ±300MVAr,"SVC and associated civil, structural, electrical and secondary system","1. Plant amount includes: SVC unit
2. Civil and structural works includes: AIS/outdoor, fencing, drainage, all civil work for control cabling. [Busbar is accounted for in the corresponding switchbay protecting this plant]
3. Electrical works includes: Cabling, termination, control panel, bus connection, earth switch install, marshalling kiosk
4. Secondary systems includes: control panel equipments
5. Design and survey includes: Civil design, primary design, secondary design, power quality/stability parameter setting
6. Contractor project management and overheads is allocated $0 at individual major plant level because it will be accounted for overall in the substation level building block", 500,ea.,26284132.852080125,1063633.2767402376,797446.5195246179,104268.43169625179,786384.2716711349,266186.75721561967,0.0,0.0,0.0,29302052.108927988
443,Station,Reactive Plant,SVC ±400MVAr,"SVC and associated civil, structural, electrical and secondary system","1. Plant amount includes: SVC unit
2. Civil and structural works includes: AIS/outdoor, fencing, drainage, all civil work for control cabling. [Busbar is accounted for in the corresponding switchbay protecting this plant]
3. Electrical works includes: Cabling, termination, control panel, bus connection, earth switch install, marshalling kiosk
4. Secondary systems includes: control panel equipments
5. Design and survey includes: Civil design, primary design, secondary design, power quality/stability parameter setting
6. Contractor project management and overheads is allocated $0 at individual major plant level because it will be accounted for overall in the substation level building block", 500,ea.,32655293.78637283,1320910.0169779286,991239.388794567,104268.43169625179,977488.8293118855,330784.3803056027,0.0,0.0,0.0,36379984.833459064
444,Station,Reactive Plant,SVC ±100MVAr,"SVC and associated civil, structural, electrical and secondary system","1. Plant amount includes: SVC unit
2. Civil and structural works includes: AIS/outdoor, fencing, drainage, all civil work for control cabling. [Busbar is accounted for in the corresponding switchbay protecting this plant]
3. Electrical works includes: Cabling, termination, control panel, bus connection, earth switch install, marshalling kiosk
4. Secondary systems includes: control panel equipments
5. Design and survey includes: Civil design, primary design, secondary design, power quality/stability parameter setting
6. Contractor project management and overheads is allocated $0 at individual major plant level because it will be accounted for overall in the substation level building block", 330,ea.,21575067.709309388,873181.6638370118,654886.2478777588,104268.43169625179,645801.6085790885,218295.41595925295,0.0,0.0,0.0,24071501.07725875
445,Station,Reactive Plant,SVC ±200MVAr,"SVC and associated civil, structural, electrical and secondary system","1. Plant amount includes: SVC unit
2. Civil and structural works includes: AIS/outdoor, fencing, drainage, all civil work for control cabling. [Busbar is accounted for in the corresponding switchbay protecting this plant]
3. Electrical works includes: Cabling, termination, control panel, bus connection, earth switch install, marshalling kiosk
4. Secondary systems includes: control panel equipments
5. Design and survey includes: Civil design, primary design, secondary design, power quality/stability parameter setting
6. Contractor project management and overheads is allocated $0 at individual major plant level because it will be accounted for overall in the substation level building block", 330,ea.,22776776.580171514,922186.7572156196,691640.0679117147,104268.43169625179,682045.5764075066,230546.6893039049,0.0,0.0,0.0,25407464.10270651
446,Station,Reactive Plant,SVC ±300MVAr,"SVC and associated civil, structural, electrical and secondary system","1. Plant amount includes: SVC unit
2. Civil and structural works includes: AIS/outdoor, fencing, drainage, all civil work for control cabling. [Busbar is accounted for in the corresponding switchbay protecting this plant]
3. Electrical works includes: Cabling, termination, control panel, bus connection, earth switch install, marshalling kiosk
4. Secondary systems includes: control panel equipments
5. Design and survey includes: Civil design, primary design, secondary design, power quality/stability parameter setting
6. Contractor project management and overheads is allocated $0 at individual major plant level because it will be accounted for overall in the substation level building block", 330,ea.,24982178.442042068,1011286.9269949065,758465.1952461798,104268.43169625179,747943.6997319034,252821.73174872663,0.0,0.0,0.0,27856964.427460033
447,Station,Reactive Plant,SVC ±400MVAr,"SVC and associated civil, structural, electrical and secondary system","1. Plant amount includes: SVC unit
2. Civil and structural works includes: AIS/outdoor, fencing, drainage, all civil work for control cabling. [Busbar is accounted for in the corresponding switchbay protecting this plant]
3. Electrical works includes: Cabling, termination, control panel, bus connection, earth switch install, marshalling kiosk
4. Secondary systems includes: control panel equipments
5. Design and survey includes: Civil design, primary design, secondary design, power quality/stability parameter setting
6. Contractor project management and overheads is allocated $0 at individual major plant level because it will be accounted for overall in the substation level building block", 330,ea.,31347151.380089343,1268563.6672325975,951144.3123938878,104268.43169625179,937949.9553172474,317419.35483870964,0.0,0.0,0.0,34926497.10156803
448,Station,Reactive Plant,SVC ±100MVAr,"SVC and associated civil, structural, electrical and secondary system","1. Plant amount includes: SVC unit
2. Civil and structural works includes: AIS/outdoor, fencing, drainage, all civil work for control cabling. [Busbar is accounted for in the corresponding switchbay protecting this plant]
3. Electrical works includes: Cabling, termination, control panel, bus connection, earth switch install, marshalling kiosk
4. Secondary systems includes: control panel equipments
5. Design and survey includes: Civil design, primary design, secondary design, power quality/stability parameter setting
6. Contractor project management and overheads is allocated $0 at individual major plant level because it will be accounted for overall in the substation level building block", 275,ea.,20409249.216670748,826404.0747028862,619246.179966044,104268.43169625179,610655.9428060768,207157.89473684208,0.0,0.0,0.0,22776981.740578845
449,Station,Reactive Plant,SVC ±200MVAr,"SVC and associated civil, structural, electrical and secondary system","1. Plant amount includes: SVC unit
2. Civil and structural works includes: AIS/outdoor, fencing, drainage, all civil work for control cabling. [Busbar is accounted for in the corresponding switchbay protecting this plant]
3. Electrical works includes: Cabling, termination, control panel, bus connection, earth switch install, marshalling kiosk
4. Secondary systems includes: control panel equipments
5. Design and survey includes: Civil design, primary design, secondary design, power quality/stability parameter setting
6. Contractor project management and overheads is allocated $0 at individual major plant level because it will be accounted for overall in the substation level building block", 275,ea.,21502049.35361334,869840.4074702885,652658.7436332767,104268.43169625179,643605.0044682752,218295.41595925295,0.0,0.0,0.0,23990717.356840685
450,Station,Reactive Plant,SVC ±300MVAr,"SVC and associated civil, structural, electrical and secondary system","1. Plant amount includes: SVC unit
2. Civil and structural works includes: AIS/outdoor, fencing, drainage, all civil work for control cabling. [Busbar is accounted for in the corresponding switchbay protecting this plant]
3. Electrical works includes: Cabling, termination, control panel, bus connection, earth switch install, marshalling kiosk
4. Secondary systems includes: control panel equipments
5. Design and survey includes: Civil design, primary design, secondary design, power quality/stability parameter setting
6. Contractor project management and overheads is allocated $0 at individual major plant level because it will be accounted for overall in the substation level building block", 275,ea.,23942595.072810154,968964.3463497452,727280.1358234294,104268.43169625179,717191.2421805182,242797.96264855683,0.0,0.0,0.0,26703097.191508655
451,Station,Reactive Plant,SVC ±400MVAr,"SVC and associated civil, structural, electrical and secondary system","1. Plant amount includes: SVC unit
2. Civil and structural works includes: AIS/outdoor, fencing, drainage, all civil work for control cabling. [Busbar is accounted for in the corresponding switchbay protecting this plant]
3. Electrical works includes: Cabling, termination, control panel, bus connection, earth switch install, marshalling kiosk
4. Secondary systems includes: control panel equipments
5. Design and survey includes: Civil design, primary design, secondary design, power quality/stability parameter setting
6. Contractor project management and overheads is allocated $0 at individual major plant level because it will be accounted for overall in the substation level building block", 275,ea.,30739490.14878831,1244061.1205432937,933324.2784380304,104268.43169625179,920377.1224307417,311850.5942275042,0.0,0.0,0.0,34253371.69612414
452,Station,Reactive Plant,SVC ±50MVAr,"SVC and associated civil, structural, electrical and secondary system","1. Plant amount includes: SVC unit
2. Civil and structural works includes: AIS/outdoor, fencing, drainage, all civil work for control cabling. [Busbar is accounted for in the corresponding switchbay protecting this plant]
3. Electrical works includes: Cabling, termination, control panel, bus connection, earth switch install, marshalling kiosk
4. Secondary systems includes: control panel equipments
5. Design and survey includes: Civil design, primary design, secondary design, power quality/stability parameter setting
6. Contractor project management and overheads is allocated $0 at individual major plant level because it will be accounted for overall in the substation level building block", 220,ea.,15656868.100182015,633724.9575551782,475572.1561969439,104268.43169625179,468974.9776586237,159266.55348047536,0.0,0.0,0.0,17498675.176769488
453,Station,Reactive Plant,SVC ±100MVAr,"SVC and associated civil, structural, electrical and secondary system","1. Plant amount includes: SVC unit
2. Civil and structural works includes: AIS/outdoor, fencing, drainage, all civil work for control cabling. [Busbar is accounted for in the corresponding switchbay protecting this plant]
3. Electrical works includes: Cabling, termination, control panel, bus connection, earth switch install, marshalling kiosk
4. Secondary systems includes: control panel equipments
5. Design and survey includes: Civil design, primary design, secondary design, power quality/stability parameter setting
6. Contractor project management and overheads is allocated $0 at individual major plant level because it will be accounted for overall in the substation level building block", 220,ea.,19280558.701504674,780740.2376910016,585833.6162988115,104268.43169625179,577706.8811438784,196020.3735144312,0.0,0.0,0.0,21525128.24184905
454,Station,Reactive Plant,SVC ±150MVAr,"SVC and associated civil, structural, electrical and secondary system","1. Plant amount includes: SVC unit
2. Civil and structural works includes: AIS/outdoor, fencing, drainage, all civil work for control cabling. [Busbar is accounted for in the corresponding switchbay protecting this plant]
3. Electrical works includes: Cabling, termination, control panel, bus connection, earth switch install, marshalling kiosk
4. Secondary systems includes: control panel equipments
5. Design and survey includes: Civil design, primary design, secondary design, power quality/stability parameter setting
6. Contractor project management and overheads is allocated $0 at individual major plant level because it will be accounted for overall in the substation level building block", 220,ea.,20151828.57286094,815266.5534804753,611449.9151103564,104268.43169625179,602967.8284182305,203816.63837011883,0.0,0.0,0.0,22489597.939936373
455,Station,Reactive Plant,SVC ±200MVAr,"SVC and associated civil, structural, electrical and secondary system","1. Plant amount includes: SVC unit
2. Civil and structural works includes: AIS/outdoor, fencing, drainage, all civil work for control cabling. [Busbar is accounted for in the corresponding switchbay protecting this plant]
3. Electrical works includes: Cabling, termination, control panel, bus connection, earth switch install, marshalling kiosk
4. Secondary systems includes: control panel equipments
5. Design and survey includes: Civil design, primary design, secondary design, power quality/stability parameter setting
6. Contractor project management and overheads is allocated $0 at individual major plant level because it will be accounted for overall in the substation level building block", 220,ea.,20644393.073997013,835314.0916808149,627042.4448217317,104268.43169625179,618344.057193923,209385.39898132425,0.0,0.0,0.0,23038747.498371057
456,Station,Reactive Plant,SVC ±50MVAr,"SVC and associated civil, structural, electrical and secondary system","1. Plant amount includes: SVC unit
2. Civil and structural works includes: AIS/outdoor, fencing, drainage, all civil work for control cabling. [Busbar is accounted for in the corresponding switchbay protecting this plant]
3. Electrical works includes: Cabling, termination, control panel, bus connection, earth switch install, marshalling kiosk
4. Secondary systems includes: control panel equipments
5. Design and survey includes: Civil design, primary design, secondary design, power quality/stability parameter setting
6. Contractor project management and overheads is allocated $0 at individual major plant level because it will be accounted for overall in the substation level building block", 132,ea.,14388328.86986927,582492.3599320882,436590.8319185059,104268.43169625179,430534.4057193923,145901.5280135823,0.0,0.0,0.0,16088116.427149087
457,Station,Reactive Plant,SVC ±100MVAr,"SVC and associated civil, structural, electrical and secondary system","1. Plant amount includes: SVC unit
2. Civil and structural works includes: AIS/outdoor, fencing, drainage, all civil work for control cabling. [Busbar is accounted for in the corresponding switchbay protecting this plant]
3. Electrical works includes: Cabling, termination, control panel, bus connection, earth switch install, marshalling kiosk
4. Secondary systems includes: control panel equipments
5. Design and survey includes: Civil design, primary design, secondary design, power quality/stability parameter setting
6. Contractor project management and overheads is allocated $0 at individual major plant level because it will be accounted for overall in the substation level building block", 132,ea.,18357309.66168681,742872.6655348047,556876.0611205432,104268.43169625179,549151.0277033065,185996.60441426144,0.0,0.0,0.0,20496474.45215598
458,Station,Reactive Plant,SVC ±150MVAr,"SVC and associated civil, structural, electrical and secondary system","1. Plant amount includes: SVC unit
2. Civil and structural works includes: AIS/outdoor, fencing, drainage, all civil work for control cabling. [Busbar is accounted for in the corresponding switchbay protecting this plant]
3. Electrical works includes: Cabling, termination, control panel, bus connection, earth switch install, marshalling kiosk
4. Secondary systems includes: control panel equipments
5. Design and survey includes: Civil design, primary design, secondary design, power quality/stability parameter setting
6. Contractor project management and overheads is allocated $0 at individual major plant level because it will be accounted for overall in the substation level building block", 132,ea.,18904328.52978265,765147.7079796264,573582.3429541595,104268.43169625179,565625.5585344057,191565.36502546686,0.0,0.0,0.0,21104517.93597256
459,Station,Reactive Plant,SVC ±200MVAr,"SVC and associated civil, structural, electrical and secondary system","1. Plant amount includes: SVC unit
2. Civil and structural works includes: AIS/outdoor, fencing, drainage, all civil work for control cabling. [Busbar is accounted for in the corresponding switchbay protecting this plant]
3. Electrical works includes: Cabling, termination, control panel, bus connection, earth switch install, marshalling kiosk
4. Secondary systems includes: control panel equipments
5. Design and survey includes: Civil design, primary design, secondary design, power quality/stability parameter setting
6. Contractor project management and overheads is allocated $0 at individual major plant level because it will be accounted for overall in the substation level building block", 132,ea.,19791687.19137703,800787.7758913412,601426.1460101866,104268.43169625179,593083.109919571,200475.38200339556,0.0,0.0,0.0,22091728.036897775
460,Station,Reactive Plant,Reactor 100MVAr,"Reactor and associated civil, structural, electrical and secondary system","1. Plant amount includes: Reactor unit
2. Civil and structural works includes: AIS/outdoor, fencing, drainage, all civil work for control cabling, footing.  [Busbar is accounted for in the corresponding switchbay protecting this plant]
3. Electrical works includes: Cabling, termination, control panel, bus connection, surge arrestor install, earth switch install, marshalling kiosk
4. Secondary systems includes: control panel equipments
5. Design and survey includes: Civil design, primary design, secondary design, power quality/stability parameter setting
6. Contractor project management and overheads is allocated $0 at individual major plant level because it will be accounted for overall in the substation level building block", 500,ea.,4317983.780059683,1670628.1833616297,306281.8336162988,104268.43169625179,129599.64253798033,44550.084889643455,0.0,0.0,0.0,6573311.956161488
461,Station,Reactive Plant,Reactor 200MVAr,"Reactor and associated civil, structural, electrical and secondary system","1. Plant amount includes: Reactor unit
2. Civil and structural works includes: AIS/outdoor, fencing, drainage, all civil work for control cabling, footing.  [Busbar is accounted for in the corresponding switchbay protecting this plant]
3. Electrical works includes: Cabling, termination, control panel, bus connection, surge arrestor install, earth switch install, marshalling kiosk
4. Secondary systems includes: control panel equipments
5. Design and survey includes: Civil design, primary design, secondary design, power quality/stability parameter setting
6. Contractor project management and overheads is allocated $0 at individual major plant level because it will be accounted for overall in the substation level building block", 500,ea.,5538256.639658092,1670628.1833616297,392040.7470288624,104268.43169625179,165843.61036639856,56801.35823429541,0.0,0.0,0.0,7927838.97034553
462,Station,Reactive Plant,Reactor 300MVAr,"Reactor and associated civil, structural, electrical and secondary system","1. Plant amount includes: Reactor unit
2. Civil and structural works includes: AIS/outdoor, fencing, drainage, all civil work for control cabling, footing.  [Busbar is accounted for in the corresponding switchbay protecting this plant]
3. Electrical works includes: Cabling, termination, control panel, bus connection, surge arrestor install, earth switch install, marshalling kiosk
4. Secondary systems includes: control panel equipments
5. Design and survey includes: Civil design, primary design, secondary design, power quality/stability parameter setting
6. Contractor project management and overheads is allocated $0 at individual major plant level because it will be accounted for overall in the substation level building block", 500,ea.,6405813.713267103,1670628.1833616297,454410.8658743633,104268.43169625179,192202.85969615728,65711.3752122241,0.0,0.0,0.0,8893035.42910773
463,Station,Reactive Plant,Reactor 400MVAr,"Reactor and associated civil, structural, electrical and secondary system","1. Plant amount includes: Reactor unit
2. Civil and structural works includes: AIS/outdoor, fencing, drainage, all civil work for control cabling, footing.  [Busbar is accounted for in the corresponding switchbay protecting this plant]
3. Electrical works includes: Cabling, termination, control panel, bus connection, surge arrestor install, earth switch install, marshalling kiosk
4. Secondary systems includes: control panel equipments
5. Design and survey includes: Civil design, primary design, secondary design, power quality/stability parameter setting
6. Contractor project management and overheads is allocated $0 at individual major plant level because it will be accounted for overall in the substation level building block", 500,ea.,7102582.090502299,1670628.1833616297,503415.95925297105,104268.43169625179,213070.5987488829,72393.88794567062,0.0,0.0,0.0,9666359.151507704
464,Station,Reactive Plant,Reactor 50MVAr,"Reactor and associated civil, structural, electrical and secondary system","1. Plant amount includes: Reactor unit
2. Civil and structural works includes: AIS/outdoor, fencing, drainage, all civil work for control cabling, footing.  [Busbar is accounted for in the corresponding switchbay protecting this plant]
3. Electrical works includes: Cabling, termination, control panel, bus connection, surge arrestor install, earth switch install, marshalling kiosk
4. Secondary systems includes: control panel equipments
5. Design and survey includes: Civil design, primary design, secondary design, power quality/stability parameter setting
6. Contractor project management and overheads is allocated $0 at individual major plant level because it will be accounted for overall in the substation level building block", 330,ea.,2877418.2541240365,1113752.1222410863,203816.63837011883,104268.43169625179,86765.86237712242,30071.307300509336,0.0,0.0,0.0,4416092.616109124
465,Station,Reactive Plant,Reactor 100MVAr,"Reactor and associated civil, structural, electrical and secondary system","1. Plant amount includes: Reactor unit
2. Civil and structural works includes: AIS/outdoor, fencing, drainage, all civil work for control cabling, footing.  [Busbar is accounted for in the corresponding switchbay protecting this plant]
3. Electrical works includes: Cabling, termination, control panel, bus connection, surge arrestor install, earth switch install, marshalling kiosk
4. Secondary systems includes: control panel equipments
5. Design and survey includes: Civil design, primary design, secondary design, power quality/stability parameter setting
6. Contractor project management and overheads is allocated $0 at individual major plant level because it will be accounted for overall in the substation level building block", 330,ea.,3464040.298190614,1113752.1222410863,246139.2190152801,104268.43169625179,104338.69526362824,35640.06791171477,0.0,0.0,0.0,5068178.8343185745
466,Station,Reactive Plant,Reactor 200MVAr,"Reactor and associated civil, structural, electrical and secondary system","1. Plant amount includes: Reactor unit
2. Civil and structural works includes: AIS/outdoor, fencing, drainage, all civil work for control cabling, footing.  [Busbar is accounted for in the corresponding switchbay protecting this plant]
3. Electrical works includes: Cabling, termination, control panel, bus connection, surge arrestor install, earth switch install, marshalling kiosk
4. Secondary systems includes: control panel equipments
5. Design and survey includes: Civil design, primary design, secondary design, power quality/stability parameter setting
6. Contractor project management and overheads is allocated $0 at individual major plant level because it will be accounted for overall in the substation level building block", 330,ea.,4171947.068667582,1113752.1222410863,296258.064516129,104268.43169625179,125206.43431635387,42322.58064516129,0.0,0.0,0.0,5853754.702082565
467,Station,Reactive Plant,Reactor 300MVAr,"Reactor and associated civil, structural, electrical and secondary system","1. Plant amount includes: Reactor unit
2. Civil and structural works includes: AIS/outdoor, fencing, drainage, all civil work for control cabling, footing.  [Busbar is accounted for in the corresponding switchbay protecting this plant]
3. Electrical works includes: Cabling, termination, control panel, bus connection, surge arrestor install, earth switch install, marshalling kiosk
4. Secondary systems includes: control panel equipments
5. Design and survey includes: Civil design, primary design, secondary design, power quality/stability parameter setting
6. Contractor project management and overheads is allocated $0 at individual major plant level because it will be accounted for overall in the substation level building block", 330,ea.,4650897.978063712,1113752.1222410863,329670.6281833616,104268.43169625179,139484.36103663984,47891.341256366715,0.0,0.0,0.0,6385964.862477419
468,Station,Reactive Plant,Reactor 50MVAr,"Reactor and associated civil, structural, electrical and secondary system","1. Plant amount includes: Reactor unit
2. Civil and structural works includes: AIS/outdoor, fencing, drainage, all civil work for control cabling, footing.  [Busbar is accounted for in the corresponding switchbay protecting this plant]
3. Electrical works includes: Cabling, termination, control panel, bus connection, surge arrestor install, earth switch install, marshalling kiosk
4. Secondary systems includes: control panel equipments
5. Design and survey includes: Civil design, primary design, secondary design, power quality/stability parameter setting
6. Contractor project management and overheads is allocated $0 at individual major plant level because it will be accounted for overall in the substation level building block", 275,ea.,2595245.625332518,1002376.9100169778,183769.10016977927,104268.43169625179,77979.44593386952,26730.050933786075,0.0,0.0,0.0,3990369.5640831827
469,Station,Reactive Plant,Reactor 100MVAr,"Reactor and associated civil, structural, electrical and secondary system","1. Plant amount includes: Reactor unit
2. Civil and structural works includes: AIS/outdoor, fencing, drainage, all civil work for control cabling, footing.  [Busbar is accounted for in the corresponding switchbay protecting this plant]
3. Electrical works includes: Cabling, termination, control panel, bus connection, surge arrestor install, earth switch install, marshalling kiosk
4. Secondary systems includes: control panel equipments
5. Design and survey includes: Civil design, primary design, secondary design, power quality/stability parameter setting
6. Contractor project management and overheads is allocated $0 at individual major plant level because it will be accounted for overall in the substation level building block", 275,ea.,3215282.8491244074,1002376.9100169778,228319.1850594227,104268.43169625179,96650.58087578195,33412.56366723259,0.0,0.0,0.0,4680310.520440075
470,Station,Reactive Plant,Reactor 200MVAr,"Reactor and associated civil, structural, electrical and secondary system","1. Plant amount includes: Reactor unit
2. Civil and structural works includes: AIS/outdoor, fencing, drainage, all civil work for control cabling, footing.  [Busbar is accounted for in the corresponding switchbay protecting this plant]
3. Electrical works includes: Cabling, termination, control panel, bus connection, surge arrestor install, earth switch install, marshalling kiosk
4. Secondary systems includes: control panel equipments
5. Design and survey includes: Civil design, primary design, secondary design, power quality/stability parameter setting
6. Contractor project management and overheads is allocated $0 at individual major plant level because it will be accounted for overall in the substation level building block", 275,ea.,3982594.383557484,1002376.9100169778,282893.03904923593,104268.43169625179,119714.92403932082,41208.8285229202,0.0,0.0,0.0,5533056.516882191
471,Station,Reactive Plant,Reactor 300MVAr,"Reactor and associated civil, structural, electrical and secondary system","1. Plant amount includes: Reactor unit
2. Civil and structural works includes: AIS/outdoor, fencing, drainage, all civil work for control cabling, footing.  [Busbar is accounted for in the corresponding switchbay protecting this plant]
3. Electrical works includes: Cabling, termination, control panel, bus connection, surge arrestor install, earth switch install, marshalling kiosk
4. Secondary systems includes: control panel equipments
5. Design and survey includes: Civil design, primary design, secondary design, power quality/stability parameter setting
6. Contractor project management and overheads is allocated $0 at individual major plant level because it will be accounted for overall in the substation level building block", 275,ea.,4514762.060664295,1002376.9100169778,319646.8590831918,104268.43169625179,135091.1528150134,45663.83701188454,0.0,0.0,0.0,6121809.251287615
472,Station,Reactive Plant,Reactor 25MVAr,"Reactor and associated civil, structural, electrical and secondary system","1. Plant amount includes: Reactor unit
2. Civil and structural works includes: AIS/outdoor, fencing, drainage, all civil work for control cabling, footing.  [Busbar is accounted for in the corresponding switchbay protecting this plant]
3. Electrical works includes: Cabling, termination, control panel, bus connection, surge arrestor install, earth switch install, marshalling kiosk
4. Secondary systems includes: control panel equipments
5. Design and survey includes: Civil design, primary design, secondary design, power quality/stability parameter setting
6. Contractor project management and overheads is allocated $0 at individual major plant level because it will be accounted for overall in the substation level building block", 220,ea.,2077929.1392147343,891001.6977928692,148129.0322580645,104268.43169625179,62603.217158176936,21161.290322580644,0.0,0.0,0.0,3305092.808442678
473,Station,Reactive Plant,Reactor 50MVAr,"Reactor and associated civil, structural, electrical and secondary system","1. Plant amount includes: Reactor unit
2. Civil and structural works includes: AIS/outdoor, fencing, drainage, all civil work for control cabling, footing.  [Busbar is accounted for in the corresponding switchbay protecting this plant]
3. Electrical works includes: Cabling, termination, control panel, bus connection, surge arrestor install, earth switch install, marshalling kiosk
4. Secondary systems includes: control panel equipments
5. Design and survey includes: Civil design, primary design, secondary design, power quality/stability parameter setting
6. Contractor project management and overheads is allocated $0 at individual major plant level because it will be accounted for overall in the substation level building block", 220,ea.,2539553.6591236657,891001.6977928692,180427.843803056,104268.43169625179,76881.14387846291,26730.050933786075,0.0,0.0,0.0,3818862.8272280917
474,Station,Reactive Plant,Reactor 100MVAr,"Reactor and associated civil, structural, electrical and secondary system","1. Plant amount includes: Reactor unit
2. Civil and structural works includes: AIS/outdoor, fencing, drainage, all civil work for control cabling, footing.  [Busbar is accounted for in the corresponding switchbay protecting this plant]
3. Electrical works includes: Cabling, termination, control panel, bus connection, surge arrestor install, earth switch install, marshalling kiosk
4. Secondary systems includes: control panel equipments
5. Design and survey includes: Civil design, primary design, secondary design, power quality/stability parameter setting
6. Contractor project management and overheads is allocated $0 at individual major plant level because it will be accounted for overall in the substation level building block", 220,ea.,3102661.3174576173,891001.6977928692,220522.92020373512,104268.43169625179,93355.6747095621,32298.811544991506,0.0,0.0,0.0,4444108.853405027
475,Station,Reactive Plant,Reactor 200MVAr,"Reactor and associated civil, structural, electrical and secondary system","1. Plant amount includes: Reactor unit
2. Civil and structural works includes: AIS/outdoor, fencing, drainage, all civil work for control cabling, footing.  [Busbar is accounted for in the corresponding switchbay protecting this plant]
3. Electrical works includes: Cabling, termination, control panel, bus connection, surge arrestor install, earth switch install, marshalling kiosk
4. Secondary systems includes: control panel equipments
5. Design and survey includes: Civil design, primary design, secondary design, power quality/stability parameter setting
6. Contractor project management and overheads is allocated $0 at individual major plant level because it will be accounted for overall in the substation level building block", 220,ea.,3789528.900700129,891001.6977928692,268414.2614601018,104268.43169625179,114223.41376228775,38981.32427843803,0.0,0.0,0.0,5206418.029690079
476,Station,Reactive Plant,Reactor 300MVAr,"Reactor and associated civil, structural, electrical and secondary system","1. Plant amount includes: Reactor unit
2. Civil and structural works includes: AIS/outdoor, fencing, drainage, all civil work for control cabling, footing.  [Busbar is accounted for in the corresponding switchbay protecting this plant]
3. Electrical works includes: Cabling, termination, control panel, bus connection, surge arrestor install, earth switch install, marshalling kiosk
4. Secondary systems includes: control panel equipments
5. Design and survey includes: Civil design, primary design, secondary design, power quality/stability parameter setting
6. Contractor project management and overheads is allocated $0 at individual major plant level because it will be accounted for overall in the substation level building block", 220,ea.,4261054.214601746,891001.6977928692,301826.82512733445,104268.43169625179,128501.34048257372,43436.33276740237,0.0,0.0,0.0,5730088.842468178
477,Station,Reactive Plant,Reactor 25MVAr,"Reactor and associated civil, structural, electrical and secondary system","1. Plant amount includes: Reactor unit
2. Civil and structural works includes: AIS/outdoor, fencing, drainage, all civil work for control cabling, footing.  [Busbar is accounted for in the corresponding switchbay protecting this plant]
3. Electrical works includes: Cabling, termination, control panel, bus connection, surge arrestor install, earth switch install, marshalling kiosk
4. Secondary systems includes: control panel equipments
5. Design and survey includes: Civil design, primary design, secondary design, power quality/stability parameter setting
6. Contractor project management and overheads is allocated $0 at individual major plant level because it will be accounted for overall in the substation level building block", 132,ea.,1789568.5141777878,835314.0916808149,126967.74193548385,104268.43169625179,53816.80071492404,18933.78607809847,0.0,0.0,0.0,2928869.366283361
478,Station,Reactive Plant,Reactor 50MVAr,"Reactor and associated civil, structural, electrical and secondary system","1. Plant amount includes: Reactor unit
2. Civil and structural works includes: AIS/outdoor, fencing, drainage, all civil work for control cabling, footing.  [Busbar is accounted for in the corresponding switchbay protecting this plant]
3. Electrical works includes: Cabling, termination, control panel, bus connection, surge arrestor install, earth switch install, marshalling kiosk
4. Secondary systems includes: control panel equipments
5. Design and survey includes: Civil design, primary design, secondary design, power quality/stability parameter setting
6. Contractor project management and overheads is allocated $0 at individual major plant level because it will be accounted for overall in the substation level building block", 132,ea.,2191788.27013061,835314.0916808149,155925.2971137521,104268.43169625179,65898.12332439677,22275.042444821727,0.0,0.0,0.0,3375469.2563906475
479,Station,Reactive Plant,Reactor 100MVAr,"Reactor and associated civil, structural, electrical and secondary system","1. Plant amount includes: Reactor unit
2. Civil and structural works includes: AIS/outdoor, fencing, drainage, all civil work for control cabling, footing.  [Busbar is accounted for in the corresponding switchbay protecting this plant]
3. Electrical works includes: Cabling, termination, control panel, bus connection, surge arrestor install, earth switch install, marshalling kiosk
4. Secondary systems includes: control panel equipments
5. Design and survey includes: Civil design, primary design, secondary design, power quality/stability parameter setting
6. Contractor project management and overheads is allocated $0 at individual major plant level because it will be accounted for overall in the substation level building block", 132,ea.,2683115.172017596,835314.0916808149,190451.6129032258,104268.43169625179,81274.35210008935,27843.80305602716,0.0,0.0,0.0,3922267.4634540053
480,Station,Reactive Plant,Reactor 200MVAr,"Reactor and associated civil, structural, electrical and secondary system","1. Plant amount includes: Reactor unit
2. Civil and structural works includes: AIS/outdoor, fencing, drainage, all civil work for control cabling, footing.  [Busbar is accounted for in the corresponding switchbay protecting this plant]
3. Electrical works includes: Cabling, termination, control panel, bus connection, surge arrestor install, earth switch install, marshalling kiosk
4. Secondary systems includes: control panel equipments
5. Design and survey includes: Civil design, primary design, secondary design, power quality/stability parameter setting
6. Contractor project management and overheads is allocated $0 at individual major plant level because it will be accounted for overall in the substation level building block", 132,ea.,3284588.407073201,835314.0916808149,232774.19354838706,104268.43169625179,98847.18498659517,33412.56366723259,0.0,0.0,0.0,4589204.872652482
481,Station,Reactive Plant,Reactor 300MVAr,"Reactor and associated civil, structural, electrical and secondary system","1. Plant amount includes: Reactor unit
2. Civil and structural works includes: AIS/outdoor, fencing, drainage, all civil work for control cabling, footing.  [Busbar is accounted for in the corresponding switchbay protecting this plant]
3. Electrical works includes: Cabling, termination, control panel, bus connection, surge arrestor install, earth switch install, marshalling kiosk
4. Secondary systems includes: control panel equipments
5. Design and survey includes: Civil design, primary design, secondary design, power quality/stability parameter setting
6. Contractor project management and overheads is allocated $0 at individual major plant level because it will be accounted for overall in the substation level building block", 132,ea.,3697946.556267794,835314.0916808149,261731.74872665532,104268.43169625179,110928.50759606791,37867.57215619694,0.0,0.0,0.0,5048056.908123782
482,Station,Reactive Plant,Capacitor 50MVAr,"Capacitor and associated civil, structural, electrical and secondary system","1. Plant amount includes: Capacitor banks
2. Civil and structural works includes: AIS/outdoor, fencing, drainage, all civil work for control cabling, busbar, footing.  [Busbar is accounted for in the corresponding switchbay protecting this plant].
3. Electrical works includes: Cabling, termination, control panel, bus connection, surge arrestor install, earth switch install, marshalling kiosk
4. Secondary systems includes: control panel equipments
5. Design and survey includes: Civil design, primary design, secondary design, power quality parameter setting
6. Contractor project management and overheads is allocated $0 at individual major plant level because it will be accounted for overall in the substation level building block", 330,ea.,1719025.3569799084,222750.4244482173,122512.7334465195,104268.43169625179,51620.19660411081,17820.033955857383,0.0,0.0,0.0,2237997.177130865
483,Station,Reactive Plant,Capacitor 100MVAr,"Capacitor and associated civil, structural, electrical and secondary system","1. Plant amount includes: Capacitor banks
2. Civil and structural works includes: AIS/outdoor, fencing, drainage, all civil work for control cabling, busbar, footing.  [Busbar is accounted for in the corresponding switchbay protecting this plant].
3. Electrical works includes: Cabling, termination, control panel, bus connection, surge arrestor install, earth switch install, marshalling kiosk
4. Secondary systems includes: control panel equipments
5. Design and survey includes: Civil design, primary design, secondary design, power quality parameter setting
6. Contractor project management and overheads is allocated $0 at individual major plant level because it will be accounted for overall in the substation level building block", 330,ea.,2863804.662384095,222750.4244482173,202702.88624787773,104268.43169625179,85667.5603217158,28957.55517826825,0.0,0.0,0.0,3508151.520276426
484,Station,Reactive Plant,Capacitor 200MVAr,"Capacitor and associated civil, structural, electrical and secondary system","1. Plant amount includes: Capacitor banks
2. Civil and structural works includes: AIS/outdoor, fencing, drainage, all civil work for control cabling, busbar, footing.  [Busbar is accounted for in the corresponding switchbay protecting this plant].
3. Electrical works includes: Cabling, termination, control panel, bus connection, surge arrestor install, earth switch install, marshalling kiosk
4. Secondary systems includes: control panel equipments
5. Design and survey includes: Civil design, primary design, secondary design, power quality parameter setting
6. Contractor project management and overheads is allocated $0 at individual major plant level because it will be accounted for overall in the substation level building block", 330,ea.,3695471.357769623,222750.4244482173,261731.74872665532,104268.43169625179,110928.50759606791,37867.57215619694,0.0,0.0,0.0,4433018.042393013
485,Station,Reactive Plant,Capacitor 300MVAr,"Capacitor and associated civil, structural, electrical and secondary system","1. Plant amount includes: Capacitor banks
2. Civil and structural works includes: AIS/outdoor, fencing, drainage, all civil work for control cabling, busbar, footing.  [Busbar is accounted for in the corresponding switchbay protecting this plant].
3. Electrical works includes: Cabling, termination, control panel, bus connection, surge arrestor install, earth switch install, marshalling kiosk
4. Secondary systems includes: control panel equipments
5. Design and survey includes: Civil design, primary design, secondary design, power quality parameter setting
6. Contractor project management and overheads is allocated $0 at individual major plant level because it will be accounted for overall in the substation level building block", 330,ea.,4447931.701213672,222750.4244482173,315191.85059422744,104268.43169625179,133992.85075960678,45663.83701188454,0.0,0.0,0.0,5269799.09572386
486,Station,Reactive Plant,Capacitor 50MVAr,"Capacitor and associated civil, structural, electrical and secondary system","1. Plant amount includes: Capacitor banks
2. Civil and structural works includes: AIS/outdoor, fencing, drainage, all civil work for control cabling, busbar, footing.  [Busbar is accounted for in the corresponding switchbay protecting this plant].
3. Electrical works includes: Cabling, termination, control panel, bus connection, surge arrestor install, earth switch install, marshalling kiosk
4. Secondary systems includes: control panel equipments
5. Design and survey includes: Civil design, primary design, secondary design, power quality parameter setting
6. Contractor project management and overheads is allocated $0 at individual major plant level because it will be accounted for overall in the substation level building block", 275,ea.,1652194.9975292855,206044.142614601,116943.97283531408,104268.43169625179,49423.59249329758,16706.281833616296,0.0,0.0,0.0,2145581.419002366
487,Station,Reactive Plant,Capacitor 100MVAr,"Capacitor and associated civil, structural, electrical and secondary system","1. Plant amount includes: Capacitor banks
2. Civil and structural works includes: AIS/outdoor, fencing, drainage, all civil work for control cabling, busbar, footing.  [Busbar is accounted for in the corresponding switchbay protecting this plant].
3. Electrical works includes: Cabling, termination, control panel, bus connection, surge arrestor install, earth switch install, marshalling kiosk
4. Secondary systems includes: control panel equipments
5. Design and survey includes: Civil design, primary design, secondary design, power quality parameter setting
6. Contractor project management and overheads is allocated $0 at individual major plant level because it will be accounted for overall in the substation level building block", 275,ea.,2686827.969764853,206044.142614601,190451.6129032258,104268.43169625179,81274.35210008935,27843.80305602716,0.0,0.0,0.0,3296710.312135048
488,Station,Reactive Plant,Capacitor 200MVAr,"Capacitor and associated civil, structural, electrical and secondary system","1. Plant amount includes: Capacitor banks
2. Civil and structural works includes: AIS/outdoor, fencing, drainage, all civil work for control cabling, busbar, footing.  [Busbar is accounted for in the corresponding switchbay protecting this plant].
3. Electrical works includes: Cabling, termination, control panel, bus connection, surge arrestor install, earth switch install, marshalling kiosk
4. Secondary systems includes: control panel equipments
5. Design and survey includes: Civil design, primary design, secondary design, power quality parameter setting
6. Contractor project management and overheads is allocated $0 at individual major plant level because it will be accounted for overall in the substation level building block", 275,ea.,3395972.339490906,206044.142614601,240570.45840407468,104268.43169625179,102142.091152815,34526.31578947368,0.0,0.0,0.0,4083523.7791481228
489,Station,Reactive Plant,Capacitor 300MVAr,"Capacitor and associated civil, structural, electrical and secondary system","1. Plant amount includes: Capacitor banks
2. Civil and structural works includes: AIS/outdoor, fencing, drainage, all civil work for control cabling, busbar, footing.  [Busbar is accounted for in the corresponding switchbay protecting this plant].
3. Electrical works includes: Cabling, termination, control panel, bus connection, surge arrestor install, earth switch install, marshalling kiosk
4. Secondary systems includes: control panel equipments
5. Design and survey includes: Civil design, primary design, secondary design, power quality parameter setting
6. Contractor project management and overheads is allocated $0 at individual major plant level because it will be accounted for overall in the substation level building block", 275,ea.,4072939.128740733,206044.142614601,288461.7996604414,104268.43169625179,121911.52815013404,41208.8285229202,0.0,0.0,0.0,4834833.859385082
490,Station,Reactive Plant,Capacitor 50MVAr,"Capacitor and associated civil, structural, electrical and secondary system","1. Plant amount includes: Capacitor banks
2. Civil and structural works includes: AIS/outdoor, fencing, drainage, all civil work for control cabling, busbar, footing.  [Busbar is accounted for in the corresponding switchbay protecting this plant].
3. Electrical works includes: Cabling, termination, control panel, bus connection, surge arrestor install, earth switch install, marshalling kiosk
4. Secondary systems includes: control panel equipments
5. Design and survey includes: Civil design, primary design, secondary design, power quality parameter setting
6. Contractor project management and overheads is allocated $0 at individual major plant level because it will be accounted for overall in the substation level building block", 220,ea.,1521009.4771262112,183769.10016977927,108033.95585738539,104268.43169625179,46128.68632707775,15592.52971137521,0.0,0.0,0.0,1978802.1808880805
491,Station,Reactive Plant,Capacitor 100MVAr,"Capacitor and associated civil, structural, electrical and secondary system","1. Plant amount includes: Capacitor banks
2. Civil and structural works includes: AIS/outdoor, fencing, drainage, all civil work for control cabling, busbar, footing.  [Busbar is accounted for in the corresponding switchbay protecting this plant].
3. Electrical works includes: Cabling, termination, control panel, bus connection, surge arrestor install, earth switch install, marshalling kiosk
4. Secondary systems includes: control panel equipments
5. Design and survey includes: Civil design, primary design, secondary design, power quality parameter setting
6. Contractor project management and overheads is allocated $0 at individual major plant level because it will be accounted for overall in the substation level building block", 220,ea.,2426932.1274568755,183769.10016977927,172631.5789473684,104268.43169625179,73586.23771224306,25616.298811544988,0.0,0.0,0.0,2986803.7747940635
492,Station,Reactive Plant,Capacitor 200MVAr,"Capacitor and associated civil, structural, electrical and secondary system","1. Plant amount includes: Capacitor banks
2. Civil and structural works includes: AIS/outdoor, fencing, drainage, all civil work for control cabling, busbar, footing.  [Busbar is accounted for in the corresponding switchbay protecting this plant].
3. Electrical works includes: Cabling, termination, control panel, bus connection, surge arrestor install, earth switch install, marshalling kiosk
4. Secondary systems includes: control panel equipments
5. Design and survey includes: Civil design, primary design, secondary design, power quality parameter setting
6. Contractor project management and overheads is allocated $0 at individual major plant level because it will be accounted for overall in the substation level building block", 220,ea.,3030880.5610106518,183769.10016977927,214954.15959252967,104268.43169625179,91159.07059874888,31185.05942275042,0.0,0.0,0.0,3656216.382490712
493,Station,Reactive Plant,Capacitor 300MVAr,"Capacitor and associated civil, structural, electrical and secondary system","1. Plant amount includes: Capacitor banks
2. Civil and structural works includes: AIS/outdoor, fencing, drainage, all civil work for control cabling, busbar, footing.  [Busbar is accounted for in the corresponding switchbay protecting this plant].
3. Electrical works includes: Cabling, termination, control panel, bus connection, surge arrestor install, earth switch install, marshalling kiosk
4. Secondary systems includes: control panel equipments
5. Design and survey includes: Civil design, primary design, secondary design, power quality parameter setting
6. Contractor project management and overheads is allocated $0 at individual major plant level because it will be accounted for overall in the substation level building block", 220,ea.,3579137.0283555756,183769.10016977927,253935.4838709677,104268.43169625179,107633.60142984807,36753.82003395585,0.0,0.0,0.0,4265497.465556379
494,Station,Reactive Plant,Capacitor 25MVAr,"Capacitor and associated civil, structural, electrical and secondary system","1. Plant amount includes: Capacitor banks
2. Civil and structural works includes: AIS/outdoor, fencing, drainage, all civil work for control cabling, busbar, footing.  [Busbar is accounted for in the corresponding switchbay protecting this plant].
3. Electrical works includes: Cabling, termination, control panel, bus connection, surge arrestor install, earth switch install, marshalling kiosk
4. Secondary systems includes: control panel equipments
5. Design and survey includes: Civil design, primary design, secondary design, power quality parameter setting
6. Contractor project management and overheads is allocated $0 at individual major plant level because it will be accounted for overall in the substation level building block", 132,ea.,910873.0473270068,167062.81833616298,64597.62308998301,104268.43169625179,27457.551385165323,10023.769100169779,0.0,0.0,0.0,1284283.24093474
495,Station,Reactive Plant,Capacitor 50MVAr,"Capacitor and associated civil, structural, electrical and secondary system","1. Plant amount includes: Capacitor banks
2. Civil and structural works includes: AIS/outdoor, fencing, drainage, all civil work for control cabling, busbar, footing.  [Busbar is accounted for in the corresponding switchbay protecting this plant].
3. Electrical works includes: Cabling, termination, control panel, bus connection, surge arrestor install, earth switch install, marshalling kiosk
4. Secondary systems includes: control panel equipments
5. Design and survey includes: Civil design, primary design, secondary design, power quality parameter setting
6. Contractor project management and overheads is allocated $0 at individual major plant level because it will be accounted for overall in the substation level building block", 132,ea.,1396011.9529685648,167062.81833616298,99123.93887945669,104268.43169625179,42833.7801608579,14478.777589134124,0.0,0.0,0.0,1823779.699630428
496,Station,Reactive Plant,Capacitor 100MVAr,"Capacitor and associated civil, structural, electrical and secondary system","1. Plant amount includes: Capacitor banks
2. Civil and structural works includes: AIS/outdoor, fencing, drainage, all civil work for control cabling, busbar, footing.  [Busbar is accounted for in the corresponding switchbay protecting this plant].
3. Electrical works includes: Cabling, termination, control panel, bus connection, surge arrestor install, earth switch install, marshalling kiosk
4. Secondary systems includes: control panel equipments
5. Design and survey includes: Civil design, primary design, secondary design, power quality parameter setting
6. Contractor project management and overheads is allocated $0 at individual major plant level because it will be accounted for overall in the substation level building block", 132,ea.,2155897.8919071276,167062.81833616298,152584.04074702883,104268.43169625179,64799.82126899016,22275.042444821727,0.0,0.0,0.0,2666888.0464003836
497,Station,Reactive Plant,Capacitor 150MVAr,"Capacitor and associated civil, structural, electrical and secondary system","1. Plant amount includes: Capacitor banks
2. Civil and structural works includes: AIS/outdoor, fencing, drainage, all civil work for control cabling, busbar, footing.  [Busbar is accounted for in the corresponding switchbay protecting this plant].
3. Electrical works includes: Cabling, termination, control panel, bus connection, surge arrestor install, earth switch install, marshalling kiosk
4. Secondary systems includes: control panel equipments
5. Design and survey includes: Civil design, primary design, secondary design, power quality parameter setting
6. Contractor project management and overheads is allocated $0 at individual major plant level because it will be accounted for overall in the substation level building block", 132,ea.,2469010.501925786,167062.81833616298,174859.08319185057,104268.43169625179,74684.53976764968,25616.298811544988,0.0,0.0,0.0,3015501.6737292465
498,Station,Reactive Plant,Statcom ±100MVAr,"Statcom and associated civil, structural, electrical and secondary system","1. Plant amount includes: Statcom unit
2. Civil and structural works includes: AIS/outdoor, fencing, drainage, all civil work for control cabling, busbar, footing.  [Busbar is accounted for in the corresponding switchbay protecting this plant]
3. Electrical works includes: Cabling, termination, control panel, bus connection, surge arrestor install, earth switch install, marshalling kiosk
4. Secondary systems includes: control panel equipments
5. Design and survey includes: Civil design, primary design, secondary design, power quality parameter setting
6. Contractor project management and overheads is allocated $0 at individual major plant level because it will be accounted for overall in the substation level building block", 500,ea.,30237024.853659555,1224013.582342954,917731.7487266553,104268.43169625179,905000.893655049,306281.8336162988,0.0,0.0,0.0,33694321.343696766
499,Station,Reactive Plant,Statcom ±200MVAr,"Statcom and associated civil, structural, electrical and secondary system","1. Plant amount includes: Statcom unit
2. Civil and structural works includes: AIS/outdoor, fencing, drainage, all civil work for control cabling, busbar, footing.  [Busbar is accounted for in the corresponding switchbay protecting this plant]
3. Electrical works includes: Cabling, termination, control panel, bus connection, surge arrestor install, earth switch install, marshalling kiosk
4. Secondary systems includes: control panel equipments
5. Design and survey includes: Civil design, primary design, secondary design, power quality parameter setting
6. Contractor project management and overheads is allocated $0 at individual major plant level because it will be accounted for overall in the substation level building block", 500,ea.,41879120.98980786,1694016.9779286925,1270791.1714770796,104268.43169625179,1253162.6452189453,424339.5585738539,0.0,0.0,0.0,46625699.77470268
500,Station,Reactive Plant,Statcom ±300MVAr,"Statcom and associated civil, structural, electrical and secondary system","1. Plant amount includes: Statcom unit
2. Civil and structural works includes: AIS/outdoor, fencing, drainage, all civil work for control cabling, busbar, footing.  [Busbar is accounted for in the corresponding switchbay protecting this plant]
3. Electrical works includes: Cabling, termination, control panel, bus connection, surge arrestor install, earth switch install, marshalling kiosk
4. Secondary systems includes: control panel equipments
5. Design and survey includes: Civil design, primary design, secondary design, power quality parameter setting
6. Contractor project management and overheads is allocated $0 at individual major plant level because it will be accounted for overall in the substation level building block", 500,ea.,45974336.905032136,1859966.0441426144,1395531.4091680814,104268.43169625179,1376172.475424486,465548.3870967741,0.0,0.0,0.0,51175823.65256034
501,Station,Reactive Plant,Statcom ±400MVAr,"Statcom and associated civil, structural, electrical and secondary system","1. Plant amount includes: Statcom unit
2. Civil and structural works includes: AIS/outdoor, fencing, drainage, all civil work for control cabling, busbar, footing.  [Busbar is accounted for in the corresponding switchbay protecting this plant]
3. Electrical works includes: Cabling, termination, control panel, bus connection, surge arrestor install, earth switch install, marshalling kiosk
4. Secondary systems includes: control panel equipments
5. Design and survey includes: Civil design, primary design, secondary design, power quality parameter setting
6. Contractor project management and overheads is allocated $0 at individual major plant level because it will be accounted for overall in the substation level building block", 500,ea.,57008771.80987941,2306580.64516129,1729657.0458404073,104268.43169625179,1705663.09204647,576923.5993208828,0.0,0.0,0.0,63431864.62394471
502,Station,Reactive Plant,Statcom ±100MVAr,"Statcom and associated civil, structural, electrical and secondary system","1. Plant amount includes: Statcom unit
2. Civil and structural works includes: AIS/outdoor, fencing, drainage, all civil work for control cabling, busbar, footing.  [Busbar is accounted for in the corresponding switchbay protecting this plant]
3. Electrical works includes: Cabling, termination, control panel, bus connection, surge arrestor install, earth switch install, marshalling kiosk
4. Secondary systems includes: control panel equipments
5. Design and survey includes: Civil design, primary design, secondary design, power quality parameter setting
6. Contractor project management and overheads is allocated $0 at individual major plant level because it will be accounted for overall in the substation level building block", 330,ea.,28630621.028346434,1158302.20713073,868726.6553480474,104268.43169625179,856675.6032171581,289575.5517826825,0.0,0.0,0.0,31908169.477521304
503,Station,Reactive Plant,Statcom ±200MVAr,"Statcom and associated civil, structural, electrical and secondary system","1. Plant amount includes: Statcom unit
2. Civil and structural works includes: AIS/outdoor, fencing, drainage, all civil work for control cabling, busbar, footing.  [Busbar is accounted for in the corresponding switchbay protecting this plant]
3. Electrical works includes: Cabling, termination, control panel, bus connection, surge arrestor install, earth switch install, marshalling kiosk
4. Secondary systems includes: control panel equipments
5. Design and survey includes: Civil design, primary design, secondary design, power quality parameter setting
6. Contractor project management and overheads is allocated $0 at individual major plant level because it will be accounted for overall in the substation level building block", 330,ea.,40010346.12368859,1618281.8336162986,1213989.8132427842,104268.43169625179,1197149.240393208,405405.77249575546,0.0,0.0,0.0,44549441.21513289
504,Station,Reactive Plant,Statcom ±300MVAr,"Statcom and associated civil, structural, electrical and secondary system","1. Plant amount includes: Statcom unit
2. Civil and structural works includes: AIS/outdoor, fencing, drainage, all civil work for control cabling, busbar, footing.  [Busbar is accounted for in the corresponding switchbay protecting this plant]
3. Electrical works includes: Cabling, termination, control panel, bus connection, surge arrestor install, earth switch install, marshalling kiosk
4. Secondary systems includes: control panel equipments
5. Design and survey includes: Civil design, primary design, secondary design, power quality parameter setting
6. Contractor project management and overheads is allocated $0 at individual major plant level because it will be accounted for overall in the substation level building block", 330,ea.,43950862.13277717,1778662.1392190151,1334275.0424448214,104268.43169625179,1315765.8623771223,445500.8488964346,0.0,0.0,0.0,48929334.45741082
505,Station,Reactive Plant,Statcom ±400MVAr,"Statcom and associated civil, structural, electrical and secondary system","1. Plant amount includes: Statcom unit
2. Civil and structural works includes: AIS/outdoor, fencing, drainage, all civil work for control cabling, busbar, footing.  [Busbar is accounted for in the corresponding switchbay protecting this plant]
3. Electrical works includes: Cabling, termination, control panel, bus connection, surge arrestor install, earth switch install, marshalling kiosk
4. Secondary systems includes: control panel equipments
5. Design and survey includes: Civil design, primary design, secondary design, power quality parameter setting
6. Contractor project management and overheads is allocated $0 at individual major plant level because it will be accounted for overall in the substation level building block", 330,ea.,53964277.65712881,2182954.1595925293,1637215.619694397,104268.43169625179,1614504.0214477212,545738.5398981323,0.0,0.0,0.0,60048958.42945784
506,Station,Reactive Plant,Statcom ±100MVAr,"Statcom and associated civil, structural, electrical and secondary system","1. Plant amount includes: Statcom unit
2. Civil and structural works includes: AIS/outdoor, fencing, drainage, all civil work for control cabling, busbar, footing.  [Busbar is accounted for in the corresponding switchbay protecting this plant]
3. Electrical works includes: Cabling, termination, control panel, bus connection, surge arrestor install, earth switch install, marshalling kiosk
4. Secondary systems includes: control panel equipments
5. Design and survey includes: Civil design, primary design, secondary design, power quality parameter setting
6. Contractor project management and overheads is allocated $0 at individual major plant level because it will be accounted for overall in the substation level building block", 275,ea.,27164065.918179993,1099273.3446519524,824176.570458404,104268.43169625179,812743.5210008936,275096.77419354836,0.0,0.0,0.0,30279624.56018104
507,Station,Reactive Plant,Statcom ±200MVAr,"Statcom and associated civil, structural, electrical and secondary system","1. Plant amount includes: Statcom unit
2. Civil and structural works includes: AIS/outdoor, fencing, drainage, all civil work for control cabling, busbar, footing.  [Busbar is accounted for in the corresponding switchbay protecting this plant]
3. Electrical works includes: Cabling, termination, control panel, bus connection, surge arrestor install, earth switch install, marshalling kiosk
4. Secondary systems includes: control panel equipments
5. Design and survey includes: Civil design, primary design, secondary design, power quality parameter setting
6. Contractor project management and overheads is allocated $0 at individual major plant level because it will be accounted for overall in the substation level building block", 275,ea.,38304934.358448625,1550342.9541595923,1162757.2156196942,104268.43169625179,1146627.345844504,387585.73853989807,0.0,0.0,0.0,42656516.044308566
508,Station,Reactive Plant,Statcom ±300MVAr,"Statcom and associated civil, structural, electrical and secondary system","1. Plant amount includes: Statcom unit
2. Civil and structural works includes: AIS/outdoor, fencing, drainage, all civil work for control cabling, busbar, footing.  [Busbar is accounted for in the corresponding switchbay protecting this plant]
3. Electrical works includes: Cabling, termination, control panel, bus connection, surge arrestor install, earth switch install, marshalling kiosk
4. Secondary systems includes: control panel equipments
5. Design and survey includes: Civil design, primary design, secondary design, power quality parameter setting
6. Contractor project management and overheads is allocated $0 at individual major plant level because it will be accounted for overall in the substation level building block", 275,ea.,42256588.76077897,1709609.5076400677,1281928.6926994906,104268.43169625179,1264145.6657730115,427680.8149405772,0.0,0.0,0.0,47044221.873528376
509,Station,Reactive Plant,Statcom ±400MVAr,"Statcom and associated civil, structural, electrical and secondary system","1. Plant amount includes: Statcom unit
2. Civil and structural works includes: AIS/outdoor, fencing, drainage, all civil work for control cabling, busbar, footing.  [Busbar is accounted for in the corresponding switchbay protecting this plant]
3. Electrical works includes: Cabling, termination, control panel, bus connection, surge arrestor install, earth switch install, marshalling kiosk
4. Secondary systems includes: control panel equipments
5. Design and survey includes: Civil design, primary design, secondary design, power quality parameter setting
6. Contractor project management and overheads is allocated $0 at individual major plant level because it will be accounted for overall in the substation level building block", 275,ea.,52080651.60002052,2107219.0152801354,1580414.2614601017,104268.43169625179,1558490.6166219837,526804.7538200339,0.0,0.0,0.0,57957848.67889903
510,Station,Reactive Plant,Statcom ±50MVAr,"Statcom and associated civil, structural, electrical and secondary system","1. Plant amount includes: Statcom unit
2. Civil and structural works includes: AIS/outdoor, fencing, drainage, all civil work for control cabling, busbar, footing.  [Busbar is accounted for in the corresponding switchbay protecting this plant]
3. Electrical works includes: Cabling, termination, control panel, bus connection, surge arrestor install, earth switch install, marshalling kiosk
4. Secondary systems includes: control panel equipments
5. Design and survey includes: Civil design, primary design, secondary design, power quality parameter setting
6. Contractor project management and overheads is allocated $0 at individual major plant level because it will be accounted for overall in the substation level building block", 220,ea.,18790469.398866773,760692.6994906621,570241.0865874363,104268.43169625179,562330.6523681858,190451.6129032258,0.0,0.0,0.0,20978453.881912533
511,Station,Reactive Plant,Statcom ±100MVAr,"Statcom and associated civil, structural, electrical and secondary system","1. Plant amount includes: Statcom unit
2. Civil and structural works includes: AIS/outdoor, fencing, drainage, all civil work for control cabling, busbar, footing.  [Busbar is accounted for in the corresponding switchbay protecting this plant]
3. Electrical works includes: Cabling, termination, control panel, bus connection, surge arrestor install, earth switch install, marshalling kiosk
4. Secondary systems includes: control panel equipments
5. Design and survey includes: Civil design, primary design, secondary design, power quality parameter setting
6. Contractor project management and overheads is allocated $0 at individual major plant level because it will be accounted for overall in the substation level building block", 220,ea.,26135620.94218985,1058064.516129032,792991.5110356535,104268.43169625179,781991.0634495084,265073.0050933786,0.0,0.0,0.0,29138009.469593674
512,Station,Reactive Plant,Statcom ±150MVAr,"Statcom and associated civil, structural, electrical and secondary system","1. Plant amount includes: Statcom unit
2. Civil and structural works includes: AIS/outdoor, fencing, drainage, all civil work for control cabling, busbar, footing.  [Busbar is accounted for in the corresponding switchbay protecting this plant]
3. Electrical works includes: Cabling, termination, control panel, bus connection, surge arrestor install, earth switch install, marshalling kiosk
4. Secondary systems includes: control panel equipments
5. Design and survey includes: Civil design, primary design, secondary design, power quality parameter setting
6. Contractor project management and overheads is allocated $0 at individual major plant level because it will be accounted for overall in the substation level building block", 220,ea.,31698629.566829655,1283042.4448217317,962281.8336162987,104268.43169625179,948932.9758713136,320760.6112054329,0.0,0.0,0.0,35317915.86404069
513,Station,Reactive Plant,Statcom ±50MVAr,"Statcom and associated civil, structural, electrical and secondary system","1. Plant amount includes: Statcom unit
2. Civil and structural works includes: AIS/outdoor, fencing, drainage, all civil work for control cabling, busbar, footing.  [Busbar is accounted for in the corresponding switchbay protecting this plant]
3. Electrical works includes: Cabling, termination, control panel, bus connection, surge arrestor install, earth switch install, marshalling kiosk
4. Secondary systems includes: control panel equipments
5. Design and survey includes: Civil design, primary design, secondary design, power quality parameter setting
6. Contractor project management and overheads is allocated $0 at individual major plant level because it will be accounted for overall in the substation level building block", 132,ea.,17593710.92500099,711687.6061120542,534601.0186757215,104268.43169625179,527184.9865951742,178200.33955857382,0.0,0.0,0.0,19649653.307638768
514,Station,Reactive Plant,Statcom ±100MVAr,"Statcom and associated civil, structural, electrical and secondary system","1. Plant amount includes: Statcom unit
2. Civil and structural works includes: AIS/outdoor, fencing, drainage, all civil work for control cabling, busbar, footing.  [Busbar is accounted for in the corresponding switchbay protecting this plant]
3. Electrical works includes: Cabling, termination, control panel, bus connection, surge arrestor install, earth switch install, marshalling kiosk
4. Secondary systems includes: control panel equipments
5. Design and survey includes: Civil design, primary design, secondary design, power quality parameter setting
6. Contractor project management and overheads is allocated $0 at individual major plant level because it will be accounted for overall in the substation level building block", 132,ea.,24351002.825008407,985670.6281833615,739531.4091680814,104268.43169625179,729272.564789991,247252.97113752118,0.0,0.0,0.0,27156998.829983614
515,Station,Reactive Plant,Statcom ±150MVAr,"Statcom and associated civil, structural, electrical and secondary system","1. Plant amount includes: Statcom unit
2. Civil and structural works includes: AIS/outdoor, fencing, drainage, all civil work for control cabling, busbar, footing.  [Busbar is accounted for in the corresponding switchbay protecting this plant]
3. Electrical works includes: Cabling, termination, control panel, bus connection, surge arrestor install, earth switch install, marshalling kiosk
4. Secondary systems includes: control panel equipments
5. Design and survey includes: Civil design, primary design, secondary design, power quality parameter setting
6. Contractor project management and overheads is allocated $0 at individual major plant level because it will be accounted for overall in the substation level building block", 132,ea.,29451149.330490194,1191714.7707979626,894342.9541595924,104268.43169625179,881936.5504915102,298485.5687606112,0.0,0.0,0.0,32821897.606396124
516,Station,Reactive Plant,Synchronous Condenser 250MVA,"Synchronous condenser and associated civil, structural, electrical and secondary system, including switchbay and step-up Tx as they come as a complete package","1. Plant amount includes: SYNCON machine without flywheel, Step-up Tx, CB bay as they comes in a complete package
2. Civil and structural works includes: SYNCON machine housed indoor. Cost of building structure
3. Electrical works includes: Cabling, termination, control panel and bus connection. Step-Tx and CB bay connection works included here as they comes in a complete package
4. Secondary systems includes: Control panel equipments
5. Design and survey includes: Civil design, primary design, secondary design, system strength parameter setting
6. Contractor project management and overheads is allocated $0 at individual major plant level because it will be accounted for overall in the substation level building block", 330,ea.,88696262.9834673,9734193.548387095,2920258.0645161285,104268.43169625179,2879747.989276139,1946838.7096774192,0.0,0.0,0.0,106281569.72702032
517,Station,Reactive Plant,Synchronous Condenser 125MVA,"Synchronous condenser and associated civil, structural, electrical and secondary system, including switchbay and step-up Tx as they come as a complete package","1. Plant amount includes: SYNCON machine without flywheel, Step-up Tx, CB bay as they comes in a complete package
2. Civil and structural works includes: SYNCON machine housed indoor. Cost of building structure
3. Electrical works includes: Cabling, termination, control panel and bus connection. Step-Tx and CB bay connection works included here as they comes in a complete package
4. Secondary systems includes: Control panel equipments
5. Design and survey includes: Civil design, primary design, secondary design, system strength parameter setting
6. Contractor project management and overheads is allocated $0 at individual major plant level because it will be accounted for overall in the substation level building block", 330,ea.,44297389.92252114,4861528.013582342,1458458.4040747026,104268.43169625179,1438226.5415549597,972305.6027164685,0.0,0.0,0.0,53132176.91614586
518,Station,Reactive Plant,Synchronous Condenser 80MVA,"Synchronous condenser and associated civil, structural, electrical and secondary system, including switchbay and step-up Tx as they come as a complete package","1. Plant amount includes: SYNCON machine without flywheel, Step-up Tx, CB bay as they comes in a complete package
2. Civil and structural works includes: SYNCON machine housed indoor. Cost of building structure
3. Electrical works includes: Cabling, termination, control panel and bus connection. Step-Tx and CB bay connection works included here as they comes in a complete package
4. Secondary systems includes: Control panel equipments
5. Design and survey includes: Civil design, primary design, secondary design, system strength parameter setting
6. Contractor project management and overheads is allocated $0 at individual major plant level because it will be accounted for overall in the substation level building block", 330,ea.,32373121.15758131,3552869.2699490655,1065860.7809847197,104268.43169625179,1051075.0670241285,710573.8539898131,0.0,0.0,0.0,38857768.56122529
519,Station,Reactive Plant,Synchronous Condenser 2 × 250MVA,"Synchronous condenser and associated civil, structural, electrical and secondary system, including switchbay and step-up Tx as they come as a complete package","1. Plant amount includes: SYNCON machine without flywheel, Step-up Tx, CB bay as they comes in a complete package
2. Civil and structural works includes: SYNCON machine housed indoor. Cost of building structure
3. Electrical works includes: Cabling, termination, control panel and bus connection. Step-Tx and CB bay connection works included here as they comes in a complete package
4. Secondary systems includes: Control panel equipments
5. Design and survey includes: Civil design, primary design, secondary design, system strength parameter setting
6. Contractor project management and overheads is allocated $0 at individual major plant level because it will be accounted for overall in the substation level building block", 330,ea.,164808616.80223212,18087334.465195242,5426200.339558573,104268.43169625179,5350927.6139410185,3617466.8930390486,0.0,0.0,0.0,197394814.54566225
520,Station,Reactive Plant,Synchronous Condenser 2 × 125MVA,"Synchronous condenser and associated civil, structural, electrical and secondary system, including switchbay and step-up Tx as they come as a complete package","1. Plant amount includes: SYNCON machine without flywheel, Step-up Tx, CB bay as they comes in a complete package
2. Civil and structural works includes: SYNCON machine housed indoor. Cost of building structure
3. Electrical works includes: Cabling, termination, control panel and bus connection. Step-Tx and CB bay connection works included here as they comes in a complete package
4. Secondary systems includes: Control panel equipments
5. Design and survey includes: Civil design, primary design, secondary design, system strength parameter setting
6. Contractor project management and overheads is allocated $0 at individual major plant level because it will be accounted for overall in the substation level building block", 330,ea.,88696262.9834673,9734193.548387095,2920258.0645161285,104268.43169625179,2879747.989276139,1946838.7096774192,0.0,0.0,0.0,106281569.72702032
521,Station,Reactive Plant,Synchronous Condenser 2 × 80MVA,"Synchronous condenser and associated civil, structural, electrical and secondary system, including switchbay and step-up Tx as they come as a complete package","1. Plant amount includes: SYNCON machine without flywheel, Step-up Tx, CB bay as they comes in a complete package
2. Civil and structural works includes: SYNCON machine housed indoor. Cost of building structure
3. Electrical works includes: Cabling, termination, control panel and bus connection. Step-Tx and CB bay connection works included here as they comes in a complete package
4. Secondary systems includes: Control panel equipments
5. Design and survey includes: Civil design, primary design, secondary design, system strength parameter setting
6. Contractor project management and overheads is allocated $0 at individual major plant level because it will be accounted for overall in the substation level building block", 330,ea.,56729074.37958606,6225874.363327674,1867762.3089983019,104268.43169625179,1841852.54691689,1245174.8726655347,0.0,0.0,0.0,68014006.90319072
522,Station,Reactive Plant,Synchronous Condenser 250MVA,"Synchronous condenser and associated civil, structural, electrical and secondary system, including switchbay and step-up Tx as they come as a complete package","1. Plant amount includes: SYNCON machine without flywheel, Step-up Tx, CB bay as they comes in a complete package
2. Civil and structural works includes: SYNCON machine housed indoor. Cost of building structure
3. Electrical works includes: Cabling, termination, control panel and bus connection. Step-Tx and CB bay connection works included here as they comes in a complete package
4. Secondary systems includes: Control panel equipments
5. Design and survey includes: Civil design, primary design, secondary design, system strength parameter setting
6. Contractor project management and overheads is allocated $0 at individual major plant level because it will be accounted for overall in the substation level building block", 275,ea.,88696262.9834673,9734193.548387095,2920258.0645161285,104268.43169625179,2879747.989276139,1946838.7096774192,0.0,0.0,0.0,106281569.72702032
523,Station,Reactive Plant,Synchronous Condenser 125MVA,"Synchronous condenser and associated civil, structural, electrical and secondary system, including switchbay and step-up Tx as they come as a complete package","1. Plant amount includes: SYNCON machine without flywheel, Step-up Tx, CB bay as they comes in a complete package
2. Civil and structural works includes: SYNCON machine housed indoor. Cost of building structure
3. Electrical works includes: Cabling, termination, control panel and bus connection. Step-Tx and CB bay connection works included here as they comes in a complete package
4. Secondary systems includes: Control panel equipments
5. Design and survey includes: Civil design, primary design, secondary design, system strength parameter setting
6. Contractor project management and overheads is allocated $0 at individual major plant level because it will be accounted for overall in the substation level building block", 275,ea.,44297389.92252114,4861528.013582342,1458458.4040747026,104268.43169625179,1438226.5415549597,972305.6027164685,0.0,0.0,0.0,53132176.91614586
524,Station,Reactive Plant,Synchronous Condenser 80MVA,"Synchronous condenser and associated civil, structural, electrical and secondary system, including switchbay and step-up Tx as they come as a complete package","1. Plant amount includes: SYNCON machine without flywheel, Step-up Tx, CB bay as they comes in a complete package
2. Civil and structural works includes: SYNCON machine housed indoor. Cost of building structure
3. Electrical works includes: Cabling, termination, control panel and bus connection. Step-Tx and CB bay connection works included here as they comes in a complete package
4. Secondary systems includes: Control panel equipments
5. Design and survey includes: Civil design, primary design, secondary design, system strength parameter setting
6. Contractor project management and overheads is allocated $0 at individual major plant level because it will be accounted for overall in the substation level building block", 275,ea.,32373121.15758131,3552869.2699490655,1065860.7809847197,104268.43169625179,1051075.0670241285,710573.8539898131,0.0,0.0,0.0,38857768.56122529
525,Station,Reactive Plant,Synchronous Condenser 2 × 250MVA,"Synchronous condenser and associated civil, structural, electrical and secondary system, including switchbay and step-up Tx as they come as a complete package","1. Plant amount includes: SYNCON machine without flywheel, Step-up Tx, CB bay as they comes in a complete package
2. Civil and structural works includes: SYNCON machine housed indoor. Cost of building structure
3. Electrical works includes: Cabling, termination, control panel and bus connection. Step-Tx and CB bay connection works included here as they comes in a complete package
4. Secondary systems includes: Control panel equipments
5. Design and survey includes: Civil design, primary design, secondary design, system strength parameter setting
6. Contractor project management and overheads is allocated $0 at individual major plant level because it will be accounted for overall in the substation level building block", 275,ea.,164808616.80223212,18087334.465195242,5426200.339558573,104268.43169625179,5350927.6139410185,3617466.8930390486,0.0,0.0,0.0,197394814.54566225
526,Station,Reactive Plant,Synchronous Condenser 2 × 125MVA,"Synchronous condenser and associated civil, structural, electrical and secondary system, including switchbay and step-up Tx as they come as a complete package","1. Plant amount includes: SYNCON machine without flywheel, Step-up Tx, CB bay as they comes in a complete package
2. Civil and structural works includes: SYNCON machine housed indoor. Cost of building structure
3. Electrical works includes: Cabling, termination, control panel and bus connection. Step-Tx and CB bay connection works included here as they comes in a complete package
4. Secondary systems includes: Control panel equipments
5. Design and survey includes: Civil design, primary design, secondary design, system strength parameter setting
6. Contractor project management and overheads is allocated $0 at individual major plant level because it will be accounted for overall in the substation level building block", 275,ea.,88696262.9834673,9734193.548387095,2920258.0645161285,104268.43169625179,2879747.989276139,1946838.7096774192,0.0,0.0,0.0,106281569.72702032
527,Station,Reactive Plant,Synchronous Condenser 2 × 80MVA,"Synchronous condenser and associated civil, structural, electrical and secondary system, including switchbay and step-up Tx as they come as a complete package","1. Plant amount includes: SYNCON machine without flywheel, Step-up Tx, CB bay as they comes in a complete package
2. Civil and structural works includes: SYNCON machine housed indoor. Cost of building structure
3. Electrical works includes: Cabling, termination, control panel and bus connection. Step-Tx and CB bay connection works included here as they comes in a complete package
4. Secondary systems includes: Control panel equipments
5. Design and survey includes: Civil design, primary design, secondary design, system strength parameter setting
6. Contractor project management and overheads is allocated $0 at individual major plant level because it will be accounted for overall in the substation level building block", 275,ea.,56729074.37958606,6225874.363327674,1867762.3089983019,104268.43169625179,1841852.54691689,1245174.8726655347,0.0,0.0,0.0,68014006.90319072
528,Station,Reactive Plant,Synchronous Condenser 250MVA,"Synchronous condenser and associated civil, structural, electrical and secondary system, including switchbay and step-up Tx as they come as a complete package","1. Plant amount includes: SYNCON machine without flywheel, Step-up Tx, CB bay as they comes in a complete package
2. Civil and structural works includes: SYNCON machine housed indoor. Cost of building structure
3. Electrical works includes: Cabling, termination, control panel and bus connection. Step-Tx and CB bay connection works included here as they comes in a complete package
4. Secondary systems includes: Control panel equipments
5. Design and survey includes: Civil design, primary design, secondary design, system strength parameter setting
6. Contractor project management and overheads is allocated $0 at individual major plant level because it will be accounted for overall in the substation level building block", 220,ea.,88696262.9834673,9734193.548387095,2920258.0645161285,104268.43169625179,2879747.989276139,1946838.7096774192,0.0,0.0,0.0,106281569.72702032
529,Station,Reactive Plant,Synchronous Condenser 125MVA,"Synchronous condenser and associated civil, structural, electrical and secondary system, including switchbay and step-up Tx as they come as a complete package","1. Plant amount includes: SYNCON machine without flywheel, Step-up Tx, CB bay as they comes in a complete package
2. Civil and structural works includes: SYNCON machine housed indoor. Cost of building structure
3. Electrical works includes: Cabling, termination, control panel and bus connection. Step-Tx and CB bay connection works included here as they comes in a complete package
4. Secondary systems includes: Control panel equipments
5. Design and survey includes: Civil design, primary design, secondary design, system strength parameter setting
6. Contractor project management and overheads is allocated $0 at individual major plant level because it will be accounted for overall in the substation level building block", 220,ea.,44297389.92252114,4861528.013582342,1458458.4040747026,104268.43169625179,1438226.5415549597,972305.6027164685,0.0,0.0,0.0,53132176.91614586
530,Station,Reactive Plant,Synchronous Condenser 80MVA,"Synchronous condenser and associated civil, structural, electrical and secondary system, including switchbay and step-up Tx as they come as a complete package","1. Plant amount includes: SYNCON machine without flywheel, Step-up Tx, CB bay as they comes in a complete package
2. Civil and structural works includes: SYNCON machine housed indoor. Cost of building structure
3. Electrical works includes: Cabling, termination, control panel and bus connection. Step-Tx and CB bay connection works included here as they comes in a complete package
4. Secondary systems includes: Control panel equipments
5. Design and survey includes: Civil design, primary design, secondary design, system strength parameter setting
6. Contractor project management and overheads is allocated $0 at individual major plant level because it will be accounted for overall in the substation level building block", 220,ea.,32373121.15758131,3552869.2699490655,1065860.7809847197,104268.43169625179,1051075.0670241285,710573.8539898131,0.0,0.0,0.0,38857768.56122529
531,Station,Reactive Plant,Synchronous Condenser 2 × 250MVA,"Synchronous condenser and associated civil, structural, electrical and secondary system, including switchbay and step-up Tx as they come as a complete package","1. Plant amount includes: SYNCON machine without flywheel, Step-up Tx, CB bay as they comes in a complete package
2. Civil and structural works includes: SYNCON machine housed indoor. Cost of building structure
3. Electrical works includes: Cabling, termination, control panel and bus connection. Step-Tx and CB bay connection works included here as they comes in a complete package
4. Secondary systems includes: Control panel equipments
5. Design and survey includes: Civil design, primary design, secondary design, system strength parameter setting
6. Contractor project management and overheads is allocated $0 at individual major plant level because it will be accounted for overall in the substation level building block", 220,ea.,164808616.80223212,18087334.465195242,5426200.339558573,104268.43169625179,5350927.6139410185,3617466.8930390486,0.0,0.0,0.0,197394814.54566225
532,Station,Reactive Plant,Synchronous Condenser 2 × 125MVA,"Synchronous condenser and associated civil, structural, electrical and secondary system, including switchbay and step-up Tx as they come as a complete package","1. Plant amount includes: SYNCON machine without flywheel, Step-up Tx, CB bay as they comes in a complete package
2. Civil and structural works includes: SYNCON machine housed indoor. Cost of building structure
3. Electrical works includes: Cabling, termination, control panel and bus connection. Step-Tx and CB bay connection works included here as they comes in a complete package
4. Secondary systems includes: Control panel equipments
5. Design and survey includes: Civil design, primary design, secondary design, system strength parameter setting
6. Contractor project management and overheads is allocated $0 at individual major plant level because it will be accounted for overall in the substation level building block", 220,ea.,88696262.9834673,9734193.548387095,2920258.0645161285,104268.43169625179,2879747.989276139,1946838.7096774192,0.0,0.0,0.0,106281569.72702032
533,Station,Reactive Plant,Synchronous Condenser 2 × 80MVA,"Synchronous condenser and associated civil, structural, electrical and secondary system, including switchbay and step-up Tx as they come as a complete package","1. Plant amount includes: SYNCON machine without flywheel, Step-up Tx, CB bay as they comes in a complete package
2. Civil and structural works includes: SYNCON machine housed indoor. Cost of building structure
3. Electrical works includes: Cabling, termination, control panel and bus connection. Step-Tx and CB bay connection works included here as they comes in a complete package
4. Secondary systems includes: Control panel equipments
5. Design and survey includes: Civil design, primary design, secondary design, system strength parameter setting
6. Contractor project management and overheads is allocated $0 at individual major plant level because it will be accounted for overall in the substation level building block", 220,ea.,56729074.37958606,6225874.363327674,1867762.3089983019,104268.43169625179,1841852.54691689,1245174.8726655347,0.0,0.0,0.0,68014006.90319072
534,Station,Reactive Plant,Synchronous Condenser 250MVA,"Synchronous condenser and associated civil, structural, electrical and secondary system, including switchbay and step-up Tx as they come as a complete package","1. Plant amount includes: SYNCON machine without flywheel, Step-up Tx, CB bay as they comes in a complete package
2. Civil and structural works includes: SYNCON machine housed indoor. Cost of building structure
3. Electrical works includes: Cabling, termination, control panel and bus connection. Step-Tx and CB bay connection works included here as they comes in a complete package
4. Secondary systems includes: Control panel equipments
5. Design and survey includes: Civil design, primary design, secondary design, system strength parameter setting
6. Contractor project management and overheads is allocated $0 at individual major plant level because it will be accounted for overall in the substation level building block", 132,ea.,88696262.9834673,9734193.548387095,2920258.0645161285,104268.43169625179,2879747.989276139,1946838.7096774192,0.0,0.0,0.0,106281569.72702032
535,Station,Reactive Plant,Synchronous Condenser 125MVA,"Synchronous condenser and associated civil, structural, electrical and secondary system, including switchbay and step-up Tx as they come as a complete package","1. Plant amount includes: SYNCON machine without flywheel, Step-up Tx, CB bay as they comes in a complete package
2. Civil and structural works includes: SYNCON machine housed indoor. Cost of building structure
3. Electrical works includes: Cabling, termination, control panel and bus connection. Step-Tx and CB bay connection works included here as they comes in a complete package
4. Secondary systems includes: Control panel equipments
5. Design and survey includes: Civil design, primary design, secondary design, system strength parameter setting
6. Contractor project management and overheads is allocated $0 at individual major plant level because it will be accounted for overall in the substation level building block", 132,ea.,44297389.92252114,4861528.013582342,1458458.4040747026,104268.43169625179,1438226.5415549597,972305.6027164685,0.0,0.0,0.0,53132176.91614586
536,Station,Reactive Plant,Synchronous Condenser 80MVA,"Synchronous condenser and associated civil, structural, electrical and secondary system, including switchbay and step-up Tx as they come as a complete package","1. Plant amount includes: SYNCON machine without flywheel, Step-up Tx, CB bay as they comes in a complete package
2. Civil and structural works includes: SYNCON machine housed indoor. Cost of building structure
3. Electrical works includes: Cabling, termination, control panel and bus connection. Step-Tx and CB bay connection works included here as they comes in a complete package
4. Secondary systems includes: Control panel equipments
5. Design and survey includes: Civil design, primary design, secondary design, system strength parameter setting
6. Contractor project management and overheads is allocated $0 at individual major plant level because it will be accounted for overall in the substation level building block", 132,ea.,32373121.15758131,3552869.2699490655,1065860.7809847197,104268.43169625179,1051075.0670241285,710573.8539898131,0.0,0.0,0.0,38857768.56122529
537,Station,Reactive Plant,Synchronous Condenser 2 × 250MVA,"Synchronous condenser and associated civil, structural, electrical and secondary system, including switchbay and step-up Tx as they come as a complete package","1. Plant amount includes: SYNCON machine without flywheel, Step-up Tx, CB bay as they comes in a complete package
2. Civil and structural works includes: SYNCON machine housed indoor. Cost of building structure
3. Electrical works includes: Cabling, termination, control panel and bus connection. Step-Tx and CB bay connection works included here as they comes in a complete package
4. Secondary systems includes: Control panel equipments
5. Design and survey includes: Civil design, primary design, secondary design, system strength parameter setting
6. Contractor project management and overheads is allocated $0 at individual major plant level because it will be accounted for overall in the substation level building block", 132,ea.,164808616.80223212,18087334.465195242,5426200.339558573,104268.43169625179,5350927.6139410185,3617466.8930390486,0.0,0.0,0.0,197394814.54566225
538,Station,Reactive Plant,Synchronous Condenser 2 × 125MVA,"Synchronous condenser and associated civil, structural, electrical and secondary system, including switchbay and step-up Tx as they come as a complete package","1. Plant amount includes: SYNCON machine without flywheel, Step-up Tx, CB bay as they comes in a complete package
2. Civil and structural works includes: SYNCON machine housed indoor. Cost of building structure
3. Electrical works includes: Cabling, termination, control panel and bus connection. Step-Tx and CB bay connection works included here as they comes in a complete package
4. Secondary systems includes: Control panel equipments
5. Design and survey includes: Civil design, primary design, secondary design, system strength parameter setting
6. Contractor project management and overheads is allocated $0 at individual major plant level because it will be accounted for overall in the substation level building block", 132,ea.,88696262.9834673,9734193.548387095,2920258.0645161285,104268.43169625179,2879747.989276139,1946838.7096774192,0.0,0.0,0.0,106281569.72702032
539,Station,Reactive Plant,Synchronous Condenser 2 × 80MVA,"Synchronous condenser and associated civil, structural, electrical and secondary system, including switchbay and step-up Tx as they come as a complete package","1. Plant amount includes: SYNCON machine without flywheel, Step-up Tx, CB bay as they comes in a complete package
2. Civil and structural works includes: SYNCON machine housed indoor. Cost of building structure
3. Electrical works includes: Cabling, termination, control panel and bus connection. Step-Tx and CB bay connection works included here as they comes in a complete package
4. Secondary systems includes: Control panel equipments
5. Design and survey includes: Civil design, primary design, secondary design, system strength parameter setting
6. Contractor project management and overheads is allocated $0 at individual major plant level because it will be accounted for overall in the substation level building block", 132,ea.,56729074.37958606,6225874.363327674,1867762.3089983019,104268.43169625179,1841852.54691689,1245174.8726655347,0.0,0.0,0.0,68014006.90319072
540,Station,Reactive Plant,Synchronous Condenser 250MVA with flywheel,"Synchronous condenser with flywheel and associated civil, structural, electrical and secondary system, including switchbay and step-up Tx as they come as a complete package","1. Plant amount includes: SYNCON machine with flywheel, Step-up Tx, CB bay as they comes in a complete package
2. Civil and structural works includes: SYNCON machine housed indoor. Cost of building structure
3. Electrical works includes: Cabling, termination, control panel and bus connection. Step-Tx and CB bay connection works included here as they comes in a complete package
4. Secondary systems includes: Control panel equipments
5. Design and survey includes: Civil design, primary design, secondary design, system strength parameter setting
6. Contractor project management and overheads is allocated $0 at individual major plant level because it will be accounted for overall in the substation level building block", 330,ea.,91357150.87297131,9734193.548387095,2920258.0645161285,104268.43169625179,2879747.989276139,1946838.7096774192,0.0,0.0,0.0,108942457.61652434
541,Station,Reactive Plant,Synchronous Condenser 125MVA with flywheel,"Synchronous condenser with flywheel and associated civil, structural, electrical and secondary system, including switchbay and step-up Tx as they come as a complete package","1. Plant amount includes: SYNCON machine with flywheel, Step-up Tx, CB bay as they comes in a complete package
2. Civil and structural works includes: SYNCON machine housed indoor. Cost of building structure
3. Electrical works includes: Cabling, termination, control panel and bus connection. Step-Tx and CB bay connection works included here as they comes in a complete package
4. Secondary systems includes: Control panel equipments
5. Design and survey includes: Civil design, primary design, secondary design, system strength parameter setting
6. Contractor project management and overheads is allocated $0 at individual major plant level because it will be accounted for overall in the substation level building block", 330,ea.,45626311.62019677,4861528.013582342,1458458.4040747026,104268.43169625179,1438226.5415549597,972305.6027164685,0.0,0.0,0.0,54461098.61382149
542,Station,Reactive Plant,Synchronous Condenser 80MVA with flywheel,"Synchronous condenser with flywheel and associated civil, structural, electrical and secondary system, including switchbay and step-up Tx as they come as a complete package","1. Plant amount includes: SYNCON machine with flywheel, Step-up Tx, CB bay as they comes in a complete package
2. Civil and structural works includes: SYNCON machine housed indoor. Cost of building structure
3. Electrical works includes: Cabling, termination, control panel and bus connection. Step-Tx and CB bay connection works included here as they comes in a complete package
4. Secondary systems includes: Control panel equipments
5. Design and survey includes: Civil design, primary design, secondary design, system strength parameter setting
6. Contractor project management and overheads is allocated $0 at individual major plant level because it will be accounted for overall in the substation level building block", 330,ea.,33344314.79230875,3552869.2699490655,1065860.7809847197,104268.43169625179,1051075.0670241285,710573.8539898131,0.0,0.0,0.0,39828962.19595273
543,Station,Reactive Plant,Synchronous Condenser 2 × 250MVA with flywheel,"Synchronous condenser with flywheel and associated civil, structural, electrical and secondary system, including switchbay and step-up Tx as they come as a complete package","1. Plant amount includes: SYNCON machine with flywheel, Step-up Tx, CB bay as they comes in a complete package
2. Civil and structural works includes: SYNCON machine housed indoor. Cost of building structure
3. Electrical works includes: Cabling, termination, control panel and bus connection. Step-Tx and CB bay connection works included here as they comes in a complete package
4. Secondary systems includes: Control panel equipments
5. Design and survey includes: Civil design, primary design, secondary design, system strength parameter setting
6. Contractor project management and overheads is allocated $0 at individual major plant level because it will be accounted for overall in the substation level building block", 330,ea.,169752875.3062991,18087334.465195242,5426200.339558573,104268.43169625179,5350927.6139410185,3617466.8930390486,0.0,0.0,0.0,202339073.04972923
544,Station,Reactive Plant,Synchronous Condenser 2 × 125MVA with flywheel,"Synchronous condenser with flywheel and associated civil, structural, electrical and secondary system, including switchbay and step-up Tx as they come as a complete package","1. Plant amount includes: SYNCON machine with flywheel, Step-up Tx, CB bay as they comes in a complete package
2. Civil and structural works includes: SYNCON machine housed indoor. Cost of building structure
3. Electrical works includes: Cabling, termination, control panel and bus connection. Step-Tx and CB bay connection works included here as they comes in a complete package
4. Secondary systems includes: Control panel equipments
5. Design and survey includes: Civil design, primary design, secondary design, system strength parameter setting
6. Contractor project management and overheads is allocated $0 at individual major plant level because it will be accounted for overall in the substation level building block", 330,ea.,91357150.87297131,9734193.548387095,2920258.0645161285,104268.43169625179,2879747.989276139,1946838.7096774192,0.0,0.0,0.0,108942457.61652434
545,Station,Reactive Plant,Synchronous Condenser 2 × 80MVA with flywheel,"Synchronous condenser with flywheel and associated civil, structural, electrical and secondary system, including switchbay and step-up Tx as they come as a complete package","1. Plant amount includes: SYNCON machine with flywheel, Step-up Tx, CB bay as they comes in a complete package
2. Civil and structural works includes: SYNCON machine housed indoor. Cost of building structure
3. Electrical works includes: Cabling, termination, control panel and bus connection. Step-Tx and CB bay connection works included here as they comes in a complete package
4. Secondary systems includes: Control panel equipments
5. Design and survey includes: Civil design, primary design, secondary design, system strength parameter setting
6. Contractor project management and overheads is allocated $0 at individual major plant level because it will be accounted for overall in the substation level building block", 330,ea.,58430946.61097364,6225874.363327674,1867762.3089983019,104268.43169625179,1841852.54691689,1245174.8726655347,0.0,0.0,0.0,69715879.1345783
546,Station,Reactive Plant,Synchronous Condenser 250MVA with flywheel,"Synchronous condenser with flywheel and associated civil, structural, electrical and secondary system, including switchbay and step-up Tx as they come as a complete package","1. Plant amount includes: SYNCON machine with flywheel, Step-up Tx, CB bay as they comes in a complete package
2. Civil and structural works includes: SYNCON machine housed indoor. Cost of building structure
3. Electrical works includes: Cabling, termination, control panel and bus connection. Step-Tx and CB bay connection works included here as they comes in a complete package
4. Secondary systems includes: Control panel equipments
5. Design and survey includes: Civil design, primary design, secondary design, system strength parameter setting
6. Contractor project management and overheads is allocated $0 at individual major plant level because it will be accounted for overall in the substation level building block", 275,ea.,91357150.87297131,9734193.548387095,2920258.0645161285,104268.43169625179,2879747.989276139,1946838.7096774192,0.0,0.0,0.0,108942457.61652434
547,Station,Reactive Plant,Synchronous Condenser 125MVA with flywheel,"Synchronous condenser with flywheel and associated civil, structural, electrical and secondary system, including switchbay and step-up Tx as they come as a complete package","1. Plant amount includes: SYNCON machine with flywheel, Step-up Tx, CB bay as they comes in a complete package
2. Civil and structural works includes: SYNCON machine housed indoor. Cost of building structure
3. Electrical works includes: Cabling, termination, control panel and bus connection. Step-Tx and CB bay connection works included here as they comes in a complete package
4. Secondary systems includes: Control panel equipments
5. Design and survey includes: Civil design, primary design, secondary design, system strength parameter setting
6. Contractor project management and overheads is allocated $0 at individual major plant level because it will be accounted for overall in the substation level building block", 275,ea.,45626311.62019677,4861528.013582342,1458458.4040747026,104268.43169625179,1438226.5415549597,972305.6027164685,0.0,0.0,0.0,54461098.61382149
548,Station,Reactive Plant,Synchronous Condenser 80MVA with flywheel,"Synchronous condenser with flywheel and associated civil, structural, electrical and secondary system, including switchbay and step-up Tx as they come as a complete package","1. Plant amount includes: SYNCON machine with flywheel, Step-up Tx, CB bay as they comes in a complete package
2. Civil and structural works includes: SYNCON machine housed indoor. Cost of building structure
3. Electrical works includes: Cabling, termination, control panel and bus connection. Step-Tx and CB bay connection works included here as they comes in a complete package
4. Secondary systems includes: Control panel equipments
5. Design and survey includes: Civil design, primary design, secondary design, system strength parameter setting
6. Contractor project management and overheads is allocated $0 at individual major plant level because it will be accounted for overall in the substation level building block", 275,ea.,33344314.79230875,3552869.2699490655,1065860.7809847197,104268.43169625179,1051075.0670241285,710573.8539898131,0.0,0.0,0.0,39828962.19595273
549,Station,Reactive Plant,Synchronous Condenser 2 × 250MVA with flywheel,"Synchronous condenser with flywheel and associated civil, structural, electrical and secondary system, including switchbay and step-up Tx as they come as a complete package","1. Plant amount includes: SYNCON machine with flywheel, Step-up Tx, CB bay as they comes in a complete package
2. Civil and structural works includes: SYNCON machine housed indoor. Cost of building structure
3. Electrical works includes: Cabling, termination, control panel and bus connection. Step-Tx and CB bay connection works included here as they comes in a complete package
4. Secondary systems includes: Control panel equipments
5. Design and survey includes: Civil design, primary design, secondary design, system strength parameter setting
6. Contractor project management and overheads is allocated $0 at individual major plant level because it will be accounted for overall in the substation level building block", 275,ea.,169752875.3062991,18087334.465195242,5426200.339558573,104268.43169625179,5350927.6139410185,3617466.8930390486,0.0,0.0,0.0,202339073.04972923
550,Station,Reactive Plant,Synchronous Condenser 2 × 125MVA with flywheel,"Synchronous condenser with flywheel and associated civil, structural, electrical and secondary system, including switchbay and step-up Tx as they come as a complete package","1. Plant amount includes: SYNCON machine with flywheel, Step-up Tx, CB bay as they comes in a complete package
2. Civil and structural works includes: SYNCON machine housed indoor. Cost of building structure
3. Electrical works includes: Cabling, termination, control panel and bus connection. Step-Tx and CB bay connection works included here as they comes in a complete package
4. Secondary systems includes: Control panel equipments
5. Design and survey includes: Civil design, primary design, secondary design, system strength parameter setting
6. Contractor project management and overheads is allocated $0 at individual major plant level because it will be accounted for overall in the substation level building block", 275,ea.,91357150.87297131,9734193.548387095,2920258.0645161285,104268.43169625179,2879747.989276139,1946838.7096774192,0.0,0.0,0.0,108942457.61652434
551,Station,Reactive Plant,Synchronous Condenser 2 × 80MVA with flywheel,"Synchronous condenser with flywheel and associated civil, structural, electrical and secondary system, including switchbay and step-up Tx as they come as a complete package","1. Plant amount includes: SYNCON machine with flywheel, Step-up Tx, CB bay as they comes in a complete package
2. Civil and structural works includes: SYNCON machine housed indoor. Cost of building structure
3. Electrical works includes: Cabling, termination, control panel and bus connection. Step-Tx and CB bay connection works included here as they comes in a complete package
4. Secondary systems includes: Control panel equipments
5. Design and survey includes: Civil design, primary design, secondary design, system strength parameter setting
6. Contractor project management and overheads is allocated $0 at individual major plant level because it will be accounted for overall in the substation level building block", 275,ea.,58430946.61097364,6225874.363327674,1867762.3089983019,104268.43169625179,1841852.54691689,1245174.8726655347,0.0,0.0,0.0,69715879.1345783
552,Station,Reactive Plant,Synchronous Condenser 250MVA with flywheel,"Synchronous condenser with flywheel and associated civil, structural, electrical and secondary system, including switchbay and step-up Tx as they come as a complete package","1. Plant amount includes: SYNCON machine with flywheel, Step-up Tx, CB bay as they comes in a complete package
2. Civil and structural works includes: SYNCON machine housed indoor. Cost of building structure
3. Electrical works includes: Cabling, termination, control panel and bus connection. Step-Tx and CB bay connection works included here as they comes in a complete package
4. Secondary systems includes: Control panel equipments
5. Design and survey includes: Civil design, primary design, secondary design, system strength parameter setting
6. Contractor project management and overheads is allocated $0 at individual major plant level because it will be accounted for overall in the substation level building block", 220,ea.,91357150.87297131,9734193.548387095,2920258.0645161285,104268.43169625179,2879747.989276139,1946838.7096774192,0.0,0.0,0.0,108942457.61652434
553,Station,Reactive Plant,Synchronous Condenser 125MVA with flywheel,"Synchronous condenser with flywheel and associated civil, structural, electrical and secondary system, including switchbay and step-up Tx as they come as a complete package","1. Plant amount includes: SYNCON machine with flywheel, Step-up Tx, CB bay as they comes in a complete package
2. Civil and structural works includes: SYNCON machine housed indoor. Cost of building structure
3. Electrical works includes: Cabling, termination, control panel and bus connection. Step-Tx and CB bay connection works included here as they comes in a complete package
4. Secondary systems includes: Control panel equipments
5. Design and survey includes: Civil design, primary design, secondary design, system strength parameter setting
6. Contractor project management and overheads is allocated $0 at individual major plant level because it will be accounted for overall in the substation level building block", 220,ea.,45626311.62019677,4861528.013582342,1458458.4040747026,104268.43169625179,1438226.5415549597,972305.6027164685,0.0,0.0,0.0,54461098.61382149
554,Station,Reactive Plant,Synchronous Condenser 80MVA with flywheel,"Synchronous condenser with flywheel and associated civil, structural, electrical and secondary system, including switchbay and step-up Tx as they come as a complete package","1. Plant amount includes: SYNCON machine with flywheel, Step-up Tx, CB bay as they comes in a complete package
2. Civil and structural works includes: SYNCON machine housed indoor. Cost of building structure
3. Electrical works includes: Cabling, termination, control panel and bus connection. Step-Tx and CB bay connection works included here as they comes in a complete package
4. Secondary systems includes: Control panel equipments
5. Design and survey includes: Civil design, primary design, secondary design, system strength parameter setting
6. Contractor project management and overheads is allocated $0 at individual major plant level because it will be accounted for overall in the substation level building block", 220,ea.,33344314.79230875,3552869.2699490655,1065860.7809847197,104268.43169625179,1051075.0670241285,710573.8539898131,0.0,0.0,0.0,39828962.19595273
555,Station,Reactive Plant,Synchronous Condenser 2 × 250MVA with flywheel,"Synchronous condenser with flywheel and associated civil, structural, electrical and secondary system, including switchbay and step-up Tx as they come as a complete package","1. Plant amount includes: SYNCON machine with flywheel, Step-up Tx, CB bay as they comes in a complete package
2. Civil and structural works includes: SYNCON machine housed indoor. Cost of building structure
3. Electrical works includes: Cabling, termination, control panel and bus connection. Step-Tx and CB bay connection works included here as they comes in a complete package
4. Secondary systems includes: Control panel equipments
5. Design and survey includes: Civil design, primary design, secondary design, system strength parameter setting
6. Contractor project management and overheads is allocated $0 at individual major plant level because it will be accounted for overall in the substation level building block", 220,ea.,169752875.3062991,18087334.465195242,5426200.339558573,104268.43169625179,5350927.6139410185,3617466.8930390486,0.0,0.0,0.0,202339073.04972923
556,Station,Reactive Plant,Synchronous Condenser 2 × 125MVA with flywheel,"Synchronous condenser with flywheel and associated civil, structural, electrical and secondary system, including switchbay and step-up Tx as they come as a complete package","1. Plant amount includes: SYNCON machine with flywheel, Step-up Tx, CB bay as they comes in a complete package
2. Civil and structural works includes: SYNCON machine housed indoor. Cost of building structure
3. Electrical works includes: Cabling, termination, control panel and bus connection. Step-Tx and CB bay connection works included here as they comes in a complete package
4. Secondary systems includes: Control panel equipments
5. Design and survey includes: Civil design, primary design, secondary design, system strength parameter setting
6. Contractor project management and overheads is allocated $0 at individual major plant level because it will be accounted for overall in the substation level building block", 220,ea.,91357150.87297131,9734193.548387095,2920258.0645161285,104268.43169625179,2879747.989276139,1946838.7096774192,0.0,0.0,0.0,108942457.61652434
557,Station,Reactive Plant,Synchronous Condenser 2 × 80MVA with flywheel,"Synchronous condenser with flywheel and associated civil, structural, electrical and secondary system, including switchbay and step-up Tx as they come as a complete package","1. Plant amount includes: SYNCON machine with flywheel, Step-up Tx, CB bay as they comes in a complete package
2. Civil and structural works includes: SYNCON machine housed indoor. Cost of building structure
3. Electrical works includes: Cabling, termination, control panel and bus connection. Step-Tx and CB bay connection works included here as they comes in a complete package
4. Secondary systems includes: Control panel equipments
5. Design and survey includes: Civil design, primary design, secondary design, system strength parameter setting
6. Contractor project management and overheads is allocated $0 at individual major plant level because it will be accounted for overall in the substation level building block", 220,ea.,58430946.61097364,6225874.363327674,1867762.3089983019,104268.43169625179,1841852.54691689,1245174.8726655347,0.0,0.0,0.0,69715879.1345783
558,Station,Reactive Plant,Synchronous Condenser 250MVA with flywheel,"Synchronous condenser with flywheel and associated civil, structural, electrical and secondary system, including switchbay and step-up Tx as they come as a complete package","1. Plant amount includes: SYNCON machine with flywheel, Step-up Tx, CB bay as they comes in a complete package
2. Civil and structural works includes: SYNCON machine housed indoor. Cost of building structure
3. Electrical works includes: Cabling, termination, control panel and bus connection. Step-Tx and CB bay connection works included here as they comes in a complete package
4. Secondary systems includes: Control panel equipments
5. Design and survey includes: Civil design, primary design, secondary design, system strength parameter setting
6. Contractor project management and overheads is allocated $0 at individual major plant level because it will be accounted for overall in the substation level building block", 132,ea.,91357150.87297131,9734193.548387095,2920258.0645161285,104268.43169625179,2879747.989276139,1946838.7096774192,0.0,0.0,0.0,108942457.61652434
559,Station,Reactive Plant,Synchronous Condenser 125MVA with flywheel,"Synchronous condenser with flywheel and associated civil, structural, electrical and secondary system, including switchbay and step-up Tx as they come as a complete package","1. Plant amount includes: SYNCON machine with flywheel, Step-up Tx, CB bay as they comes in a complete package
2. Civil and structural works includes: SYNCON machine housed indoor. Cost of building structure
3. Electrical works includes: Cabling, termination, control panel and bus connection. Step-Tx and CB bay connection works included here as they comes in a complete package
4. Secondary systems includes: Control panel equipments
5. Design and survey includes: Civil design, primary design, secondary design, system strength parameter setting
6. Contractor project management and overheads is allocated $0 at individual major plant level because it will be accounted for overall in the substation level building block", 132,ea.,45626311.62019677,4861528.013582342,1458458.4040747026,104268.43169625179,1438226.5415549597,972305.6027164685,0.0,0.0,0.0,54461098.61382149
560,Station,Reactive Plant,Synchronous Condenser 80MVA with flywheel,"Synchronous condenser with flywheel and associated civil, structural, electrical and secondary system, including switchbay and step-up Tx as they come as a complete package","1. Plant amount includes: SYNCON machine with flywheel, Step-up Tx, CB bay as they comes in a complete package
2. Civil and structural works includes: SYNCON machine housed indoor. Cost of building structure
3. Electrical works includes: Cabling, termination, control panel and bus connection. Step-Tx and CB bay connection works included here as they comes in a complete package
4. Secondary systems includes: Control panel equipments
5. Design and survey includes: Civil design, primary design, secondary design, system strength parameter setting
6. Contractor project management and overheads is allocated $0 at individual major plant level because it will be accounted for overall in the substation level building block", 132,ea.,33344314.79230875,3552869.2699490655,1065860.7809847197,104268.43169625179,1051075.0670241285,710573.8539898131,0.0,0.0,0.0,39828962.19595273
561,Station,Reactive Plant,Synchronous Condenser 2 × 250MVA with flywheel,"Synchronous condenser with flywheel and associated civil, structural, electrical and secondary system, including switchbay and step-up Tx as they come as a complete package","1. Plant amount includes: SYNCON machine with flywheel, Step-up Tx, CB bay as they comes in a complete package
2. Civil and structural works includes: SYNCON machine housed indoor. Cost of building structure
3. Electrical works includes: Cabling, termination, control panel and bus connection. Step-Tx and CB bay connection works included here as they comes in a complete package
4. Secondary systems includes: Control panel equipments
5. Design and survey includes: Civil design, primary design, secondary design, system strength parameter setting
6. Contractor project management and overheads is allocated $0 at individual major plant level because it will be accounted for overall in the substation level building block", 132,ea.,169752875.3062991,18087334.465195242,5426200.339558573,104268.43169625179,5350927.6139410185,3617466.8930390486,0.0,0.0,0.0,202339073.04972923
562,Station,Reactive Plant,Synchronous Condenser 2 × 125MVA with flywheel,"Synchronous condenser with flywheel and associated civil, structural, electrical and secondary system, including switchbay and step-up Tx as they come as a complete package","1. Plant amount includes: SYNCON machine with flywheel, Step-up Tx, CB bay as they comes in a complete package
2. Civil and structural works includes: SYNCON machine housed indoor. Cost of building structure
3. Electrical works includes: Cabling, termination, control panel and bus connection. Step-Tx and CB bay connection works included here as they comes in a complete package
4. Secondary systems includes: Control panel equipments
5. Design and survey includes: Civil design, primary design, secondary design, system strength parameter setting
6. Contractor project management and overheads is allocated $0 at individual major plant level because it will be accounted for overall in the substation level building block", 132,ea.,91357150.87297131,9734193.548387095,2920258.0645161285,104268.43169625179,2879747.989276139,1946838.7096774192,0.0,0.0,0.0,108942457.61652434
563,Station,Reactive Plant,Synchronous Condenser 2 × 80MVA with flywheel,"Synchronous condenser with flywheel and associated civil, structural, electrical and secondary system, including switchbay and step-up Tx as they come as a complete package","1. Plant amount includes: SYNCON machine with flywheel, Step-up Tx, CB bay as they comes in a complete package
2. Civil and structural works includes: SYNCON machine housed indoor. Cost of building structure
3. Electrical works includes: Cabling, termination, control panel and bus connection. Step-Tx and CB bay connection works included here as they comes in a complete package
4. Secondary systems includes: Control panel equipments
5. Design and survey includes: Civil design, primary design, secondary design, system strength parameter setting
6. Contractor project management and overheads is allocated $0 at individual major plant level because it will be accounted for overall in the substation level building block", 132,ea.,58430946.61097364,6225874.363327674,1867762.3089983019,104268.43169625179,1841852.54691689,1245174.8726655347,0.0,0.0,0.0,69715879.1345783
564,Station,Power Flow Controller,Phase Shifting Transformer Angle ±40deg 1000MVA 2 winding Tx (3ph assumed),"Phase Shifting Transformer and associated civil, structural, electrical and secondary system","1. Plant amount includes: Tx, surge arrester
2. Civil and structural works includes: foundation, drainage,bunding, firewall, all civil work for control cabling, gantry, busbar
3. Electrical works includes: Cabling, termination, control panel, bus connection, surge arrestor install, earth switch install, marshalling kiosk
4. Secondary systems includes: Control panel equipments
5. Design and survey includes: Civil design, primary design, secondary design, protection setting etc.
6. Contractor project management and overheads is allocated $0 at individual major plant level because it will be accounted for overall in the substation level building block", 500,ea.,38070409.3007469,2227504.2444821727,1465697.7928692698,104268.43169625179,722682.7524575513,183212.22410865873,0.0,0.0,0.0,42773774.74636081
565,Station,Power Flow Controller,Phase Shifting Transformer Angle ±40deg 750MVA 2 winding Tx (3ph assumed),"Phase Shifting Transformer and associated civil, structural, electrical and secondary system","1. Plant amount includes: Tx, surge arrester
2. Civil and structural works includes: foundation, drainage,bunding, firewall, all civil work for control cabling, gantry, busbar
3. Electrical works includes: Cabling, termination, control panel, bus connection, surge arrestor install, earth switch install, marshalling kiosk
4. Secondary systems includes: Control panel equipments
5. Design and survey includes: Civil design, primary design, secondary design, protection setting etc.
6. Contractor project management and overheads is allocated $0 at individual major plant level because it will be accounted for overall in the substation level building block", 500,ea.,27945300.444165282,2227504.2444821727,1075884.5500848894,104268.43169625179,530479.892761394,134485.56876061118,0.0,0.0,0.0,32017923.131950602
566,Station,Power Flow Controller,Phase Shifting Transformer Angle ±40deg 750MVA 2 winding Tx (3ph assumed),"Phase Shifting Transformer and associated civil, structural, electrical and secondary system","1. Plant amount includes: Tx, surge arrester
2. Civil and structural works includes: foundation, drainage,bunding, firewall, all civil work for control cabling, gantry, busbar
3. Electrical works includes: Cabling, termination, control panel, bus connection, surge arrestor install, earth switch install, marshalling kiosk
4. Secondary systems includes: Control panel equipments
5. Design and survey includes: Civil design, primary design, secondary design, protection setting etc.
6. Contractor project management and overheads is allocated $0 at individual major plant level because it will be accounted for overall in the substation level building block", 330,ea.,28523878.0931128,1670628.1833616297,1098159.5925297113,104268.43169625179,541462.9133154602,137269.9490662139,0.0,0.0,0.0,32075667.163082067
567,Station,Power Flow Controller,Phase Shifting Transformer Angle ±40deg 500MVA 2 winding Tx (3ph assumed),"Phase Shifting Transformer and associated civil, structural, electrical and secondary system","1. Plant amount includes: Tx, surge arrester
2. Civil and structural works includes: foundation, drainage,bunding, firewall, all civil work for control cabling, gantry, busbar
3. Electrical works includes: Cabling, termination, control panel, bus connection, surge arrestor install, earth switch install, marshalling kiosk
4. Secondary systems includes: Control panel equipments
5. Design and survey includes: Civil design, primary design, secondary design, protection setting etc.
6. Contractor project management and overheads is allocated $0 at individual major plant level because it will be accounted for overall in the substation level building block", 330,ea.,21291657.481268786,1670628.1833616297,819721.5619694396,104268.43169625179,404175.15638963354,102465.19524617995,0.0,0.0,0.0,24392916.009931922
568,Station,Power Flow Controller,Phase Shifting Transformer Angle ±40deg 400MVA 2 winding Tx (3ph assumed),"Phase Shifting Transformer and associated civil, structural, electrical and secondary system","1. Plant amount includes: Tx, surge arrester
2. Civil and structural works includes: foundation, drainage,bunding, firewall, all civil work for control cabling, gantry, busbar
3. Electrical works includes: Cabling, termination, control panel, bus connection, surge arrestor install, earth switch install, marshalling kiosk
4. Secondary systems includes: Control panel equipments
5. Design and survey includes: Civil design, primary design, secondary design, protection setting etc.
6. Contractor project management and overheads is allocated $0 at individual major plant level because it will be accounted for overall in the substation level building block", 275,ea.,17010182.879057128,1336502.5466893038,654886.2478777588,104268.43169625179,322900.80428954423,81860.78098471985,0.0,0.0,0.0,19510601.690594707
569,Station,Power Flow Controller,Phase Shifting Transformer Angle ±40deg 200MVA 2 winding Tx (3ph assumed),"Phase Shifting Transformer and associated civil, structural, electrical and secondary system","1. Plant amount includes: Tx, surge arrester
2. Civil and structural works includes: foundation, drainage,bunding, firewall, all civil work for control cabling, gantry, busbar
3. Electrical works includes: Cabling, termination, control panel, bus connection, surge arrestor install, earth switch install, marshalling kiosk
4. Secondary systems includes: Control panel equipments
5. Design and survey includes: Civil design, primary design, secondary design, protection setting etc.
6. Contractor project management and overheads is allocated $0 at individual major plant level because it will be accounted for overall in the substation level building block", 275,ea.,8910095.793791829,1336502.5466893038,343035.65365025465,104268.43169625179,169138.5165326184,42879.45670628183,0.0,0.0,0.0,10905920.399066538
570,Station,Power Flow Controller,Phase Shifting Transformer Angle ±40deg 400MVA 2 winding Tx (3ph assumed),"Phase Shifting Transformer and associated civil, structural, electrical and secondary system","1. Plant amount includes: Tx, surge arrester
2. Civil and structural works includes: foundation, drainage,bunding, firewall, all civil work for control cabling, gantry, busbar
3. Electrical works includes: Cabling, termination, control panel, bus connection, surge arrestor install, earth switch install, marshalling kiosk
4. Secondary systems includes: Control panel equipments
5. Design and survey includes: Civil design, primary design, secondary design, protection setting etc.
6. Contractor project management and overheads is allocated $0 at individual major plant level because it will be accounted for overall in the substation level building block", 220,ea.,17241613.938636135,1113752.1222410863,663796.2648556875,104268.43169625179,327294.01251117064,82974.53310696094,0.0,0.0,0.0,19533699.303047292
571,Station,Power Flow Controller,Phase Shifting Transformer Angle ±40deg 200MVA 2 winding Tx (3ph assumed),"Phase Shifting Transformer and associated civil, structural, electrical and secondary system","1. Plant amount includes: Tx, surge arrester
2. Civil and structural works includes: foundation, drainage,bunding, firewall, all civil work for control cabling, gantry, busbar
3. Electrical works includes: Cabling, termination, control panel, bus connection, surge arrestor install, earth switch install, marshalling kiosk
4. Secondary systems includes: Control panel equipments
5. Design and survey includes: Civil design, primary design, secondary design, protection setting etc.
6. Contractor project management and overheads is allocated $0 at individual major plant level because it will be accounted for overall in the substation level building block", 220,ea.,9141526.853370838,1113752.1222410863,351945.6706281833,104268.43169625179,173531.72475424485,43993.20882852291,0.0,0.0,0.0,10929018.011519127
572,Station,Power Flow Controller,Phase Shifting Transformer Angle ±60deg 1000MVA 2 winding Tx (3ph assumed),"Phase Shifting Transformer and associated civil, structural, electrical and secondary system","1. Plant amount includes: Tx, surge arrester
2. Civil and structural works includes: foundation, drainage,bunding, firewall, all civil work for control cabling, gantry, busbar
3. Electrical works includes: Cabling, termination, control panel, bus connection, surge arrestor install, earth switch install, marshalling kiosk
4. Secondary systems includes: Control panel equipments
5. Design and survey includes: Civil design, primary design, secondary design, protection setting etc.
6. Contractor project management and overheads is allocated $0 at individual major plant level because it will be accounted for overall in the substation level building block", 500,ea.,40384719.89653699,2227504.2444821727,1554797.9626485566,104268.43169625179,766614.8346738159,194349.74533106957,0.0,0.0,0.0,45232255.11536886
573,Station,Power Flow Controller,Phase Shifting Transformer Angle ±60deg 750MVA 2 winding Tx (3ph assumed),"Phase Shifting Transformer and associated civil, structural, electrical and secondary system","1. Plant amount includes: Tx, surge arrester
2. Civil and structural works includes: foundation, drainage,bunding, firewall, all civil work for control cabling, gantry, busbar
3. Electrical works includes: Cabling, termination, control panel, bus connection, surge arrestor install, earth switch install, marshalling kiosk
4. Secondary systems includes: Control panel equipments
5. Design and survey includes: Civil design, primary design, secondary design, protection setting etc.
6. Contractor project management and overheads is allocated $0 at individual major plant level because it will be accounted for overall in the substation level building block", 500,ea.,29681033.391007844,2227504.2444821727,1142709.6774193547,104268.43169625179,563428.9544235924,142838.70967741933,0.0,0.0,0.0,33861783.408706635
574,Station,Power Flow Controller,Phase Shifting Transformer Angle ±60deg 750MVA 2 winding Tx (3ph assumed),"Phase Shifting Transformer and associated civil, structural, electrical and secondary system","1. Plant amount includes: Tx, surge arrester
2. Civil and structural works includes: foundation, drainage,bunding, firewall, all civil work for control cabling, gantry, busbar
3. Electrical works includes: Cabling, termination, control panel, bus connection, surge arrestor install, earth switch install, marshalling kiosk
4. Secondary systems includes: Control panel equipments
5. Design and survey includes: Civil design, primary design, secondary design, protection setting etc.
6. Contractor project management and overheads is allocated $0 at individual major plant level because it will be accounted for overall in the substation level building block", 330,ea.,30259611.039955366,1670628.1833616297,1164984.7198641764,104268.43169625179,574411.9749776586,145623.08998302204,0.0,0.0,0.0,33919527.439838104
575,Station,Power Flow Controller,Phase Shifting Transformer Angle ±60deg 500MVA 2 winding Tx (3ph assumed),"Phase Shifting Transformer and associated civil, structural, electrical and secondary system","1. Plant amount includes: Tx, surge arrester
2. Civil and structural works includes: foundation, drainage,bunding, firewall, all civil work for control cabling, gantry, busbar
3. Electrical works includes: Cabling, termination, control panel, bus connection, surge arrestor install, earth switch install, marshalling kiosk
4. Secondary systems includes: Control panel equipments
5. Design and survey includes: Civil design, primary design, secondary design, protection setting etc.
6. Contractor project management and overheads is allocated $0 at individual major plant level because it will be accounted for overall in the substation level building block", 330,ea.,22448812.779163826,1670628.1833616297,864271.6468590831,104268.43169625179,426141.1974977658,108033.95585738539,0.0,0.0,0.0,25622156.194435943
576,Station,Power Flow Controller,Phase Shifting Transformer Angle ±60deg 400MVA 2 winding Tx (3ph assumed),"Phase Shifting Transformer and associated civil, structural, electrical and secondary system","1. Plant amount includes: Tx, surge arrester
2. Civil and structural works includes: foundation, drainage,bunding, firewall, all civil work for control cabling, gantry, busbar
3. Electrical works includes: Cabling, termination, control panel, bus connection, surge arrestor install, earth switch install, marshalling kiosk
4. Secondary systems includes: Control panel equipments
5. Design and survey includes: Civil design, primary design, secondary design, protection setting etc.
6. Contractor project management and overheads is allocated $0 at individual major plant level because it will be accounted for overall in the substation level building block", 275,ea.,17935907.11737316,1336502.5466893038,690526.3157894736,104268.43169625179,340473.63717605005,86315.7894736842,0.0,0.0,0.0,20493993.838197924
577,Station,Power Flow Controller,Phase Shifting Transformer Angle ±60deg 200MVA 2 winding Tx (3ph assumed),"Phase Shifting Transformer and associated civil, structural, electrical and secondary system","1. Plant amount includes: Tx, surge arrester
2. Civil and structural works includes: foundation, drainage,bunding, firewall, all civil work for control cabling, gantry, busbar
3. Electrical works includes: Cabling, termination, control panel, bus connection, surge arrestor install, earth switch install, marshalling kiosk
4. Secondary systems includes: Control panel equipments
5. Design and survey includes: Civil design, primary design, secondary design, protection setting etc.
6. Contractor project management and overheads is allocated $0 at individual major plant level because it will be accounted for overall in the substation level building block", 275,ea.,9372957.912949845,1336502.5466893038,360855.687606112,104268.43169625179,177924.9329758713,45106.960950764,0.0,0.0,0.0,11397616.472868146
578,Station,Power Flow Controller,Phase Shifting Transformer Angle ±60deg 400MVA 2 winding Tx (3ph assumed),"Phase Shifting Transformer and associated civil, structural, electrical and secondary system","1. Plant amount includes: Tx, surge arrester
2. Civil and structural works includes: foundation, drainage,bunding, firewall, all civil work for control cabling, gantry, busbar
3. Electrical works includes: Cabling, termination, control panel, bus connection, surge arrestor install, earth switch install, marshalling kiosk
4. Secondary systems includes: Control panel equipments
5. Design and survey includes: Civil design, primary design, secondary design, protection setting etc.
6. Contractor project management and overheads is allocated $0 at individual major plant level because it will be accounted for overall in the substation level building block", 220,ea.,18167338.17695217,1113752.1222410863,699436.3327674023,104268.43169625179,344866.84539767646,87429.54159592529,0.0,0.0,0.0,20517091.45065051
579,Station,Power Flow Controller,Phase Shifting Transformer Angle ±60deg 200MVA 2 winding Tx (3ph assumed),"Phase Shifting Transformer and associated civil, structural, electrical and secondary system","1. Plant amount includes: Tx, surge arrester
2. Civil and structural works includes: foundation, drainage,bunding, firewall, all civil work for control cabling, gantry, busbar
3. Electrical works includes: Cabling, termination, control panel, bus connection, surge arrestor install, earth switch install, marshalling kiosk
4. Secondary systems includes: Control panel equipments
5. Design and survey includes: Civil design, primary design, secondary design, protection setting etc.
6. Contractor project management and overheads is allocated $0 at individual major plant level because it will be accounted for overall in the substation level building block", 220,ea.,9604388.972528854,1113752.1222410863,369765.7045840407,104268.43169625179,182318.14119749775,46220.713073005085,0.0,0.0,0.0,11420714.085320733
580,Station,Power Flow Controller,Modular Power flow controller 1000MVA,"Modular Power flow and associated structural, electrical and secondary system","1. Plant amount includes: Power electronics modules. Overhead or on the ground modules
2. Civil and structural works includes: Nominal allowance to install the module either on overhead conductor and/or on the ground if space is available within the switchyard
3. Electrical works includes: Cabling, termination, control panel, bus connection, surge arrestor install, earth switch install, marshalling kiosk
4. Secondary systems includes: Control panel equipments
5. Design and survey includes: Civil design, primary design, secondary design, protection setting etc.
6. Contractor project management and overheads is allocated $0 at individual major plant level because it will be accounted for overall in the substation level building block", 500,lot,40365688.31355654,449176.2308998302,1796704.9235993207,104268.43169625179,885890.437890974,449176.2308998302,0.0,0.0,0.0,44050904.56854275
581,Station,Power Flow Controller,Modular Power flow controller 750MVA,"Modular Power flow and associated structural, electrical and secondary system","1. Plant amount includes: Power electronics modules. Overhead or on the ground modules
2. Civil and structural works includes: Nominal allowance to install the module either on overhead conductor and/or on the ground if space is available within the switchyard
3. Electrical works includes: Cabling, termination, control panel, bus connection, surge arrestor install, earth switch install, marshalling kiosk
4. Secondary systems includes: Control panel equipments
5. Design and survey includes: Civil design, primary design, secondary design, protection setting etc.
6. Contractor project management and overheads is allocated $0 at individual major plant level because it will be accounted for overall in the substation level building block", 500,lot,30607060.466862362,340585.3989813242,1362341.595925297,104268.43169625179,671721.5370866845,340585.3989813242,0.0,0.0,0.0,33426562.829533245
582,Station,Power Flow Controller,Modular Power flow controller 750MVA,"Modular Power flow and associated structural, electrical and secondary system","1. Plant amount includes: Power electronics modules. Overhead or on the ground modules
2. Civil and structural works includes: Nominal allowance to install the module either on overhead conductor and/or on the ground if space is available within the switchyard
3. Electrical works includes: Cabling, termination, control panel, bus connection, surge arrestor install, earth switch install, marshalling kiosk
4. Secondary systems includes: Control panel equipments
5. Design and survey includes: Civil design, primary design, secondary design, protection setting etc.
6. Contractor project management and overheads is allocated $0 at individual major plant level because it will be accounted for overall in the substation level building block", 330,lot,30607060.466862362,340585.3989813242,1362341.595925297,104268.43169625179,671721.5370866845,340585.3989813242,0.0,0.0,0.0,33426562.829533245
583,Station,Power Flow Controller,Modular Power flow controller 500MVA,"Modular Power flow and associated structural, electrical and secondary system","1. Plant amount includes: Power electronics modules. Overhead or on the ground modules
2. Civil and structural works includes: Nominal allowance to install the module either on overhead conductor and/or on the ground if space is available within the switchyard
3. Electrical works includes: Cabling, termination, control panel, bus connection, surge arrestor install, earth switch install, marshalling kiosk
4. Secondary systems includes: Control panel equipments
5. Design and survey includes: Civil design, primary design, secondary design, protection setting etc.
6. Contractor project management and overheads is allocated $0 at individual major plant level because it will be accounted for overall in the substation level building block", 330,lot,20848432.62016818,231994.5670628183,927978.2682512732,104268.43169625179,457552.636282395,231994.5670628183,0.0,0.0,0.0,22802221.090523735
584,Station,Power Flow Controller,Modular Power flow controller 400MVA,"Modular Power flow and associated structural, electrical and secondary system","1. Plant amount includes: Power electronics modules. Overhead or on the ground modules
2. Civil and structural works includes: Nominal allowance to install the module either on overhead conductor and/or on the ground if space is available within the switchyard
3. Electrical works includes: Cabling, termination, control panel, bus connection, surge arrestor install, earth switch install, marshalling kiosk
4. Secondary systems includes: Control panel equipments
5. Design and survey includes: Civil design, primary design, secondary design, protection setting etc.
6. Contractor project management and overheads is allocated $0 at individual major plant level because it will be accounted for overall in the substation level building block", 275,lot,16944981.481490508,188558.23429541592,754232.9371816637,104268.43169625179,371885.07596067915,188558.23429541592,0.0,0.0,0.0,18552484.394919936
585,Station,Power Flow Controller,Modular Power flow controller 200MVA,"Modular Power flow and associated structural, electrical and secondary system","1. Plant amount includes: Power electronics modules. Overhead or on the ground modules
2. Civil and structural works includes: Nominal allowance to install the module either on overhead conductor and/or on the ground if space is available within the switchyard
3. Electrical works includes: Cabling, termination, control panel, bus connection, surge arrestor install, earth switch install, marshalling kiosk
4. Secondary systems includes: Control panel equipments
5. Design and survey includes: Civil design, primary design, secondary design, protection setting etc.
6. Contractor project management and overheads is allocated $0 at individual major plant level because it will be accounted for overall in the substation level building block", 275,lot,9138079.204135165,101685.56876061119,406742.27504244476,104268.43169625179,200549.9553172475,101685.56876061119,0.0,0.0,0.0,10053011.00371233
586,Station,Power Flow Controller,Modular Power flow controller 400MVA,"Modular Power flow and associated structural, electrical and secondary system","1. Plant amount includes: Power electronics modules. Overhead or on the ground modules
2. Civil and structural works includes: Nominal allowance to install the module either on overhead conductor and/or on the ground if space is available within the switchyard
3. Electrical works includes: Cabling, termination, control panel, bus connection, surge arrestor install, earth switch install, marshalling kiosk
4. Secondary systems includes: Control panel equipments
5. Design and survey includes: Civil design, primary design, secondary design, protection setting etc.
6. Contractor project management and overheads is allocated $0 at individual major plant level because it will be accounted for overall in the substation level building block", 220,lot,16944981.481490508,188558.23429541592,754232.9371816637,104268.43169625179,371885.07596067915,188558.23429541592,0.0,0.0,0.0,18552484.394919936
587,Station,Power Flow Controller,Modular Power flow controller 200MVA,"Modular Power flow and associated structural, electrical and secondary system","1. Plant amount includes: Power electronics modules. Overhead or on the ground modules
2. Civil and structural works includes: Nominal allowance to install the module either on overhead conductor and/or on the ground if space is available within the switchyard
3. Electrical works includes: Cabling, termination, control panel, bus connection, surge arrestor install, earth switch install, marshalling kiosk
4. Secondary systems includes: Control panel equipments
5. Design and survey includes: Civil design, primary design, secondary design, protection setting etc.
6. Contractor project management and overheads is allocated $0 at individual major plant level because it will be accounted for overall in the substation level building block", 220,lot,9138079.204135165,101685.56876061119,406742.27504244476,104268.43169625179,200549.9553172475,101685.56876061119,0.0,0.0,0.0,10053011.00371233
588,Overhead line,HVDC - VSC,"Asymmetrical Monopole, 750 MW",Overhead lines with appropriate pole/tower configuration and conductor configuration for this technology,"1. Plant amount includes: Strain + Structural tower associated costs (steel tower with single earth peak, structural foundation steel, foundation leg steel, climbing barrier, fittings, insulators) and insulator and conductor.
2. Civil and structural works includes: Tower concrete footing, soil tests, installation of tower and foundations
3. Electrical works includes: installation of conductor (setup, draw wires,stringing, clamping off), installation of OHEW/OPGW (draw wire, stringing, clamping off)
4. Secondary system is accounted in the terminating end in the substation switchbay cost", 500 (>750km),km,131040.503423853,481604.22872005706,204122.0797533479,0.0,45870.01750413854,13290.080445013142,406277.2978937985,190892.10577300173,125608.6956521739,1598705.0091653836
589,Overhead line,HVDC - VSC,"Asymmetrical Monopole, 750 MW",Overhead lines with appropriate pole/tower configuration and conductor configuration for this technology,"1. Plant amount includes: Strain + Structural tower associated costs (steel tower with single earth peak, structural foundation steel, foundation leg steel, climbing barrier, fittings, insulators) and insulator and conductor.
2. Civil and structural works includes: Tower concrete footing, soil tests, installation of tower and foundations
3. Electrical works includes: installation of conductor (setup, draw wires,stringing, clamping off), installation of OHEW/OPGW (draw wire, stringing, clamping off)
4. Secondary system is accounted in the terminating end in the substation switchbay cost", 320 (<750km),km,124800.47945128854,458670.69401910185,194401.9807174742,0.0,43685.73095632241,12657.219471441085,386930.7598988557,159076.7548108348,104673.91304347824,1484897.5323687969
590,Overhead line,HVDC - VSC,"Asymmetrical Monopole, 1000 MW",Overhead lines with appropriate pole/tower configuration and conductor configuration for this technology,"1. Plant amount includes: Strain + Structural tower associated costs (steel tower with single earth peak, structural foundation steel, foundation leg steel, climbing barrier, fittings, insulators) and insulator and conductor.
2. Civil and structural works includes: Tower concrete footing, soil tests, installation of tower and foundations
3. Electrical works includes: installation of conductor (setup, draw wires,stringing, clamping off), installation of OHEW/OPGW (draw wire, stringing, clamping off)
4. Secondary system is accounted in the terminating end in the substation switchbay cost", 500,km,143520.5513689818,527471.298121967,223562.27782509523,0.0,50238.59059977076,14555.802392157244,444970.37388368393,190892.10577300173,125608.6956521739,1720819.6956168315
591,Overhead line,HVDC - VSC,"2 × Symmetrical Monopole, 2 × 750 MW",Overhead lines with appropriate pole/tower configuration and conductor configuration for this technology,"1. Plant amount includes: Strain + Structural tower associated costs (steel tower with single earth peak, structural foundation steel, foundation leg steel, climbing barrier, fittings, insulators) and insulator and conductor.
2. Civil and structural works includes: Tower concrete footing, soil tests, installation of tower and foundations
3. Electrical works includes: installation of conductor (setup, draw wires,stringing, clamping off), installation of OHEW/OPGW (draw wire, stringing, clamping off)
4. Secondary system is accounted in the terminating end in the substation switchbay cost", ±500 (>750km),km,189923.44610553904,649151.8051326663,307044.42095734895,0.0,60028.76167715849,17392.34286605579,531683.3177119751,190892.10577300173,125608.6956521739,2071724.8958759194
592,Overhead line,HVDC - VSC,"2 × Symmetrical Monopole, 2 × 750 MW",Overhead lines with appropriate pole/tower configuration and conductor configuration for this technology,"1. Plant amount includes: Strain + Structural tower associated costs (steel tower with single earth peak, structural foundation steel, foundation leg steel, climbing barrier, fittings, insulators) and insulator and conductor.
2. Civil and structural works includes: Tower concrete footing, soil tests, installation of tower and foundations
3. Electrical works includes: installation of conductor (setup, draw wires,stringing, clamping off), installation of OHEW/OPGW (draw wire, stringing, clamping off)
4. Secondary system is accounted in the terminating end in the substation switchbay cost", ±320 (<750km),km,180879.47248146572,618239.8144120631,292423.25805461797,0.0,57170.24921634141,16564.136062910275,506365.06448759534,159076.7548108348,104673.91304347824,1935392.662569307
593,Overhead line,HVDC - VSC,"2 × Asymmetrical Monopole (Bipole metallic return), 2 × 750 MW",Overhead lines with appropriate pole/tower configuration and conductor configuration for this technology,"1. Plant amount includes: Strain + Structural tower associated costs (steel tower with single earth peak, structural foundation steel, foundation leg steel, climbing barrier, fittings, insulators) and insulator and conductor.
2. Civil and structural works includes: Tower concrete footing, soil tests, installation of tower and foundations
3. Electrical works includes: installation of conductor (setup, draw wires,stringing, clamping off), installation of OHEW/OPGW (draw wire, stringing, clamping off)
4. Secondary system is accounted in the terminating end in the substation switchbay cost", ±500 (>750km),km,169734.38380491378,617176.8986421796,253970.84028258658,0.0,57071.95862093869,16535.657985268983,505494.4906425998,190892.10577300173,125608.6956521739,1936485.031403663
594,Overhead line,HVDC - VSC,"2 × Asymmetrical Monopole (Bipole metallic return), 2 × 750 MW",Overhead lines with appropriate pole/tower configuration and conductor configuration for this technology,"1. Plant amount includes: Strain + Structural tower associated costs (steel tower with single earth peak, structural foundation steel, foundation leg steel, climbing barrier, fittings, insulators) and insulator and conductor.
2. Civil and structural works includes: Tower concrete footing, soil tests, installation of tower and foundations
3. Electrical works includes: installation of conductor (setup, draw wires,stringing, clamping off), installation of OHEW/OPGW (draw wire, stringing, clamping off)
4. Secondary system is accounted in the terminating end in the substation switchbay cost", ±320 (<750km),km,161651.79409991787,587787.5225163612,241876.99074532048,0.0,54354.24630565589,15748.24570025617,481423.3244215236,159076.7548108348,104673.91304347824,1806592.7916433483
595,Overhead line,HVDC - VSC,"2 × Symmetrical Monopole, 2 × 1000 MW",Overhead lines with appropriate pole/tower configuration and conductor configuration for this technology,"1. Plant amount includes: Strain + Structural tower associated costs (steel tower with single earth peak, structural foundation steel, foundation leg steel, climbing barrier, fittings, insulators) and insulator and conductor.
2. Civil and structural works includes: Tower concrete footing, soil tests, installation of tower and foundations
3. Electrical works includes: installation of conductor (setup, draw wires,stringing, clamping off), installation of OHEW/OPGW (draw wire, stringing, clamping off)
4. Secondary system is accounted in the terminating end in the substation switchbay cost", ±500,km,208011.39335368556,710975.7865738724,336286.74676281057,0.0,65745.7865987926,19048.75647234681,582319.8241607344,190892.10577300173,125608.6956521739,2238889.095347418
596,Overhead line,HVDC - VSC,"2 × Asymmetrical Monopole (Bipole metallic return), 2 × 1000 MW",Overhead lines with appropriate pole/tower configuration and conductor configuration for this technology,"1. Plant amount includes: Strain + Structural tower associated costs (steel tower with single earth peak, structural foundation steel, foundation leg steel, climbing barrier, fittings, insulators) and insulator and conductor.
2. Civil and structural works includes: Tower concrete footing, soil tests, installation of tower and foundations
3. Electrical works includes: installation of conductor (setup, draw wires,stringing, clamping off), installation of OHEW/OPGW (draw wire, stringing, clamping off)
4. Secondary system is accounted in the terminating end in the substation switchbay cost", ±500,km,185899.56321490553,675955.6508938153,278158.53935711854,0.0,62507.38325150426,18110.48255529459,553636.8230847521,190892.10577300173,125608.6956521739,2090769.243782566
597,Overhead line,HVDC - VSC,"2 × Asymmetrical Monopole (Bipole metallic return), 2 × 1500 MW",Overhead lines with appropriate pole/tower configuration and conductor configuration for this technology,"1. Plant amount includes: Strain + Structural tower associated costs (steel tower with single earth peak, structural foundation steel, foundation leg steel, climbing barrier, fittings, insulators) and insulator and conductor.
2. Civil and structural works includes: Tower concrete footing, soil tests, installation of tower and foundations
3. Electrical works includes: installation of conductor (setup, draw wires,stringing, clamping off), installation of OHEW/OPGW (draw wire, stringing, clamping off)
4. Secondary system is accounted in the terminating end in the substation switchbay cost", ±500,km,204489.5195363961,743551.2159831971,305974.39329283044,0.0,68758.1215766547,19921.53081082405,609000.5053932272,190892.10577300173,125608.6956521739,2268196.0880183056
598,Overhead line,HVDC - LCC,"Asymmetrical Monopole, 750 MW",Overhead lines with appropriate pole/tower configuration and conductor configuration for this technology,"1. Plant amount includes: Strain + Structural tower associated costs (steel tower with single earth peak, structural foundation steel, foundation leg steel, climbing barrier, fittings, insulators) and insulator and conductor.
2. Civil and structural works includes: Tower concrete footing, soil tests, installation of tower and foundations
3. Electrical works includes: installation of conductor (setup, draw wires,stringing, clamping off), installation of OHEW/OPGW (draw wire, stringing, clamping off)
4. Secondary system is accounted in the terminating end in the substation switchbay cost", 500 (>750km),km,131040.503423853,481604.22872005706,204122.0797533479,0.0,45870.01750413854,13290.080445013142,406277.2978937985,190892.10577300173,125608.6956521739,1598705.0091653836
599,Overhead line,HVDC - LCC,"Asymmetrical Monopole, 750 MW",Overhead lines with appropriate pole/tower configuration and conductor configuration for this technology,"1. Plant amount includes: Strain + Structural tower associated costs (steel tower with single earth peak, structural foundation steel, foundation leg steel, climbing barrier, fittings, insulators) and insulator and conductor.
2. Civil and structural works includes: Tower concrete footing, soil tests, installation of tower and foundations
3. Electrical works includes: installation of conductor (setup, draw wires,stringing, clamping off), installation of OHEW/OPGW (draw wire, stringing, clamping off)
4. Secondary system is accounted in the terminating end in the substation switchbay cost", 320 (<750km),km,124800.47945128854,458670.69401910185,194401.9807174742,0.0,43685.73095632241,12657.219471441085,386930.7598988557,159076.7548108348,104673.91304347824,1484897.5323687969
600,Overhead line,HVDC - LCC,"Asymmetrical Monopole, 1000 MW",Overhead lines with appropriate pole/tower configuration and conductor configuration for this technology,"1. Plant amount includes: Strain + Structural tower associated costs (steel tower with single earth peak, structural foundation steel, foundation leg steel, climbing barrier, fittings, insulators) and insulator and conductor.
2. Civil and structural works includes: Tower concrete footing, soil tests, installation of tower and foundations
3. Electrical works includes: installation of conductor (setup, draw wires,stringing, clamping off), installation of OHEW/OPGW (draw wire, stringing, clamping off)
4. Secondary system is accounted in the terminating end in the substation switchbay cost", 500,km,143520.5513689818,527471.298121967,223562.27782509523,0.0,50238.59059977076,14555.802392157244,444970.37388368393,190892.10577300173,125608.6956521739,1720819.6956168315
601,Overhead line,HVDC - LCC,"2 × Asymmetrical Monopole (Bipole metallic return), 2 × 750 MW",Overhead lines with appropriate pole/tower configuration and conductor configuration for this technology,"1. Plant amount includes: Strain + Structural tower associated costs (steel tower with single earth peak, structural foundation steel, foundation leg steel, climbing barrier, fittings, insulators) and insulator and conductor.
2. Civil and structural works includes: Tower concrete footing, soil tests, installation of tower and foundations
3. Electrical works includes: installation of conductor (setup, draw wires,stringing, clamping off), installation of OHEW/OPGW (draw wire, stringing, clamping off)
4. Secondary system is accounted in the terminating end in the substation switchbay cost", ±500 (>750km),km,169734.38380491378,617176.8986421796,253970.84028258658,0.0,57071.95862093869,16535.657985268983,505494.4906425998,190892.10577300173,125608.6956521739,1936485.031403663
602,Overhead line,HVDC - LCC,"2 × Asymmetrical Monopole (Bipole metallic return), 2 × 750 MW",Overhead lines with appropriate pole/tower configuration and conductor configuration for this technology,"1. Plant amount includes: Strain + Structural tower associated costs (steel tower with single earth peak, structural foundation steel, foundation leg steel, climbing barrier, fittings, insulators) and insulator and conductor.
2. Civil and structural works includes: Tower concrete footing, soil tests, installation of tower and foundations
3. Electrical works includes: installation of conductor (setup, draw wires,stringing, clamping off), installation of OHEW/OPGW (draw wire, stringing, clamping off)
4. Secondary system is accounted in the terminating end in the substation switchbay cost", ±320 (<750km),km,161651.79409991787,587787.5225163612,241876.99074532048,0.0,54354.24630565589,15748.24570025617,481423.3244215236,159076.7548108348,104673.91304347824,1806592.7916433483
603,Overhead line,HVDC - LCC,"2 × Asymmetrical Monopole (Bipole metallic return), 2 × 1000 MW",Overhead lines with appropriate pole/tower configuration and conductor configuration for this technology,"1. Plant amount includes: Strain + Structural tower associated costs (steel tower with single earth peak, structural foundation steel, foundation leg steel, climbing barrier, fittings, insulators) and insulator and conductor.
2. Civil and structural works includes: Tower concrete footing, soil tests, installation of tower and foundations
3. Electrical works includes: installation of conductor (setup, draw wires,stringing, clamping off), installation of OHEW/OPGW (draw wire, stringing, clamping off)
4. Secondary system is accounted in the terminating end in the substation switchbay cost", ±500,km,185899.56321490553,675955.6508938153,278158.53935711854,0.0,62507.38325150426,18110.48255529459,553636.8230847521,190892.10577300173,125608.6956521739,2090769.243782566
604,Overhead line,HVDC - LCC,"2 × Asymmetrical Monopole (Bipole metallic return), 2 × 1500 MW",Overhead lines with appropriate pole/tower configuration and conductor configuration for this technology,"1. Plant amount includes: Strain + Structural tower associated costs (steel tower with single earth peak, structural foundation steel, foundation leg steel, climbing barrier, fittings, insulators) and insulator and conductor.
2. Civil and structural works includes: Tower concrete footing, soil tests, installation of tower and foundations
3. Electrical works includes: installation of conductor (setup, draw wires,stringing, clamping off), installation of OHEW/OPGW (draw wire, stringing, clamping off)
4. Secondary system is accounted in the terminating end in the substation switchbay cost", ±600,km,204489.5195363961,743551.2159831971,305974.39329283044,0.0,68758.1215766547,19921.53081082405,609000.5053932272,206799.78125408522,136076.08695652173,2294571.154803737
605,Overhead line,HVDC built in two stages - VSC,"First Symmetrical Monopole and then Second Symmetrical Monopole, 2 × 1000 MW",Overhead lines with appropriate pole/tower configuration and conductor configuration for this technology,"1. Plant amount includes: Strain + Structural tower associated costs (steel tower with single earth peak, structural foundation steel, foundation leg steel, climbing barrier, fittings, insulators) and insulator and conductor.
2. Civil and structural works includes: Tower concrete footing, soil tests, installation of tower and foundations
3. Electrical works includes: installation of conductor (setup, draw wires,stringing, clamping off), installation of OHEW/OPGW (draw wire, stringing, clamping off)
4. Secondary system is accounted in the terminating end in the substation switchbay cost", ±500,km,228812.53268905412,782073.3652312596,369915.4214390917,0.0,72320.36525867187,20953.632119581493,640551.8065768079,190892.10577300173,125608.6956521739,2431127.9247396425
606,Overhead line,HVDC built in two stages - VSC,"First Asymmetrical Monopole and then Second Asymmetrical Monopole, 2 × 1000 MW",Overhead lines with appropriate pole/tower configuration and conductor configuration for this technology,"1. Plant amount includes: Strain + Structural tower associated costs (steel tower with single earth peak, structural foundation steel, foundation leg steel, climbing barrier, fittings, insulators) and insulator and conductor.
2. Civil and structural works includes: Tower concrete footing, soil tests, installation of tower and foundations
3. Electrical works includes: installation of conductor (setup, draw wires,stringing, clamping off), installation of OHEW/OPGW (draw wire, stringing, clamping off)
4. Secondary system is accounted in the terminating end in the substation switchbay cost", ±500,km,204489.5195363961,743551.2159831971,305974.3932928304,0.0,68758.1215766547,19921.530810824057,609000.5053932271,190892.10577300173,125608.6956521739,2268196.088018305
607,Overhead line,HVDC built in two stages - VSC,"First Asymmetrical Monopole and then Second Asymmetrical Monopole, 2 × 1500 MW",Overhead lines with appropriate pole/tower configuration and conductor configuration for this technology,"1. Plant amount includes: Strain + Structural tower associated costs (steel tower with single earth peak, structural foundation steel, foundation leg steel, climbing barrier, fittings, insulators) and insulator and conductor.
2. Civil and structural works includes: Tower concrete footing, soil tests, installation of tower and foundations
3. Electrical works includes: installation of conductor (setup, draw wires,stringing, clamping off), installation of OHEW/OPGW (draw wire, stringing, clamping off)
4. Secondary system is accounted in the terminating end in the substation switchbay cost", ±500,km,224938.4714900357,817906.3375815167,336571.8326221134,0.0,75633.93373432016,21913.683891906458,669900.5559325499,190892.10577300173,125608.6956521739,2463365.616677618
608,Overhead line,HVDC built in two stages - LCC,"First Asymmetrical Monopole and then Second Asymmetrical Monopole, 2 × 1000 MW",Overhead lines with appropriate pole/tower configuration and conductor configuration for this technology,"1. Plant amount includes: Strain + Structural tower associated costs (steel tower with single earth peak, structural foundation steel, foundation leg steel, climbing barrier, fittings, insulators) and insulator and conductor.
2. Civil and structural works includes: Tower concrete footing, soil tests, installation of tower and foundations
3. Electrical works includes: installation of conductor (setup, draw wires,stringing, clamping off), installation of OHEW/OPGW (draw wire, stringing, clamping off)
4. Secondary system is accounted in the terminating end in the substation switchbay cost", ±500,km,204489.5195363961,743551.2159831971,305974.3932928304,0.0,68758.1215766547,19921.530810824057,609000.5053932271,190892.10577300173,125608.6956521739,2268196.088018305
609,Overhead line,HVDC built in two stages - LCC,"First Asymmetrical Monopole and then Second Asymmetrical Monopole, 2 × 1500 MW",Overhead lines with appropriate pole/tower configuration and conductor configuration for this technology,"1. Plant amount includes: Strain + Structural tower associated costs (steel tower with single earth peak, structural foundation steel, foundation leg steel, climbing barrier, fittings, insulators) and insulator and conductor.
2. Civil and structural works includes: Tower concrete footing, soil tests, installation of tower and foundations
3. Electrical works includes: installation of conductor (setup, draw wires,stringing, clamping off), installation of OHEW/OPGW (draw wire, stringing, clamping off)
4. Secondary system is accounted in the terminating end in the substation switchbay cost", ±600,km,224938.4714900357,817906.3375815167,336571.8326221134,0.0,75633.93373432016,21913.683891906458,669900.5559325499,206799.78125408522,136076.08695652173,2489740.683463049
610,Station,HVDC converters - VSC,"Asymmetrical Monopole, 750MW","HVDC converter and associated civil, structural, electrical and secondary system per station. This estimate exclude AC interface cost",Rectification station to convert AC-DC power. Power electronics technology. This building block estimate is needed at one end of the HVDC line, 500,lot,82519045.69723147,22158307.043346103,5539576.760836526,9075674.889979647,10621977.464755468,2769788.380418263,18209104.22529509,0.0,0.0,150893474.46186256
611,Station,HVDC converters - VSC,"Symmetrical Monopole, 750MW","HVDC converter and associated civil, structural, electrical and secondary system per station. This estimate exclude AC interface cost",Rectification station to convert AC-DC power. Power electronics technology. This building block estimate is needed at one end of the HVDC line, ±320,lot,100810353.36890928,27069953.902429294,6767488.475607323,11087403.944019206,12976462.496033395,3383744.2378036617,22245364.278914396,0.0,0.0,184340770.70371658
612,Station,HVDC converters - VSC,"Asymmetrical Monopole, 1000MW","HVDC converter and associated civil, structural, electrical and secondary system per station. This estimate exclude AC interface cost",Rectification station to convert AC-DC power. Power electronics technology. This building block estimate is needed at one end of the HVDC line, 500,lot,130311178.4285893,34991620.15754887,8747905.039387217,14331986.997126456,16773853.708303891,4373952.519693608,28755177.78566382,0.0,0.0,238285674.63631317
613,Station,HVDC converters - VSC,"Symmetrical Monopole, 1000MW","HVDC converter and associated civil, structural, electrical and secondary system per station. This estimate exclude AC interface cost",Rectification station to convert AC-DC power. Power electronics technology. This building block estimate is needed at one end of the HVDC line, ±500,lot,151215530.05336395,40604930.85364395,10151232.713410987,16631105.916028809,19464693.744050093,5075616.356705493,33368046.418371595,0.0,0.0,276511156.05557483
614,Station,HVDC converters - VSC,"2 × Asymmetrical Monopole (Bipole), 2 × 750MW","HVDC converter and associated civil, structural, electrical and secondary system per station. This estimate exclude AC interface cost",Rectification station to convert AC-DC power. Power electronics technology. This building block estimate is needed at one end of the HVDC line, ±500,lot,155247944.18812034,41687729.00974111,10421932.252435278,17074602.07378958,19983752.24389143,5210966.126217639,34257860.98952818,0.0,0.0,283884786.8837235
615,Station,HVDC converters - VSC,"2 × Symmetrical Monopole , 2 × 750MW","HVDC converter and associated civil, structural, electrical and secondary system per station. This estimate exclude AC interface cost",Rectification station to convert AC-DC power. Power electronics technology. This building block estimate is needed at one end of the HVDC line, ±500,lot,225138102.31569007,60454882.33796555,15113720.584491387,24761316.671803556,28980120.032281265,7556860.2922456935,49680205.76962504,0.0,0.0,411685208.0041026
616,Station,HVDC converters - VSC,"2 × Asymmetrical Monopole (Bipole), 2 × 1000MW","HVDC converter and associated civil, structural, electrical and secondary system per station. This estimate exclude AC interface cost",Rectification station to convert AC-DC power. Power electronics technology. This building block estimate is needed at one end of the HVDC line, ±500,lot,206997258.9174938,55583638.67965483,13895909.669913707,22766136.098386105,26645002.99185524,6947954.834956854,45677147.98603756,0.0,0.0,378513049.17829806
617,Station,HVDC converters - VSC,"2 × Symmetrical Monopole , 2 × 1000MW","HVDC converter and associated civil, structural, electrical and secondary system per station. This estimate exclude AC interface cost",Rectification station to convert AC-DC power. Power electronics technology. This building block estimate is needed at one end of the HVDC line, ±500,lot,267887908.64605704,71934212.06976385,17983553.017440964,29463059.652297348,34482940.328215115,8991776.508720482,59113611.991225936,0.0,0.0,489857062.21372074
618,Station,HVDC converters - VSC,"2 × Asymmetrical Monopole (Bipole), 2 × 1500MW","HVDC converter and associated civil, structural, electrical and secondary system per station. This estimate exclude AC interface cost",Rectification station to convert AC-DC power. Power electronics technology. This building block estimate is needed at one end of the HVDC line, ±500,lot,335894922.6980837,90195696.86680043,22548924.216700107,36942660.81054461,43236906.93801282,11274462.108350053,74120411.89373629,0.0,0.0,614213985.532228
619,Station,HVDC converters - LCC,"Asymmetrical Monopole, 750MW","HVDC converter and associated civil, structural, electrical and secondary system per station. This estimate exclude AC interface cost",Rectification station to convert AC-DC power. Power electronics technology. This building block estimate is needed at one end of the HVDC line, 500,lot,59332664.42238233,15932217.645787364,3983054.411446841,6525571.982855231,7637391.090667787,1991527.2057234205,13092670.441144781,0.0,0.0,108495097.20000775
620,Station,HVDC converters - LCC,"Asymmetrical Monopole, 1000MW","HVDC converter and associated civil, structural, electrical and secondary system per station. This estimate exclude AC interface cost",Rectification station to convert AC-DC power. Power electronics technology. This building block estimate is needed at one end of the HVDC line, 500,lot,98144650.46941243,26354149.898222648,6588537.474555662,10794222.501302626,12633329.151640646,3294268.737277831,21657135.688526828,0.0,0.0,179466293.92093867
621,Station,HVDC converters - LCC,"2 × Asymmetrical Monopole (Bipole), 2 × 750MW","HVDC converter and associated civil, structural, electrical and secondary system per station. This estimate exclude AC interface cost",Rectification station to convert AC-DC power. Power electronics technology. This building block estimate is needed at one end of the HVDC line, ±500,lot,155247944.18812034,41687729.00974111,10421932.252435278,17074602.07378958,19983752.24389143,5210966.126217639,34257860.98952818,0.0,0.0,283884786.8837235
622,Station,HVDC converters - LCC,"2 × Asymmetrical Monopole (Bipole), 2 × 1000MW","HVDC converter and associated civil, structural, electrical and secondary system per station. This estimate exclude AC interface cost",Rectification station to convert AC-DC power. Power electronics technology. This building block estimate is needed at one end of the HVDC line, ±500,lot,206997258.9174938,55583638.67965483,13895909.669913707,22766136.098386105,26645002.99185524,6947954.834956854,45677147.98603756,0.0,0.0,378513049.17829806
623,Station,HVDC converters - LCC,"2 × Asymmetrical Monopole (Bipole), 2 × 1500MW","HVDC converter and associated civil, structural, electrical and secondary system per station. This estimate exclude AC interface cost",Rectification station to convert AC-DC power. Power electronics technology. This building block estimate is needed at one end of the HVDC line, ±600,lot,310495888.3762407,83375458.01948223,20843864.504870556,34149204.14757916,39967504.48778286,10421932.252435278,68515721.97905636,0.0,0.0,567769573.767447
624,Station,HVDC converters built in two stages - VSC,"2 × Asymmetrical Monopole (Bipole), 2 × 1000MW","HVDC converter and associated civil, structural, electrical and secondary system per station. This estimate exclude AC interface cost",Rectification station to convert AC-DC power. Power electronics technology. This building block estimate is needed at one end of the HVDC line, ±500,lot,238046847.75511783,63921184.48160304,15980296.12040076,26181056.51314402,30641753.440633528,7990148.06020038,52528720.1839432,0.0,0.0,435290006.5550428
625,Station,HVDC converters built in two stages - VSC,"2 × Symmetrical Monopole , 2 × 1000MW","HVDC converter and associated civil, structural, electrical and secondary system per station. This estimate exclude AC interface cost",Rectification station to convert AC-DC power. Power electronics technology. This building block estimate is needed at one end of the HVDC line, ±500,lot,308071094.9429656,82724343.8802284,20681085.9700571,33882518.60014195,39655381.37744739,10340542.98502855,67980653.78990981,0.0,0.0,563335621.5457789
626,Station,HVDC converters built in two stages - VSC,"2 × Asymmetrical Monopole (Bipole), 2 × 1500MW","HVDC converter and associated civil, structural, electrical and secondary system per station. This estimate exclude AC interface cost",Rectification station to convert AC-DC power. Power electronics technology. This building block estimate is needed at one end of the HVDC line, ±500,lot,386279161.10279626,103725051.39682047,25931262.849205118,42484059.932126306,49722442.97871475,12965631.424602559,85238473.67779674,0.0,0.0,706346083.3620621
627,Station,HVDC converters built in two stages - LCC,"2 × Asymmetrical Monopole (Bipole), 2 × 1000MW","HVDC converter and associated civil, structural, electrical and secondary system per station. This estimate exclude AC interface cost",Rectification station to convert AC-DC power. Power electronics technology. This building block estimate is needed at one end of the HVDC line, ±500,lot,238046847.75511783,63921184.48160304,15980296.12040076,26181056.51314402,30641753.440633528,7990148.06020038,52528720.1839432,0.0,0.0,435290006.5550428
628,Station,HVDC converters built in two stages - LCC,"2 × Asymmetrical Monopole (Bipole), 2 × 1500MW","HVDC converter and associated civil, structural, electrical and secondary system per station. This estimate exclude AC interface cost",Rectification station to convert AC-DC power. Power electronics technology. This building block estimate is needed at one end of the HVDC line, ±600,lot,357070271.6326768,95881776.72240455,23970444.18060114,39271584.76971603,45962630.16095029,11985222.09030057,78793080.27591477,0.0,0.0,652935009.8325641
629,Station,AIS individual component,"Busbar, single bay width",Individual component only,Cost of installed AIS busbar incl rigid 3 phase structure. This is only a structural asset and excl any civil infrastructure asset associated with its footprint area. , 500,ea.,0.0,167062.81833616298,0.0,0.0,16474.530831099193,3341.2563667232594,20362.520107238604,0.0,0.0,207241.12564122403
630,Station,AIS individual component,"Busbar, single bay width",Individual component only,Cost of installed AIS busbar incl rigid 3 phase structure. This is only a structural asset and excl any civil infrastructure asset associated with its footprint area. , 330,ea.,0.0,111375.21222410865,0.0,0.0,10983.02055406613,2227.504244482173,13575.013404825737,0.0,0.0,138160.75042748268
631,Station,AIS individual component,"Busbar, single bay width",Individual component only,Cost of installed AIS busbar incl rigid 3 phase structure. This is only a structural asset and excl any civil infrastructure asset associated with its footprint area. , 275,ea.,0.0,89100.16977928691,0.0,0.0,8786.416443252903,1782.0033955857384,10860.010723860589,0.0,0.0,110528.60034198614
632,Station,AIS individual component,"Busbar, single bay width",Individual component only,Cost of installed AIS busbar incl rigid 3 phase structure. This is only a structural asset and excl any civil infrastructure asset associated with its footprint area. , 220,ea.,0.0,77962.64855687605,0.0,0.0,7688.114387846291,1559.252971137521,9502.509383378016,0.0,0.0,96712.52529923788
633,Station,AIS individual component,"Busbar, single bay width",Individual component only,Cost of installed AIS busbar incl rigid 3 phase structure. This is only a structural asset and excl any civil infrastructure asset associated with its footprint area. , 132,ea.,0.0,55687.60611205432,0.0,0.0,5491.510277033065,1113.7521222410865,6787.506702412868,0.0,0.0,69080.37521374134
634,Station,AIS individual component,Rack,Individual component only,Cost of installed steel structure for one gantry beam and steel structure and footing of 2xgantry columns.  Used as landing span., 500,ea.,0.0,334125.63667232596,0.0,0.0,32949.061662198386,6682.512733446519,40725.04021447721,0.0,0.0,414482.25128244807
635,Station,AIS individual component,Rack,Individual component only,Cost of installed steel structure for one gantry beam and steel structure and footing of 2xgantry columns.  Used as landing span., 330,ea.,0.0,194906.62139219014,0.0,0.0,19220.28596961573,3898.1324278438024,23756.273458445037,0.0,0.0,241781.31324809472
636,Station,AIS individual component,Rack,Individual component only,Cost of installed steel structure for one gantry beam and steel structure and footing of 2xgantry columns.  Used as landing span., 275,ea.,0.0,167062.81833616298,0.0,0.0,16474.530831099193,3341.2563667232594,20362.520107238604,0.0,0.0,207241.12564122403
637,Station,AIS individual component,Rack,Individual component only,Cost of installed steel structure for one gantry beam and steel structure and footing of 2xgantry columns.  Used as landing span., 220,ea.,0.0,139219.0152801358,0.0,0.0,13728.775692582662,2784.380305602716,16968.76675603217,0.0,0.0,172700.9380343533
638,Station,AIS individual component,Rack,Individual component only,Cost of installed steel structure for one gantry beam and steel structure and footing of 2xgantry columns.  Used as landing span., 132,ea.,0.0,111375.21222410865,0.0,0.0,10983.02055406613,2227.504244482173,13575.013404825737,0.0,0.0,138160.75042748268
639,Station,AIS individual component,CB,Individual component only,Cost of installed 3 phase outdoor Live Tank CB incl footing and earthing. Operational only when installed in a completed switchbay. This is only a CB (equipment) and not a switchbay and excl any civil asset associated with its footprint area. , 500,ea.,310056.73760399566,7517.826825127334,63149.7453310696,0.0,38270.33512064343,7761.738539898131,47302.13420911528,0.0,0.0,474058.5176298495
640,Station,AIS individual component,CB,Individual component only,Cost of installed 3 phase outdoor Live Tank CB incl footing and earthing. Operational only when installed in a completed switchbay. This is only a CB (equipment) and not a switchbay and excl any civil asset associated with its footprint area. , 330,ea.,206704.49173599712,5011.884550084889,35083.19185059422,0.0,24821.62645218945,5034.159592529711,30679.530294906162,0.0,0.0,307334.88447630155
641,Station,AIS individual component,CB,Individual component only,Cost of installed 3 phase outdoor Live Tank CB incl footing and earthing. Operational only when installed in a completed switchbay. This is only a CB (equipment) and not a switchbay and excl any civil asset associated with its footprint area. , 275,ea.,196369.26714919726,5011.884550084889,33329.032258064515,0.0,23605.25692582663,4787.46349745331,29176.097560321712,0.0,0.0,292279.0019409483
642,Station,AIS individual component,CB,Individual component only,Cost of installed 3 phase outdoor Live Tank CB incl footing and earthing. Operational only when installed in a completed switchbay. This is only a CB (equipment) and not a switchbay and excl any civil asset associated with its footprint area. , 220,ea.,183858.20580728166,4900.509337860781,31574.8726655348,0.0,22158.243967828417,4493.989813242783,27387.58954423592,0.0,0.0,274373.41113598435
643,Station,AIS individual component,CB,Individual component only,Cost of installed 3 phase outdoor Live Tank CB incl footing and earthing. Operational only when installed in a completed switchbay. This is only a CB (equipment) and not a switchbay and excl any civil asset associated with its footprint area. , 132,ea.,105092.91527209117,4789.134125636671,21049.91511035653,0.0,13157.658623771224,2668.550084889643,16262.866058981233,0.0,0.0,163021.03927572645
644,Station,AIS individual component,CVT,Individual component only,"Cost of installed 1 phase CVT incl footings, earthing, kiosk.  Operational only when installed in a completed switchbay. This is only a CVT (1 phase equipment) and not a switchbay and excl any civil asset associated with its footprint area.", 500,ea.,29373.79619406275,11694.397283531407,3341.2563667232594,0.0,4448.123324396783,902.13921901528,5497.880428954423,0.0,0.0,55257.59281668389
645,Station,AIS individual component,CVT,Individual component only,"Cost of installed 1 phase CVT incl footings, earthing, kiosk.  Operational only when installed in a completed switchbay. This is only a CVT (1 phase equipment) and not a switchbay and excl any civil asset associated with its footprint area.", 330,ea.,19582.530796041832,7796.264855687605,2505.9422750424446,0.0,2992.8731009830203,606.9949066213921,3699.191152815013,0.0,0.0,37183.797087191306
646,Station,AIS individual component,CVT,Individual component only,"Cost of installed 1 phase CVT incl footings, earthing, kiosk.  Operational only when installed in a completed switchbay. This is only a CVT (1 phase equipment) and not a switchbay and excl any civil asset associated with its footprint area.", 275,ea.,18603.40425623974,6793.887945670627,2338.8794567062814,0.0,2778.704200178731,563.5585738539897,3434.478391420911,0.0,0.0,34512.912824070285
647,Station,AIS individual component,CVT,Individual component only,"Cost of installed 1 phase CVT incl footings, earthing, kiosk.  Operational only when installed in a completed switchbay. This is only a CVT (1 phase equipment) and not a switchbay and excl any civil asset associated with its footprint area.", 220,ea.,18494.612418483954,6459.762308998302,2171.8166383701187,0.0,2718.297587131367,551.3073005093378,3359.81581769437,0.0,0.0,33755.612071187454
648,Station,AIS individual component,CVT,Individual component only,"Cost of installed 1 phase CVT incl footings, earthing, kiosk.  Operational only when installed in a completed switchbay. This is only a CVT (1 phase equipment) and not a switchbay and excl any civil asset associated with its footprint area.", 132,ea.,14142.938908252434,5680.135823429541,1670.6281833616297,0.0,2152.6720285969614,436.5908319185059,2660.702627345844,0.0,0.0,26743.668402904917
649,Station,AIS individual component,CVT,Individual component only,"Cost of installed 1 phase CVT incl footings, earthing, kiosk.  Operational only when installed in a completed switchbay. This is only a CVT (1 phase equipment) and not a switchbay and excl any civil asset associated with its footprint area.", 66,ea.,10607.204181189325,4260.101867572155,1169.4397283531407,0.0,1606.2667560321715,325.7724957555178,1985.345710455764,0.0,0.0,19954.130739358076
650,Station,AIS individual component,CVT,Individual component only,"Cost of installed 1 phase CVT incl footings, earthing, kiosk.  Operational only when installed in a completed switchbay. This is only a CVT (1 phase equipment) and not a switchbay and excl any civil asset associated with its footprint area.", 33,ea.,7955.403135891995,3195.076400679117,835.3140916808148,0.0,1200.5814343163538,243.4940577249575,1483.9186528150133,0.0,0.0,14913.787773108252
651,Station,AIS individual component,SA,Individual component only,Cost of installed 1 phase SA incl footings and earthing. Operational only when installed in a completed switchbay. This is only a SA (1 phase equipment) and not a switchbay and excl any civil asset associated with its footprint area., 500,ea.,21758.367551157593,20047.538200339557,2338.8794567062814,0.0,4404.191242180518,893.2292020373513,5443.58037533512,0.0,0.0,54885.78602775642
652,Station,AIS individual component,SA,Individual component only,Cost of installed 1 phase SA incl footings and earthing. Operational only when installed in a completed switchbay. This is only a SA (1 phase equipment) and not a switchbay and excl any civil asset associated with its footprint area., 330,ea.,10879.183775578796,10023.769100169779,1670.6281833616297,0.0,2251.5192135835564,456.63837011884544,2782.877747989276,0.0,0.0,28064.616390801886
653,Station,AIS individual component,SA,Individual component only,Cost of installed 1 phase SA incl footings and earthing. Operational only when installed in a completed switchbay. This is only a SA (1 phase equipment) and not a switchbay and excl any civil asset associated with its footprint area., 275,ea.,9791.265398020916,10023.769100169779,1503.5653650254667,0.0,2125.2144772117963,431.02207130730045,2626.7650938337797,0.0,0.0,26501.60150556904
654,Station,AIS individual component,SA,Individual component only,Cost of installed 1 phase SA incl footings and earthing. Operational only when installed in a completed switchbay. This is only a SA (1 phase equipment) and not a switchbay and excl any civil asset associated with its footprint area., 220,ea.,4025.297996964154,10357.894736842103,1336.5025466893037,0.0,1559.5889186773904,316.30560271646857,1927.6519034852547,0.0,0.0,19523.241705374672
655,Station,AIS individual component,SA,Individual component only,Cost of installed 1 phase SA incl footings and earthing. Operational only when installed in a completed switchbay. This is only a SA (1 phase equipment) and not a switchbay and excl any civil asset associated with its footprint area., 132,ea.,2719.795943894699,8130.390492359931,668.2512733446518,0.0,1142.2341376228774,231.66044142614598,1411.8013941018767,0.0,0.0,14304.13368275018
656,Station,AIS individual component,SA,Individual component only,Cost of installed 1 phase SA incl footings and earthing. Operational only when installed in a completed switchbay. This is only a SA (1 phase equipment) and not a switchbay and excl any civil asset associated with its footprint area., 66,ea.,2039.846957921024,6097.792869269948,467.7758913412563,0.0,853.3806970509382,173.07707979626483,1054.7785415549597,0.0,0.0,10686.652036934393
657,Station,AIS individual component,SA,Individual component only,Cost of installed 1 phase SA incl footings and earthing. Operational only when installed in a completed switchbay. This is only a SA (1 phase equipment) and not a switchbay and excl any civil asset associated with its footprint area., 33,ea.,1529.885218440768,4573.344651952461,334.1256366723259,0.0,638.3880697050938,129.4736842105263,789.0476541554958,0.0,0.0,7994.264915136671
658,Station,AIS individual component,CT,Individual component only,"Cost of installed 1 phase outdoor CT incl footing, earthing, kiosk. Operational only when installed in a completed switchbay.  This is only a CT (1 ph equipment) and not a switchbay and excl any civil asset associated with its footprint area.", 500,ea.,52220.08212277822,11861.460101867571,3341.2563667232594,0.0,6771.032171581769,1373.2563667232596,8368.995764075067,0.0,0.0,83936.08289374915
659,Station,AIS individual component,CT,Individual component only,"Cost of installed 1 phase outdoor CT incl footing, earthing, kiosk. Operational only when installed in a completed switchbay.  This is only a CT (1 ph equipment) and not a switchbay and excl any civil asset associated with its footprint area.", 330,ea.,34813.38808185214,7907.640067911714,2505.9422750424446,0.0,4541.478999106344,921.0730050933785,5613.268042895442,0.0,0.0,56302.79047190146
660,Station,AIS individual component,CT,Individual component only,"Cost of installed 1 phase outdoor CT incl footing, earthing, kiosk. Operational only when installed in a completed switchbay.  This is only a CT (1 ph equipment) and not a switchbay and excl any civil asset associated with its footprint area.", 275,ea.,33072.71867775954,6905.263157894736,2366.722981324278,0.0,4253.174682104558,862.601013106961,5256.923907081233,0.0,0.0,52717.40441927131
661,Station,AIS individual component,CT,Individual component only,"Cost of installed 1 phase outdoor CT incl footing, earthing, kiosk. Operational only when installed in a completed switchbay.  This is only a CT (1 ph equipment) and not a switchbay and excl any civil asset associated with its footprint area.", 220,ea.,32311.175813469024,6459.762308998302,2227.5036876061117,0.0,4118.632652859696,835.3140805432936,5090.629958934584,0.0,0.0,51043.01850241101
662,Station,AIS individual component,CT,Individual component only,"Cost of installed 1 phase outdoor CT incl footing, earthing, kiosk. Operational only when installed in a completed switchbay.  This is only a CT (1 ph equipment) and not a switchbay and excl any civil asset associated with its footprint area.", 132,ea.,25022.12268383123,5680.135823429541,1670.6281833616297,0.0,3250.9740840035743,659.3412563667232,4018.2039678284177,0.0,0.0,40301.405998821116
663,Station,AIS individual component,CT,Individual component only,"Cost of installed 1 phase outdoor CT incl footing, earthing, kiosk. Operational only when installed in a completed switchbay.  This is only a CT (1 ph equipment) and not a switchbay and excl any civil asset associated with its footprint area.", 66,ea.,18766.59201287342,4260.101867572155,1169.4397283531407,0.0,2429.993297587131,492.83531409168074,3003.471715817694,0.0,0.0,30122.433936295223
664,Station,AIS individual component,CT,Individual component only,"Cost of installed 1 phase outdoor CT incl footing, earthing, kiosk. Operational only when installed in a completed switchbay.  This is only a CT (1 ph equipment) and not a switchbay and excl any civil asset associated with its footprint area.", 33,ea.,14074.944009655066,3195.076400679117,835.3140916808148,0.0,1818.3763404825736,368.79117147707973,2247.513156836461,0.0,0.0,22540.015170811108
665,Station,AIS individual component,ES,Individual component only,"Cost of installed 3 phase outdoor independent earth switch incl footing, earthing, insulator.  Operational only when installed in a completed switchbay. This is only an earth switch (equipment) and not a switchbay and excl any civil asset associated with its footprint area.", 500,ea.,43516.735102315186,0.0,0.0,0.0,4393.208221626452,891.0016977928692,5430.005361930294,0.0,0.0,54230.9503836648
666,Station,AIS individual component,ES,Individual component only,"Cost of installed 3 phase outdoor independent earth switch incl footing, earthing, insulator.  Operational only when installed in a completed switchbay. This is only an earth switch (equipment) and not a switchbay and excl any civil asset associated with its footprint area.", 330,ea.,27197.95943894699,0.0,0.0,0.0,2745.7551385165325,556.8760611205432,3393.753351206434,0.0,0.0,33894.3439897905
667,Station,AIS individual component,ES,Individual component only,"Cost of installed 3 phase outdoor independent earth switch incl footing, earthing, insulator.  Operational only when installed in a completed switchbay. This is only an earth switch (equipment) and not a switchbay and excl any civil asset associated with its footprint area.", 275,ea.,21758.367551157593,0.0,0.0,0.0,2196.604110813226,445.5008488964346,2715.002680965147,0.0,0.0,27115.4751918324
668,Station,AIS individual component,ES,Individual component only,"Cost of installed 3 phase outdoor independent earth switch incl footing, earthing, insulator.  Operational only when installed in a completed switchbay. This is only an earth switch (equipment) and not a switchbay and excl any civil asset associated with its footprint area.", 220,ea.,16318.775663368193,0.0,0.0,0.0,1647.4530831099194,334.1256366723259,2036.2520107238604,0.0,0.0,20336.606393874295
669,Station,AIS individual component,ES,Individual component only,"Cost of installed 3 phase outdoor independent earth switch incl footing, earthing, insulator.  Operational only when installed in a completed switchbay. This is only an earth switch (equipment) and not a switchbay and excl any civil asset associated with its footprint area.", 132,ea.,13055.020530694555,0.0,0.0,0.0,1317.9624664879357,267.3005093378607,1629.0016085790885,0.0,0.0,16269.285115099441
670,Station,AIS individual component,ROI,Individual component only,"Cost of installed 3 phase outdoor isolator without earth switch, incl footing, earthing, insulator. Operational only when installed in a completed switchbay. This is only an isolator with earth switch (equipment) and not a switchbay and excl any civil asset associated with its footprint area.", 500,ea.,62305.08548273976,20047.538200339557,23388.794567062814,0.0,10573.353887399462,2144.418336162988,13068.665404825737,0.0,0.0,131527.8558785303
671,Station,AIS individual component,ROI,Individual component only,"Cost of installed 3 phase outdoor isolator without earth switch, incl footing, earthing, insulator. Operational only when installed in a completed switchbay. This is only an isolator with earth switch (equipment) and not a switchbay and excl any civil asset associated with its footprint area.", 330,ea.,41536.72365515984,13365.025466893037,18711.03565365025,0.0,7356.427167113494,1491.9823429541595,9092.54397855228,0.0,0.0,91553.73826432305
672,Station,AIS individual component,ROI,Individual component only,"Cost of installed 3 phase outdoor isolator without earth switch, incl footing, earthing, insulator. Operational only when installed in a completed switchbay. This is only an isolator with earth switch (equipment) and not a switchbay and excl any civil asset associated with its footprint area.", 275,ea.,37383.05128964386,13142.27504244482,18126.315789473683,0.0,6857.46854334227,1390.7868251273344,8475.831119571045,0.0,0.0,85375.728609603
673,Station,AIS individual component,ROI,Individual component only,"Cost of installed 3 phase outdoor isolator without earth switch, incl footing, earthing, insulator. Operational only when installed in a completed switchbay. This is only an isolator with earth switch (equipment) and not a switchbay and excl any civil asset associated with its footprint area.", 220,ea.,34813.38808185214,14144.651952461798,17541.59592529711,0.0,6639.235924932976,1346.5263157894735,8206.095603217158,0.0,0.0,82691.49380355066
674,Station,AIS individual component,ROI,Individual component only,"Cost of installed 3 phase outdoor isolator without earth switch, incl footing, earthing, insulator. Operational only when installed in a completed switchbay. This is only an isolator with earth switch (equipment) and not a switchbay and excl any civil asset associated with its footprint area.", 132,ea.,18385.820580728163,15481.154499151102,11694.397283531407,0.0,4535.987488829312,919.9592529711374,5606.480536193029,0.0,0.0,56623.79964140415
675,Station,AIS individual component,ROI 1ES,Individual component only,"Cost of installed 3 phase outdoor isolator with 1x3 phase attached earth switch incl footing, earthing, insulator. Operational only when installed in a completed switchbay. This is only an isolator with earth switch (equipment) and not a switchbay and excl any civil asset associated with its footprint area.", 500,ea.,75066.36805149369,20047.538200339557,35083.19185059422,0.0,13014.879356568365,2639.592529711375,16086.390884718498,0.0,0.0,161937.9608734257
676,Station,AIS individual component,ROI 1ES,Individual component only,"Cost of installed 3 phase outdoor isolator with 1x3 phase attached earth switch incl footing, earthing, insulator. Operational only when installed in a completed switchbay. This is only an isolator with earth switch (equipment) and not a switchbay and excl any civil asset associated with its footprint area.", 330,ea.,50044.24536766246,13365.025466893037,25727.674023769097,0.0,8907.229669347631,1806.5059422750421,11009.335871313673,0.0,0.0,110860.01634126095
677,Station,AIS individual component,ROI 1ES,Individual component only,"Cost of installed 3 phase outdoor isolator with 1x3 phase attached earth switch incl footing, earthing, insulator. Operational only when installed in a completed switchbay. This is only an isolator with earth switch (equipment) and not a switchbay and excl any civil asset associated with its footprint area.", 275,ea.,47542.03309927934,13142.27504244482,24558.234295415958,0.0,8517.332439678283,1727.429541595925,10527.422895442358,0.0,0.0,106014.72731385668
678,Station,AIS individual component,ROI 1ES,Individual component only,"Cost of installed 3 phase outdoor isolator with 1x3 phase attached earth switch incl footing, earthing, insulator. Operational only when installed in a completed switchbay. This is only an isolator with earth switch (equipment) and not a switchbay and excl any civil asset associated with its footprint area.", 220,ea.,43843.11061558255,14144.651952461798,23388.794567062814,0.0,8127.435210008936,1648.353140916808,10045.509919571045,0.0,0.0,101197.85540560394
679,Station,AIS individual component,ROI 1ES,Individual component only,"Cost of installed 3 phase outdoor isolator with 1x3 phase attached earth switch incl footing, earthing, insulator. Operational only when installed in a completed switchbay. This is only an isolator with earth switch (equipment) and not a switchbay and excl any civil asset associated with its footprint area.", 132,ea.,29373.79619406275,15481.154499151102,14617.99660441426,0.0,5933.5768543342265,1203.4091680814938,7333.9009919571035,0.0,0.0,73943.83431200092
680,Station,AIS individual component,ROI 2ES,Individual component only,"Cost of installed 3 phase outdoor isolator with 2x3 phase attached earth switches incl footing, earthing, insulator.  Operational only when installed in a completed switchbay. This is only an isolator with two earth switches (equipment) and not a switchbay and excl any civil asset associated with its footprint area.", 500,ea.,88121.38858218824,20047.538200339557,46777.58913412563,0.0,15486.058981233244,3140.7809847198637,19140.768900804287,0.0,0.0,192714.1247834108
681,Station,AIS individual component,ROI 2ES,Individual component only,"Cost of installed 3 phase outdoor isolator with 2x3 phase attached earth switches incl footing, earthing, insulator.  Operational only when installed in a completed switchbay. This is only an isolator with two earth switches (equipment) and not a switchbay and excl any civil asset associated with its footprint area.", 330,ea.,58747.5923881255,13365.025466893037,32744.31239388794,0.0,10477.801608579088,2125.039049235993,12950.562788203753,0.0,0.0,130410.33369492531
682,Station,AIS individual component,ROI 2ES,Individual component only,"Cost of installed 3 phase outdoor isolator with 2x3 phase attached earth switches incl footing, earthing, insulator.  Operational only when installed in a completed switchbay. This is only an isolator with two earth switches (equipment) and not a switchbay and excl any civil asset associated with its footprint area.", 275,ea.,55810.21276871922,13142.27504244482,30990.152801358232,0.0,9986.311438784629,2025.3582342954157,12343.0809383378,0.0,0.0,124297.39122394013
683,Station,AIS individual component,ROI 2ES,Individual component only,"Cost of installed 3 phase outdoor isolator with 2x3 phase attached earth switches incl footing, earthing, insulator.  Operational only when installed in a completed switchbay. This is only an isolator with two earth switches (equipment) and not a switchbay and excl any civil asset associated with its footprint area.", 220,ea.,52328.87396053401,14144.651952461798,29235.99320882852,0.0,9560.719392314566,1939.0424448217316,11817.049168900805,0.0,0.0,119026.33012786144
684,Station,AIS individual component,ROI 2ES,Individual component only,"Cost of installed 3 phase outdoor isolator with 2x3 phase attached earth switches incl footing, earthing, insulator.  Operational only when installed in a completed switchbay. This is only an isolator with two earth switches (equipment) and not a switchbay and excl any civil asset associated with its footprint area.", 132,ea.,31549.632949178507,15481.154499151102,17541.59592529711,0.0,6441.541554959785,1306.4312393887944,7961.745361930295,0.0,0.0,80282.1015299056
685,Station,Special Protection Scheme,Major scheme,Lump sum allowance for the entire project. This building block estimate is a network element by itself and accounts for all other constituiting network elements. SPS estimate excludes non-network or BESS solutions,"SPS are a subset of SIPS and are network solutions and will also be needed to the extent required to control non-network solutions. This building block cost estimate is applicable for the entire project (consisting of multiple network elements) and should be included by itself if it is required. SPS is over and above the traditional control, protection and comms system installed and embedded as part of standard building blocks. SPS may leverage existing/estimated assets such as OPGW, CT and other secondary system items which have already been accounted for in other network element building blocks. The objective of the SPS is to keep various parts of NEM operating securely following the non-credible loss of interconnectors and large generators and preventing cascading power outages. Use the 'station' category project attributes, known and unknown risk factors to adjust this estimated cost to suit your specific project", N/A,lot,0.0,0.0,556876.0611205432,2085368.6339250358,823726.5415549597,556876.0611205432,274575.51385165326,0.0,0.0,4297422.811572735
686,Station,Special Protection Scheme,Minor scheme,Lump sum allowance for the entire project. This building block estimate is a network element by itself and accounts for all other constituiting network elements. SPS estimate excludes non-network or BESS solutions,"SPS are a subset of SIPS and are network solutions and will also be needed to the extent required to control non-network solutions. This building block cost estimate is applicable for the entire project (consisting of multiple network elements) and should be included by itself if it is required. SPS is over and above the traditional control, protection and comms system installed and embedded as part of standard building blocks. SPS may leverage existing/estimated assets such as OPGW, CT and other secondary system items which have already been accounted for in other network element building blocks. The objective of the SPS is to keep various parts of NEM operating securely following the non-credible loss of interconnectors and large generators and preventing cascading power outages. Use the 'substation' category project attributes, known and unknown risk factors to adjust this estimated cost to suit your specific project", N/A,lot,0.0,0.0,334125.63667232596,1303355.3962031475,494235.92493297585,334125.63667232596,219660.41108132259,0.0,0.0,2685503.0055620978
687,Station,Reactive Plant,Synchronous Condenser 2 × 200MVA,"Synchronous condenser and associated civil, structural, electrical and secondary system, including switchbay and step-up Tx as they come as a complete package","1. Plant amount includes: SYNCON machine without flywheel, Step-up Tx, CB bay as they comes in a complete package
2. Civil and structural works includes: SYNCON machine housed indoor. Cost of building structure
3. Electrical works includes: Cabling, termination, control panel and bus connection. Step-Tx and CB bay connection works included here as they comes in a complete package
4. Secondary systems includes: Control panel equipments
5. Design and survey includes: Civil design, primary design, secondary design, system strength parameter setting
6. Contractor project management and overheads is allocated $0 at individual major plant level because it will be accounted for overall in the substation level building block", 330,ea.,133998400.0,9734194.0,4407272.0,104268.0,4346081.0,2938181.0,0.0,0.0,0.0,155528396.0
688,Station,Reactive Plant,SVC ±150MVAr,"SVC and associated civil, structural, electrical and secondary system","1. Plant amount includes: SVC unit
2. Civil and structural works includes: AIS/outdoor, fencing, drainage, all civil work for control cabling. [Busbar is accounted for in the corresponding switchbay protecting this plant]
3. Electrical works includes: Cabling, termination, control panel, bus connection, earth switch install, marshalling kiosk
4. Secondary systems includes: control panel equipments
5. Design and survey includes: Civil design, primary design, secondary design, power quality/stability parameter setting
6. Contractor project management and overheads is allocated $0 at individual major plant level because it will be accounted for overall in the substation level building block", 500,ea.,23633000.0,947000.0,717000.0,104000.0,707000.0,239000.0,0.0,0.0,0.0,26347000.0
689,Station,Reactive Plant,SVC ±250MVAr,"SVC and associated civil, structural, electrical and secondary system","1. Plant amount includes: SVC unit
2. Civil and structural works includes: AIS/outdoor, fencing, drainage, all civil work for control cabling. [Busbar is accounted for in the corresponding switchbay protecting this plant]
3. Electrical works includes: Cabling, termination, control panel, bus connection, earth switch install, marshalling kiosk
4. Secondary systems includes: control panel equipments
5. Design and survey includes: Civil design, primary design, secondary design, power quality/stability parameter setting
6. Contractor project management and overheads is allocated $0 at individual major plant level because it will be accounted for overall in the substation level building block", 500,ea.,24870000.0,1020000.0,755000.0,104000.0,744000.0,252000.0,0.0,0.0,0.0,27745000.0
690,Station,Reactive Plant,SVC ±350MVAr,"SVC and associated civil, structural, electrical and secondary system","1. Plant amount includes: SVC unit
2. Civil and structural works includes: AIS/outdoor, fencing, drainage, all civil work for control cabling. [Busbar is accounted for in the corresponding switchbay protecting this plant]
3. Electrical works includes: Cabling, termination, control panel, bus connection, earth switch install, marshalling kiosk
4. Secondary systems includes: control panel equipments
5. Design and survey includes: Civil design, primary design, secondary design, power quality/stability parameter setting
6. Contractor project management and overheads is allocated $0 at individual major plant level because it will be accounted for overall in the substation level building block", 500,ea.,29305000.0,1186000.0,889000.0,104000.0,877000.0,297000.0,0.0,0.0,0.0,32658000.0
691,Station,Reactive Plant,SVC ±450MVAr,"SVC and associated civil, structural, electrical and secondary system","1. Plant amount includes: SVC unit
2. Civil and structural works includes: AIS/outdoor, fencing, drainage, all civil work for control cabling. [Busbar is accounted for in the corresponding switchbay protecting this plant]
3. Electrical works includes: Cabling, termination, control panel, bus connection, earth switch install, marshalling kiosk
4. Secondary systems includes: control panel equipments
5. Design and survey includes: Civil design, primary design, secondary design, power quality/stability parameter setting
6. Contractor project management and overheads is allocated $0 at individual major plant level because it will be accounted for overall in the substation level building block", 500,ea.,36206000.0,1465000.0,1099000.0,104000.0,1084000.0,367000.0,0.0,0.0,0.0,40325000.0
692,Station,Reactive Plant,SVC ±150MVAr,"SVC and associated civil, structural, electrical and secondary system","1. Plant amount includes: SVC unit
2. Civil and structural works includes: AIS/outdoor, fencing, drainage, all civil work for control cabling. [Busbar is accounted for in the corresponding switchbay protecting this plant]
3. Electrical works includes: Cabling, termination, control panel, bus connection, earth switch install, marshalling kiosk
4. Secondary systems includes: control panel equipments
5. Design and survey includes: Civil design, primary design, secondary design, power quality/stability parameter setting
6. Contractor project management and overheads is allocated $0 at individual major plant level because it will be accounted for overall in the substation level building block", 330,ea.,22331000.0,894000.0,677000.0,104000.0,668000.0,226000.0,0.0,0.0,0.0,24900000.0
693,Station,Reactive Plant,SVC ±250MVAr,"SVC and associated civil, structural, electrical and secondary system","1. Plant amount includes: SVC unit
2. Civil and structural works includes: AIS/outdoor, fencing, drainage, all civil work for control cabling. [Busbar is accounted for in the corresponding switchbay protecting this plant]
3. Electrical works includes: Cabling, termination, control panel, bus connection, earth switch install, marshalling kiosk
4. Secondary systems includes: control panel equipments
5. Design and survey includes: Civil design, primary design, secondary design, power quality/stability parameter setting
6. Contractor project management and overheads is allocated $0 at individual major plant level because it will be accounted for overall in the substation level building block", 330,ea.,23569000.0,967000.0,714000.0,104000.0,705000.0,238000.0,0.0,0.0,0.0,26297000.0
694,Station,Reactive Plant,SVC ±350MVAr,"SVC and associated civil, structural, electrical and secondary system","1. Plant amount includes: SVC unit
2. Civil and structural works includes: AIS/outdoor, fencing, drainage, all civil work for control cabling. [Busbar is accounted for in the corresponding switchbay protecting this plant]
3. Electrical works includes: Cabling, termination, control panel, bus connection, earth switch install, marshalling kiosk
4. Secondary systems includes: control panel equipments
5. Design and survey includes: Civil design, primary design, secondary design, power quality/stability parameter setting
6. Contractor project management and overheads is allocated $0 at individual major plant level because it will be accounted for overall in the substation level building block", 330,ea.,28003000.0,1134000.0,849000.0,104000.0,837000.0,283000.0,0.0,0.0,0.0,31210000.0
695,Station,Reactive Plant,SVC ±450MVAr,"SVC and associated civil, structural, electrical and secondary system","1. Plant amount includes: SVC unit
2. Civil and structural works includes: AIS/outdoor, fencing, drainage, all civil work for control cabling. [Busbar is accounted for in the corresponding switchbay protecting this plant]
3. Electrical works includes: Cabling, termination, control panel, bus connection, earth switch install, marshalling kiosk
4. Secondary systems includes: control panel equipments
5. Design and survey includes: Civil design, primary design, secondary design, power quality/stability parameter setting
6. Contractor project management and overheads is allocated $0 at individual major plant level because it will be accounted for overall in the substation level building block", 330,ea.,34904000.0,1412000.0,1059000.0,104000.0,1044000.0,353000.0,0.0,0.0,0.0,38876000.0
696,Station,Reactive Plant,SVC ±150MVAr,"SVC and associated civil, structural, electrical and secondary system","1. Plant amount includes: SVC unit
2. Civil and structural works includes: AIS/outdoor, fencing, drainage, all civil work for control cabling. [Busbar is accounted for in the corresponding switchbay protecting this plant]
3. Electrical works includes: Cabling, termination, control panel, bus connection, earth switch install, marshalling kiosk
4. Secondary systems includes: control panel equipments
5. Design and survey includes: Civil design, primary design, secondary design, power quality/stability parameter setting
6. Contractor project management and overheads is allocated $0 at individual major plant level because it will be accounted for overall in the substation level building block", 275,ea.,21166000.0,848000.0,641000.0,104000.0,633000.0,215000.0,0.0,0.0,0.0,23607000.0
697,Station,Reactive Plant,SVC ±250MVAr,"SVC and associated civil, structural, electrical and secondary system","1. Plant amount includes: SVC unit
2. Civil and structural works includes: AIS/outdoor, fencing, drainage, all civil work for control cabling. [Busbar is accounted for in the corresponding switchbay protecting this plant]
3. Electrical works includes: Cabling, termination, control panel, bus connection, earth switch install, marshalling kiosk
4. Secondary systems includes: control panel equipments
5. Design and survey includes: Civil design, primary design, secondary design, power quality/stability parameter setting
6. Contractor project management and overheads is allocated $0 at individual major plant level because it will be accounted for overall in the substation level building block", 275,ea.,22294000.0,915000.0,676000.0,104000.0,666000.0,226000.0,0.0,0.0,0.0,24881000.0
698,Station,Reactive Plant,SVC ±350MVAr,"SVC and associated civil, structural, electrical and secondary system","1. Plant amount includes: SVC unit
2. Civil and structural works includes: AIS/outdoor, fencing, drainage, all civil work for control cabling. [Busbar is accounted for in the corresponding switchbay protecting this plant]
3. Electrical works includes: Cabling, termination, control panel, bus connection, earth switch install, marshalling kiosk
4. Secondary systems includes: control panel equipments
5. Design and survey includes: Civil design, primary design, secondary design, power quality/stability parameter setting
6. Contractor project management and overheads is allocated $0 at individual major plant level because it will be accounted for overall in the substation level building block", 275,ea.,26963000.0,1091000.0,818000.0,104000.0,806000.0,273000.0,0.0,0.0,0.0,30055000.0
699,Station,Reactive Plant,SVC ±450MVAr,"SVC and associated civil, structural, electrical and secondary system","1. Plant amount includes: SVC unit
2. Civil and structural works includes: AIS/outdoor, fencing, drainage, all civil work for control cabling. [Busbar is accounted for in the corresponding switchbay protecting this plant]
3. Electrical works includes: Cabling, termination, control panel, bus connection, earth switch install, marshalling kiosk
4. Secondary systems includes: control panel equipments
5. Design and survey includes: Civil design, primary design, secondary design, power quality/stability parameter setting
6. Contractor project management and overheads is allocated $0 at individual major plant level because it will be accounted for overall in the substation level building block", 275,ea.,34297000.0,1388000.0,1041000.0,104000.0,1027000.0,348000.0,0.0,0.0,0.0,38205000.0
700,Station,Reactive Plant,Reactor 150MVAr,"Reactor and associated civil, structural, electrical and secondary system","1. Plant amount includes: Reactor unit
2. Civil and structural works includes: AIS/outdoor, fencing, drainage, all civil work for control cabling, footing.  [Busbar is accounted for in the corresponding switchbay protecting this plant]
3. Electrical works includes: Cabling, termination, control panel, bus connection, surge arrestor install, earth switch install, marshalling kiosk
4. Secondary systems includes: control panel equipments
5. Design and survey includes: Civil design, primary design, secondary design, power quality/stability parameter setting
6. Contractor project management and overheads is allocated $0 at individual major plant level because it will be accounted for overall in the substation level building block", 500,ea.,4782000.0,1671000.0,339000.0,104000.0,144000.0,49000.0,0.0,0.0,0.0,7089000.0
701,Station,Reactive Plant,Reactor 250MVAr,"Reactor and associated civil, structural, electrical and secondary system","1. Plant amount includes: Reactor unit
2. Civil and structural works includes: AIS/outdoor, fencing, drainage, all civil work for control cabling, footing.  [Busbar is accounted for in the corresponding switchbay protecting this plant]
3. Electrical works includes: Cabling, termination, control panel, bus connection, surge arrestor install, earth switch install, marshalling kiosk
4. Secondary systems includes: control panel equipments
5. Design and survey includes: Civil design, primary design, secondary design, power quality/stability parameter setting
6. Contractor project management and overheads is allocated $0 at individual major plant level because it will be accounted for overall in the substation level building block", 500,ea.,5710000.0,1671000.0,404000.0,104000.0,171000.0,59000.0,0.0,0.0,0.0,8119000.0
702,Station,Reactive Plant,Reactor 350MVAr,"Reactor and associated civil, structural, electrical and secondary system","1. Plant amount includes: Reactor unit
2. Civil and structural works includes: AIS/outdoor, fencing, drainage, all civil work for control cabling, footing.  [Busbar is accounted for in the corresponding switchbay protecting this plant]
3. Electrical works includes: Cabling, termination, control panel, bus connection, surge arrestor install, earth switch install, marshalling kiosk
4. Secondary systems includes: control panel equipments
5. Design and survey includes: Civil design, primary design, secondary design, power quality/stability parameter setting
6. Contractor project management and overheads is allocated $0 at individual major plant level because it will be accounted for overall in the substation level building block", 500,ea.,6638000.0,1671000.0,471000.0,104000.0,199000.0,68000.0,0.0,0.0,0.0,9151000.0
703,Station,Reactive Plant,Reactor 450MVAr,"Reactor and associated civil, structural, electrical and secondary system","1. Plant amount includes: Reactor unit
2. Civil and structural works includes: AIS/outdoor, fencing, drainage, all civil work for control cabling, footing.  [Busbar is accounted for in the corresponding switchbay protecting this plant]
3. Electrical works includes: Cabling, termination, control panel, bus connection, surge arrestor install, earth switch install, marshalling kiosk
4. Secondary systems includes: control panel equipments
5. Design and survey includes: Civil design, primary design, secondary design, power quality/stability parameter setting
6. Contractor project management and overheads is allocated $0 at individual major plant level because it will be accounted for overall in the substation level building block", 500,ea.,7567000.0,1671000.0,536000.0,104000.0,227000.0,77000.0,0.0,0.0,0.0,10182000.0
704,Station,Reactive Plant,Reactor 150MVAr,"Reactor and associated civil, structural, electrical and secondary system","1. Plant amount includes: Reactor unit
2. Civil and structural works includes: AIS/outdoor, fencing, drainage, all civil work for control cabling, footing.  [Busbar is accounted for in the corresponding switchbay protecting this plant]
3. Electrical works includes: Cabling, termination, control panel, bus connection, surge arrestor install, earth switch install, marshalling kiosk
4. Secondary systems includes: control panel equipments
5. Design and survey includes: Civil design, primary design, secondary design, power quality/stability parameter setting
6. Contractor project management and overheads is allocated $0 at individual major plant level because it will be accounted for overall in the substation level building block", 330,ea.,3836000.0,1114000.0,273000.0,104000.0,116000.0,39000.0,0.0,0.0,0.0,5482000.0
705,Station,Reactive Plant,Reactor 250MVAr,"Reactor and associated civil, structural, electrical and secondary system","1. Plant amount includes: Reactor unit
2. Civil and structural works includes: AIS/outdoor, fencing, drainage, all civil work for control cabling, footing.  [Busbar is accounted for in the corresponding switchbay protecting this plant]
3. Electrical works includes: Cabling, termination, control panel, bus connection, surge arrestor install, earth switch install, marshalling kiosk
4. Secondary systems includes: control panel equipments
5. Design and survey includes: Civil design, primary design, secondary design, power quality/stability parameter setting
6. Contractor project management and overheads is allocated $0 at individual major plant level because it will be accounted for overall in the substation level building block", 330,ea.,4302000.0,1114000.0,305000.0,104000.0,129000.0,44000.0,0.0,0.0,0.0,5998000.0
706,Station,Reactive Plant,Reactor 350MVAr,"Reactor and associated civil, structural, electrical and secondary system","1. Plant amount includes: Reactor unit
2. Civil and structural works includes: AIS/outdoor, fencing, drainage, all civil work for control cabling, footing.  [Busbar is accounted for in the corresponding switchbay protecting this plant]
3. Electrical works includes: Cabling, termination, control panel, bus connection, surge arrestor install, earth switch install, marshalling kiosk
4. Secondary systems includes: control panel equipments
5. Design and survey includes: Civil design, primary design, secondary design, power quality/stability parameter setting
6. Contractor project management and overheads is allocated $0 at individual major plant level because it will be accounted for overall in the substation level building block", 330,ea.,4820000.0,1114000.0,342000.0,104000.0,145000.0,50000.0,0.0,0.0,0.0,6575000.0
707,Station,Reactive Plant,Reactor 150MVAr,"Reactor and associated civil, structural, electrical and secondary system","1. Plant amount includes: Reactor unit
2. Civil and structural works includes: AIS/outdoor, fencing, drainage, all civil work for control cabling, footing.  [Busbar is accounted for in the corresponding switchbay protecting this plant]
3. Electrical works includes: Cabling, termination, control panel, bus connection, surge arrestor install, earth switch install, marshalling kiosk
4. Secondary systems includes: control panel equipments
5. Design and survey includes: Civil design, primary design, secondary design, power quality/stability parameter setting
6. Contractor project management and overheads is allocated $0 at individual major plant level because it will be accounted for overall in the substation level building block", 275,ea.,3561000.0,1002000.0,276000.0,104000.0,116000.0,40000.0,0.0,0.0,0.0,5099000.0
708,Station,Reactive Plant,Reactor 250MVAr,"Reactor and associated civil, structural, electrical and secondary system","1. Plant amount includes: Reactor unit
2. Civil and structural works includes: AIS/outdoor, fencing, drainage, all civil work for control cabling, footing.  [Busbar is accounted for in the corresponding switchbay protecting this plant]
3. Electrical works includes: Cabling, termination, control panel, bus connection, surge arrestor install, earth switch install, marshalling kiosk
4. Secondary systems includes: control panel equipments
5. Design and survey includes: Civil design, primary design, secondary design, power quality/stability parameter setting
6. Contractor project management and overheads is allocated $0 at individual major plant level because it will be accounted for overall in the substation level building block", 275,ea.,4106000.0,1002000.0,307000.0,104000.0,130000.0,44000.0,0.0,0.0,0.0,5693000.0
709,Station,Reactive Plant,Reactor 350MVAr,"Reactor and associated civil, structural, electrical and secondary system","1. Plant amount includes: Reactor unit
2. Civil and structural works includes: AIS/outdoor, fencing, drainage, all civil work for control cabling, footing.  [Busbar is accounted for in the corresponding switchbay protecting this plant]
3. Electrical works includes: Cabling, termination, control panel, bus connection, surge arrestor install, earth switch install, marshalling kiosk
4. Secondary systems includes: control panel equipments
5. Design and survey includes: Civil design, primary design, secondary design, power quality/stability parameter setting
6. Contractor project management and overheads is allocated $0 at individual major plant level because it will be accounted for overall in the substation level building block", 275,ea.,4881000.0,1002000.0,345000.0,104000.0,146000.0,50000.0,0.0,0.0,0.0,6528000.0
710,Station,Reactive Plant,Reactor 150MVAr,"Reactor and associated civil, structural, electrical and secondary system","1. Plant amount includes: Reactor unit
2. Civil and structural works includes: AIS/outdoor, fencing, drainage, all civil work for control cabling, footing.  [Busbar is accounted for in the corresponding switchbay protecting this plant]
3. Electrical works includes: Cabling, termination, control panel, bus connection, surge arrestor install, earth switch install, marshalling kiosk
4. Secondary systems includes: control panel equipments
5. Design and survey includes: Civil design, primary design, secondary design, power quality/stability parameter setting
6. Contractor project management and overheads is allocated $0 at individual major plant level because it will be accounted for overall in the substation level building block", 220,ea.,3470000.0,891000.0,266000.0,104000.0,112000.0,38000.0,0.0,0.0,0.0,4881000.0
711,Station,Reactive Plant,Reactor 250MVAr,"Reactor and associated civil, structural, electrical and secondary system","1. Plant amount includes: Reactor unit
2. Civil and structural works includes: AIS/outdoor, fencing, drainage, all civil work for control cabling, footing.  [Busbar is accounted for in the corresponding switchbay protecting this plant]
3. Electrical works includes: Cabling, termination, control panel, bus connection, surge arrestor install, earth switch install, marshalling kiosk
4. Secondary systems includes: control panel equipments
5. Design and survey includes: Civil design, primary design, secondary design, power quality/stability parameter setting
6. Contractor project management and overheads is allocated $0 at individual major plant level because it will be accounted for overall in the substation level building block", 220,ea.,3907000.0,891000.0,292000.0,104000.0,124000.0,42000.0,0.0,0.0,0.0,5360000.0
712,Station,Reactive Plant,Reactor 350MVAr,"Reactor and associated civil, structural, electrical and secondary system","1. Plant amount includes: Reactor unit
2. Civil and structural works includes: AIS/outdoor, fencing, drainage, all civil work for control cabling, footing.  [Busbar is accounted for in the corresponding switchbay protecting this plant]
3. Electrical works includes: Cabling, termination, control panel, bus connection, surge arrestor install, earth switch install, marshalling kiosk
4. Secondary systems includes: control panel equipments
5. Design and survey includes: Civil design, primary design, secondary design, power quality/stability parameter setting
6. Contractor project management and overheads is allocated $0 at individual major plant level because it will be accounted for overall in the substation level building block", 220,ea.,4607000.0,891000.0,326000.0,104000.0,139000.0,48000.0,0.0,0.0,0.0,6115000.0
713,Station,Reactive Plant,Reactor 150MVAr,"Reactor and associated civil, structural, electrical and secondary system","1. Plant amount includes: Reactor unit
2. Civil and structural works includes: AIS/outdoor, fencing, drainage, all civil work for control cabling, footing.  [Busbar is accounted for in the corresponding switchbay protecting this plant]
3. Electrical works includes: Cabling, termination, control panel, bus connection, surge arrestor install, earth switch install, marshalling kiosk
4. Secondary systems includes: control panel equipments
5. Design and survey includes: Civil design, primary design, secondary design, power quality/stability parameter setting
6. Contractor project management and overheads is allocated $0 at individual major plant level because it will be accounted for overall in the substation level building block", 132,ea.,3001000.0,835000.0,230000.0,104000.0,98000.0,33000.0,0.0,0.0,0.0,4301000.0
714,Station,Reactive Plant,Reactor 250MVAr,"Reactor and associated civil, structural, electrical and secondary system","1. Plant amount includes: Reactor unit
2. Civil and structural works includes: AIS/outdoor, fencing, drainage, all civil work for control cabling, footing.  [Busbar is accounted for in the corresponding switchbay protecting this plant]
3. Electrical works includes: Cabling, termination, control panel, bus connection, surge arrestor install, earth switch install, marshalling kiosk
4. Secondary systems includes: control panel equipments
5. Design and survey includes: Civil design, primary design, secondary design, power quality/stability parameter setting
6. Contractor project management and overheads is allocated $0 at individual major plant level because it will be accounted for overall in the substation level building block", 132,ea.,3387000.0,835000.0,253000.0,104000.0,107000.0,36000.0,0.0,0.0,0.0,4722000.0
715,Station,Reactive Plant,Reactor 350MVAr,"Reactor and associated civil, structural, electrical and secondary system","1. Plant amount includes: Reactor unit
2. Civil and structural works includes: AIS/outdoor, fencing, drainage, all civil work for control cabling, footing.  [Busbar is accounted for in the corresponding switchbay protecting this plant]
3. Electrical works includes: Cabling, termination, control panel, bus connection, surge arrestor install, earth switch install, marshalling kiosk
4. Secondary systems includes: control panel equipments
5. Design and survey includes: Civil design, primary design, secondary design, power quality/stability parameter setting
6. Contractor project management and overheads is allocated $0 at individual major plant level because it will be accounted for overall in the substation level building block", 132,ea.,3998000.0,835000.0,282000.0,104000.0,120000.0,42000.0,0.0,0.0,0.0,5381000.0
716,Station,Reactive Plant,Capacitor 150MVAr,"Capacitor and associated civil, structural, electrical and secondary system","1. Plant amount includes: Capacitor banks
2. Civil and structural works includes: AIS/outdoor, fencing, drainage, all civil work for control cabling, busbar, footing.  [Busbar is accounted for in the corresponding switchbay protecting this plant].
3. Electrical works includes: Cabling, termination, control panel, bus connection, surge arrestor install, earth switch install, marshalling kiosk
4. Secondary systems includes: control panel equipments
5. Design and survey includes: Civil design, primary design, secondary design, power quality parameter setting
6. Contractor project management and overheads is allocated $0 at individual major plant level because it will be accounted for overall in the substation level building block", 330,ea.,3280000.0,223000.0,232000.0,104000.0,98000.0,33000.0,0.0,0.0,0.0,3970000.0
717,Station,Reactive Plant,Capacitor 250MVAr,"Capacitor and associated civil, structural, electrical and secondary system","1. Plant amount includes: Capacitor banks
2. Civil and structural works includes: AIS/outdoor, fencing, drainage, all civil work for control cabling, busbar, footing.  [Busbar is accounted for in the corresponding switchbay protecting this plant].
3. Electrical works includes: Cabling, termination, control panel, bus connection, surge arrestor install, earth switch install, marshalling kiosk
4. Secondary systems includes: control panel equipments
5. Design and survey includes: Civil design, primary design, secondary design, power quality parameter setting
6. Contractor project management and overheads is allocated $0 at individual major plant level because it will be accounted for overall in the substation level building block", 330,ea.,4111000.0,223000.0,291000.0,104000.0,123000.0,42000.0,0.0,0.0,0.0,4894000.0
718,Station,Reactive Plant,Capacitor 350MVAr,"Capacitor and associated civil, structural, electrical and secondary system","1. Plant amount includes: Capacitor banks
2. Civil and structural works includes: AIS/outdoor, fencing, drainage, all civil work for control cabling, busbar, footing.  [Busbar is accounted for in the corresponding switchbay protecting this plant].
3. Electrical works includes: Cabling, termination, control panel, bus connection, surge arrestor install, earth switch install, marshalling kiosk
4. Secondary systems includes: control panel equipments
5. Design and survey includes: Civil design, primary design, secondary design, power quality parameter setting
6. Contractor project management and overheads is allocated $0 at individual major plant level because it will be accounted for overall in the substation level building block", 330,ea.,4943000.0,223000.0,350000.0,104000.0,149000.0,51000.0,0.0,0.0,0.0,5820000.0
719,Station,Reactive Plant,Capacitor 150MVAr,"Capacitor and associated civil, structural, electrical and secondary system","1. Plant amount includes: Capacitor banks
2. Civil and structural works includes: AIS/outdoor, fencing, drainage, all civil work for control cabling, busbar, footing.  [Busbar is accounted for in the corresponding switchbay protecting this plant].
3. Electrical works includes: Cabling, termination, control panel, bus connection, surge arrestor install, earth switch install, marshalling kiosk
4. Secondary systems includes: control panel equipments
5. Design and survey includes: Civil design, primary design, secondary design, power quality parameter setting
6. Contractor project management and overheads is allocated $0 at individual major plant level because it will be accounted for overall in the substation level building block", 275,ea.,3077000.0,206000.0,218000.0,104000.0,93000.0,32000.0,0.0,0.0,0.0,3730000.0
720,Station,Reactive Plant,Capacitor 250MVAr,"Capacitor and associated civil, structural, electrical and secondary system","1. Plant amount includes: Capacitor banks
2. Civil and structural works includes: AIS/outdoor, fencing, drainage, all civil work for control cabling, busbar, footing.  [Busbar is accounted for in the corresponding switchbay protecting this plant].
3. Electrical works includes: Cabling, termination, control panel, bus connection, surge arrestor install, earth switch install, marshalling kiosk
4. Secondary systems includes: control panel equipments
5. Design and survey includes: Civil design, primary design, secondary design, power quality parameter setting
6. Contractor project management and overheads is allocated $0 at individual major plant level because it will be accounted for overall in the substation level building block", 275,ea.,3778000.0,206000.0,268000.0,104000.0,114000.0,38000.0,0.0,0.0,0.0,4508000.0
721,Station,Reactive Plant,Capacitor 350MVAr,"Capacitor and associated civil, structural, electrical and secondary system","1. Plant amount includes: Capacitor banks
2. Civil and structural works includes: AIS/outdoor, fencing, drainage, all civil work for control cabling, busbar, footing.  [Busbar is accounted for in the corresponding switchbay protecting this plant].
3. Electrical works includes: Cabling, termination, control panel, bus connection, surge arrestor install, earth switch install, marshalling kiosk
4. Secondary systems includes: control panel equipments
5. Design and survey includes: Civil design, primary design, secondary design, power quality parameter setting
6. Contractor project management and overheads is allocated $0 at individual major plant level because it will be accounted for overall in the substation level building block", 275,ea.,4526000.0,206000.0,321000.0,104000.0,135000.0,46000.0,0.0,0.0,0.0,5338000.0
722,Station,Reactive Plant,Capacitor 150MVAr,"Capacitor and associated civil, structural, electrical and secondary system","1. Plant amount includes: Capacitor banks
2. Civil and structural works includes: AIS/outdoor, fencing, drainage, all civil work for control cabling, busbar, footing.  [Busbar is accounted for in the corresponding switchbay protecting this plant].
3. Electrical works includes: Cabling, termination, control panel, bus connection, surge arrestor install, earth switch install, marshalling kiosk
4. Secondary systems includes: control panel equipments
5. Design and survey includes: Civil design, primary design, secondary design, power quality parameter setting
6. Contractor project management and overheads is allocated $0 at individual major plant level because it will be accounted for overall in the substation level building block", 220,ea.,2779000.0,184000.0,198000.0,104000.0,84000.0,29000.0,0.0,0.0,0.0,3378000.0
723,Station,Reactive Plant,Capacitor 250MVAr,"Capacitor and associated civil, structural, electrical and secondary system","1. Plant amount includes: Capacitor banks
2. Civil and structural works includes: AIS/outdoor, fencing, drainage, all civil work for control cabling, busbar, footing.  [Busbar is accounted for in the corresponding switchbay protecting this plant].
3. Electrical works includes: Cabling, termination, control panel, bus connection, surge arrestor install, earth switch install, marshalling kiosk
4. Secondary systems includes: control panel equipments
5. Design and survey includes: Civil design, primary design, secondary design, power quality parameter setting
6. Contractor project management and overheads is allocated $0 at individual major plant level because it will be accounted for overall in the substation level building block", 220,ea.,3372000.0,184000.0,239000.0,104000.0,101000.0,35000.0,0.0,0.0,0.0,4035000.0
724,Station,Reactive Plant,Capacitor 350MVAr,"Capacitor and associated civil, structural, electrical and secondary system","1. Plant amount includes: Capacitor banks
2. Civil and structural works includes: AIS/outdoor, fencing, drainage, all civil work for control cabling, busbar, footing.  [Busbar is accounted for in the corresponding switchbay protecting this plant].
3. Electrical works includes: Cabling, termination, control panel, bus connection, surge arrestor install, earth switch install, marshalling kiosk
4. Secondary systems includes: control panel equipments
5. Design and survey includes: Civil design, primary design, secondary design, power quality parameter setting
6. Contractor project management and overheads is allocated $0 at individual major plant level because it will be accounted for overall in the substation level building block", 220,ea.,3977000.0,184000.0,282000.0,104000.0,120000.0,41000.0,0.0,0.0,0.0,4708000.0
725,Station,HVDC converters - VSC,"2 × Asymmetrical Monopole (Bipole), 2 × 2000MW","HVDC converter and associated civil, structural, electrical and secondary system per station. This estimate exclude AC interface cost",Rectification station to convert AC-DC power. Power electronics technology. This building block estimate is needed at one end of the HVDC line, ±500,lot,444192940.0,147247550.0,36811890.0,48873270.0,55845410.0,18405940.0,95734990.0,0.0,0.0,847111990.0
726,Station,HVDC converters built in two stages - VSC,"2 × Asymmetrical Monopole (Bipole), 2 × 2000MW","HVDC converter and associated civil, structural, electrical and secondary system per station. This estimate exclude AC interface cost",Rectification station to convert AC-DC power. Power electronics technology. This building block estimate is needed at one end of the HVDC line, ±500,lot,518817360.0,171985130.0,42996280.0,57083980.0,65227440.0,21498140.0,111818470.0,0.0,0.0,989426800.0
727,Station,HVDC converters built in two stages - LCC,"2 × Asymmetrical Monopole (Bipole), 2 × 2000MW","HVDC converter and associated civil, structural, electrical and secondary system per station. This estimate exclude AC interface cost",Rectification station to convert AC-DC power. Power electronics technology. This building block estimate is needed at one end of the HVDC line, ±600,lot,480386440.0,159245490.0,39811370.0,52855540.0,60395780.0,19905690.0,103535620.0,0.0,0.0,916135930.0
728,Overhead line,HVAC,2 x Paw Paw SCST 1196 MVA,"Overhead lines single circuit single tower, twin conductor per phase. Ratings calculated for summer day, 1m/s wind speed, and air temperatures of 35oC (1196 MVA), 30oC (1224 MVA), 40oC (1149 MVA), 45oC (1100 MVA)","1. Plant amount includes: Strain + Structural tower associated costs (steel tower with single earth peak, structural foundation steel, foundation leg steel, climbing barrier, fittings, insulators) and insulator and conductor. 85% suspension, 15% strain and 400m span. Sag and OPGW has been appropriately assigned
2. Civil and structural works includes: Tower concrete footing, soil tests, installation of tower and foundations
3. Electrical works includes: installation of conductor (setup, draw wires,stringing, clamping off), installation of OHEW/OPGW (draw wire, stringing, clamping off)
4. Secondary system and testing and commissioning is accounted in the terminating end in the substation switchbay cost", 330,km,638339.6105373236,432979.4906621391,154735.2529711375,0.0,60148.0,0.0,107891.0,256113.57524544402,175830.0,1826036.9294160441
729,Overhead line,HVAC,2 x Paw Paw DCST 2392 MVA,"Overhead lines double circuit single tower, twin conductor per phase. Ratings calculated for summer day, 1m/s wind speed, and air temperatures of 35oC (2392 MVA), 30oC (2482 MVA), 40oC (2298 MVA), 45oC (2200 MVA)","1. Plant amount includes: Strain + Structural tower associated costs (steel tower with single earth peak, structural foundation steel, foundation leg steel, climbing barrier, fittings, insulators) and insulator and conductor. 85% suspension, 15% strain and 400m span. Sag and OPGW has been appropriately assigned
2. Civil and structural works includes: Tower concrete footing, soil tests, installation of tower and foundations
3. Electrical works includes: installation of conductor (setup, draw wires,stringing, clamping off), installation of OHEW/OPGW (draw wire, stringing, clamping off)
4. Secondary system and testing and commissioning is accounted in the terminating end in the substation switchbay cost", 330,km,772186.5242349857,432979.4906621391,309470.505942275,0.0,71847.88091376227,0.0,119591.07126228775,256113.57524544402,175830.0,2138019.0482608937
730,Overhead line,HVAC,Stage 1 development: 2 x Paw Paw DCST 2392 MVA,"Construction of a double circuit tower with initially a single circuit strung. This reflects stage 1 of developing an Overhead lines double circuit single tower, twin conductor per phase.Ratings calculated for summer day, 1m/s wind speed, and air temperatures of 35oC (2392 MVA), 30oC (2482 MVA), 40oC (2298 MVA), 45oC (2200 MVA)","1. Plant amount includes: Strain + Structural tower associated costs (steel tower with single earth peak, structural foundation steel, foundation leg steel, climbing barrier, fittings, insulators) and insulator and conductor. 85% suspension, 15% strain and 400m span. Sag and OPGW has been appropriately assigned
2. Civil and structural works includes: Tower concrete footing, soil tests, installation of tower and foundations
3. Electrical works includes: installation of conductor (setup, draw wires,stringing, clamping off), installation of OHEW/OPGW (draw wire, stringing, clamping off)
4. Secondary system and testing and commissioning is accounted in the terminating end in the substation switchbay cost", 330,km,579139.8931762392,432979.4906621391,154735.2529711375,0.0,71847.88091376227,0.0,119591.07126228775,256113.57524544402,175830.0,1790237.1642310098
731,Overhead line,HVAC,Stage 2 development: 2 x Paw Paw DCST 2392 MVA,"Second circuit strung on the vacant side of the double circuit tower. This reflects stage 2 of developing an Overhead lines double circuit single tower, twin conductor per phase. Ratings calculated for summer day, 1m/s wind speed, and air temperatures of 35oC (2392 MVA), 30oC (2482 MVA), 40oC (2298 MVA), 45oC (2200 MVA)","1. Plant amount includes: Strain + Structural tower associated costs (steel tower with single earth peak, structural foundation steel, foundation leg steel, climbing barrier, fittings, insulators) and insulator and conductor. 85% suspension, 15% strain and 400m span. Sag and OPGW has been appropriately assigned
2. Civil and structural works includes: Tower concrete footing, soil tests, installation of tower and foundations
3. Electrical works includes: installation of conductor (setup, draw wires,stringing, clamping off), installation of OHEW/OPGW (draw wire, stringing, clamping off)
4. Secondary system and testing and commissioning is accounted in the terminating end in the substation switchbay cost", 330,km,193046.63105874642,0.0,154735.2529711375,0.0,0.0,0.0,119591.07126228775,0.0,0.0,467372.9552921716
732,Overhead line,HVAC,2 x Olive SCST 1106MVA,"Overhead lines single circuit single tower, twin conductor per phase. Ratings calculated for summer day, 1m/s wind speed, and air temperatures of 35oC (1106 MVA), 30oC (1146 MVA), 40oC (1064 MVA), 45oC (1020 MVA)","1. Plant amount includes: Strain + Structural tower associated costs (steel tower with single earth peak, structural foundation steel, foundation leg steel, climbing barrier, fittings, insulators) and insulator and conductor. 85% suspension, 15% strain and 400m span. Sag and OPGW has been appropriately assigned
2. Civil and structural works includes: Tower concrete footing, soil tests, installation of tower and foundations
3. Electrical works includes: installation of conductor (setup, draw wires,stringing, clamping off), installation of OHEW/OPGW (draw wire, stringing, clamping off)
4. Secondary system and testing and commissioning is accounted in the terminating end in the substation switchbay cost", 330,km,589925.1867272519,432979.4906621391,154735.2529711375,0.0,60148.0,0.0,107891.0,256113.57524544402,175830.0,1777622.5056059724
733,Overhead line,HVAC,2 x Olive DCST 2212 MVA,"Overhead lines double circuit single tower, twin conductor per phase. Ratings calculated for summer day, 1m/s wind speed, and air temperatures of 35oC (2212 MVA), 30oC (2292 MVA), 40oC (2127 MVA), 45oC (2040 MVA)","1. Plant amount includes: Strain + Structural tower associated costs (steel tower with single earth peak, structural foundation steel, foundation leg steel, climbing barrier, fittings, insulators) and insulator and conductor. 85% suspension, 15% strain and 400m span. Sag and OPGW has been appropriately assigned
2. Civil and structural works includes: Tower concrete footing, soil tests, installation of tower and foundations
3. Electrical works includes: installation of conductor (setup, draw wires,stringing, clamping off), installation of OHEW/OPGW (draw wire, stringing, clamping off)
4. Secondary system and testing and commissioning is accounted in the terminating end in the substation switchbay cost", 330,km,705356.349783196,432979.4906621391,309470.505942275,0.0,71847.88091376227,0.0,119591.07126228775,256113.57524544402,175830.0,2071188.873809104
734,Overhead line,HVAC,Stage 1 development: 2 x Olive DCST 2212 MVA,"Construction of a double circuit tower with initially a single circuit strung. This reflects stage 1 of developing an Overhead lines double circuit single tower, twin conductor per phase. Ratings calculated for summer day, 1m/s wind speed, and air temperatures of 35oC (2212 MVA), 30oC (2292 MVA), 40oC (2127 MVA), 45oC (2040 MVA)","1. Plant amount includes: Strain + Structural tower associated costs (steel tower with single earth peak, structural foundation steel, foundation leg steel, climbing barrier, fittings, insulators) and insulator and conductor. 85% suspension, 15% strain and 400m span. Sag and OPGW has been appropriately assigned
2. Civil and structural works includes: Tower concrete footing, soil tests, installation of tower and foundations
3. Electrical works includes: installation of conductor (setup, draw wires,stringing, clamping off), installation of OHEW/OPGW (draw wire, stringing, clamping off)
4. Secondary system and testing and commissioning is accounted in the terminating end in the substation switchbay cost", 330,km,529017.262337397,432979.4906621391,154735.2529711375,0.0,71847.88091376227,0.0,119591.07126228775,256113.57524544402,175830.0,1740114.5333921674
735,Overhead line,HVAC,Stage 2 development: 2 x Olive DCST 2212 MVA,"Second circuit strung on the vacant side of the double circuit tower. This reflects stage 2 of developing an Overhead lines double circuit single tower, twin conductor per phase. Ratings calculated for summer day, 1m/s wind speed, and air temperatures of 35oC (2212 MVA), 30oC (2292 MVA), 40oC (2127 MVA), 45oC (2040 MVA)","1. Plant amount includes: Strain + Structural tower associated costs (steel tower with single earth peak, structural foundation steel, foundation leg steel, climbing barrier, fittings, insulators) and insulator and conductor. 85% suspension, 15% strain and 400m span. Sag and OPGW has been appropriately assigned
2. Civil and structural works includes: Tower concrete footing, soil tests, installation of tower and foundations
3. Electrical works includes: installation of conductor (setup, draw wires,stringing, clamping off), installation of OHEW/OPGW (draw wire, stringing, clamping off)
4. Secondary system and testing and commissioning is accounted in the terminating end in the substation switchbay cost", 330,km,176339.087445799,0.0,154735.2529711375,0.0,0.0,0.0,119591.07126228775,0.0,0.0,450665.4116792242
736,Overhead line,HVAC,2 x Sulphur SCST 1293 MVA,"Overhead lines single circuit single tower, twin conductor per phase. Ratings calculated for summer day, 1m/s wind speed, and air temperatures of 35oC (1293 MVA), 30oC (1342 MVA), 40oC (1242 MVA), 45oC (1189 MVA)","1. Plant amount includes: Strain + Structural tower associated costs (steel tower with single earth peak, structural foundation steel, foundation leg steel, climbing barrier, fittings, insulators) and insulator and conductor. 85% suspension, 15% strain and 400m span. Sag and OPGW has been appropriately assigned
2. Civil and structural works includes: Tower concrete footing, soil tests, installation of tower and foundations
3. Electrical works includes: installation of conductor (setup, draw wires,stringing, clamping off), installation of OHEW/OPGW (draw wire, stringing, clamping off)
4. Secondary system and testing and commissioning is accounted in the terminating end in the substation switchbay cost", 330,km,638909.1919939128,432979.4906621391,154735.2529711375,0.0,60148.0,0.0,107891.0,256113.57524544402,175830.0,1826606.5108726332
737,Overhead line,HVAC,2 x Sulphur DCST 2586 MVA,"Overhead lines double circuit single tower, twin conductor per phase. Ratings calculated for summer day, 1m/s wind speed, and air temperatures of 35oC (2586 MVA), 30oC (2684 MVA), 40oC (2484 MVA), 45oC (2378 MVA)","1. Plant amount includes: Strain + Structural tower associated costs (steel tower with single earth peak, structural foundation steel, foundation leg steel, climbing barrier, fittings, insulators) and insulator and conductor. 85% suspension, 15% strain and 400m span. Sag and OPGW has been appropriately assigned
2. Civil and structural works includes: Tower concrete footing, soil tests, installation of tower and foundations
3. Electrical works includes: installation of conductor (setup, draw wires,stringing, clamping off), installation of OHEW/OPGW (draw wire, stringing, clamping off)
4. Secondary system and testing and commissioning is accounted in the terminating end in the substation switchbay cost", 330,km,772972.7615814774,432979.4906621391,309470.505942275,0.0,71847.88091376227,0.0,119591.07126228775,256113.57524544402,175830.0,2138805.2856073854
738,Overhead line,HVAC,Stage 1 development: 2 x Sulphur DCST 2586 MVA,"Construction of a double circuit tower with initially a single circuit strung. This reflects stage 1 of developing an Overhead lines double circuit single tower, twin conductor per phase. Ratings calculated for summer day, 1m/s wind speed, and air temperatures of 35oC (2586 MVA), 30oC (2684 MVA), 40oC (2484 MVA), 45oC (2378 MVA)","1. Plant amount includes: Strain + Structural tower associated costs (steel tower with single earth peak, structural foundation steel, foundation leg steel, climbing barrier, fittings, insulators) and insulator and conductor. 85% suspension, 15% strain and 400m span. Sag and OPGW has been appropriately assigned
2. Civil and structural works includes: Tower concrete footing, soil tests, installation of tower and foundations
3. Electrical works includes: installation of conductor (setup, draw wires,stringing, clamping off), installation of OHEW/OPGW (draw wire, stringing, clamping off)
4. Secondary system and testing and commissioning is accounted in the terminating end in the substation switchbay cost", 330,km,579729.571186108,432979.4906621391,154735.2529711375,0.0,71847.88091376227,0.0,119591.07126228775,256113.57524544402,175830.0,1790826.8422408786
739,Overhead line,HVAC,Stage 2 development: 2 x Sulphur DCST 2586 MVA,"Second circuit strung on the vacant side of the double circuit tower. This reflects stage 2 of developing an Overhead lines double circuit single tower, twin conductor per phase. Ratings calculated for summer day, 1m/s wind speed, and air temperatures of 35oC (2586 MVA), 30oC (2684 MVA), 40oC (2484 MVA), 45oC (2378 MVA)","1. Plant amount includes: Strain + Structural tower associated costs (steel tower with single earth peak, structural foundation steel, foundation leg steel, climbing barrier, fittings, insulators) and insulator and conductor. 85% suspension, 15% strain and 400m span. Sag and OPGW has been appropriately assigned
2. Civil and structural works includes: Tower concrete footing, soil tests, installation of tower and foundations
3. Electrical works includes: installation of conductor (setup, draw wires,stringing, clamping off), installation of OHEW/OPGW (draw wire, stringing, clamping off)
4. Secondary system and testing and commissioning is accounted in the terminating end in the substation switchbay cost", 330,km,193243.19039536934,0.0,154735.2529711375,0.0,0.0,0.0,119591.07126228775,0.0,0.0,467569.51462879457
740,Overhead line,HVAC,2 x Phosphorous DCST 1593 MVA,"Overhead lines double circuit single tower, twin conductor per phase. Ratings calculated for summer day, 1m/s wind speed, and air temperatures of 35oC (1593 MVA), 30oC (1647 MVA), 40oC (1537 MVA), 45oC (1479 MVA)","1. Plant amount includes: Strain + Structural tower associated costs (steel tower with single earth peak, structural foundation steel, foundation leg steel, climbing barrier, fittings, insulators) and insulator and conductor. 85% suspension, 15% strain and 400m span. Sag and OPGW has been appropriately assigned
2. Civil and structural works includes: Tower concrete footing, soil tests, installation of tower and foundations
3. Electrical works includes: installation of conductor (setup, draw wires,stringing, clamping off), installation of OHEW/OPGW (draw wire, stringing, clamping off)
4. Secondary system and testing and commissioning is accounted in the terminating end in the substation switchbay cost", 275,km,487233.90675516846,412224.7198641766,296015.2665534804,0.0,70734.70167057641,0.0,113985.83661248883,227479.75937949377,155945.49689440994,1763619.6877297943
741,Overhead line,HVAC,Stage 1 development: 2 x Phosphorous DCST 1593 MVA,"Construction of a double circuit tower with initially a single circuit strung. This reflects stage 1 of developing an Overhead lines double circuit single tower, twin conductor per phase. Ratings calculated for summer day, 1m/s wind speed, and air temperatures of 35oC (1593 MVA), 30oC (1647 MVA), 40oC (1537 MVA), 45oC (1479 MVA)","1. Plant amount includes: Strain + Structural tower associated costs (steel tower with single earth peak, structural foundation steel, foundation leg steel, climbing barrier, fittings, insulators) and insulator and conductor. 85% suspension, 15% strain and 400m span. Sag and OPGW has been appropriately assigned
2. Civil and structural works includes: Tower concrete footing, soil tests, installation of tower and foundations
3. Electrical works includes: installation of conductor (setup, draw wires,stringing, clamping off), installation of OHEW/OPGW (draw wire, stringing, clamping off)
4. Secondary system and testing and commissioning is accounted in the terminating end in the substation switchbay cost", 275,km,365425.43006637634,412224.7198641766,148007.6332767402,0.0,70734.70167057641,0.0,113985.83661248883,227479.75937949377,155945.49689440994,1493803.577764262
742,Overhead line,HVAC,Stage 2 development: 2 x Phosphorous DCST 1593 MVA,"Second circuit strung on the vacant side of the double circuit tower. This reflects stage 2 of developing an Overhead lines double circuit single tower, twin conductor per phase. Ratings calculated for summer day, 1m/s wind speed, and air temperatures of 35oC (1593 MVA), 30oC (1647 MVA), 40oC (1537 MVA), 45oC (1479 MVA)","1. Plant amount includes: Strain + Structural tower associated costs (steel tower with single earth peak, structural foundation steel, foundation leg steel, climbing barrier, fittings, insulators) and insulator and conductor. 85% suspension, 15% strain and 400m span. Sag and OPGW has been appropriately assigned
2. Civil and structural works includes: Tower concrete footing, soil tests, installation of tower and foundations
3. Electrical works includes: installation of conductor (setup, draw wires,stringing, clamping off), installation of OHEW/OPGW (draw wire, stringing, clamping off)
4. Secondary system and testing and commissioning is accounted in the terminating end in the substation switchbay cost", 275,km,121808.47668879211,0.0,148007.6332767402,0.0,0.0,0.0,113985.83661248883,0.0,0.0,383801.94657802116
743,Overhead line,HVAC,2 x Sulphur DCST 2155 MVA,"Overhead lines double circuit single tower, twin conductor per phase. Ratings calculated for summer day, 1m/s wind speed, and air temperatures of 35oC (2155 MVA), 30oC (2236 MVA), 40oC (2070 MVA), 45oC (1982 MVA)","1. Plant amount includes: Strain + Structural tower associated costs (steel tower with single earth peak, structural foundation steel, foundation leg steel, climbing barrier, fittings, insulators) and insulator and conductor. 85% suspension, 15% strain and 400m span. Sag and OPGW has been appropriately assigned
2. Civil and structural works includes: Tower concrete footing, soil tests, installation of tower and foundations
3. Electrical works includes: installation of conductor (setup, draw wires,stringing, clamping off), installation of OHEW/OPGW (draw wire, stringing, clamping off)
4. Secondary system and testing and commissioning is accounted in the terminating end in the substation switchbay cost", 275,km,679314.1726337615,412224.7198641766,296015.2665534804,0.0,70734.70167057641,0.0,113985.83661248883,227479.75937949377,155945.49689440994,1955699.9536083874
744,Overhead line,HVAC,Stage 1 development: 2 x Sulphur DCST 2155 MVA,"Construction of a double circuit tower with initially a single circuit strung. This reflects stage 1 of developing an Overhead lines double circuit single tower, twin conductor per phase. Ratings calculated for summer day, 1m/s wind speed, and air temperatures of 35oC (2155 MVA), 30oC (2236 MVA), 40oC (2070 MVA), 45oC (1982 MVA)","1. Plant amount includes: Strain + Structural tower associated costs (steel tower with single earth peak, structural foundation steel, foundation leg steel, climbing barrier, fittings, insulators) and insulator and conductor. 85% suspension, 15% strain and 400m span. Sag and OPGW has been appropriately assigned
2. Civil and structural works includes: Tower concrete footing, soil tests, installation of tower and foundations
3. Electrical works includes: installation of conductor (setup, draw wires,stringing, clamping off), installation of OHEW/OPGW (draw wire, stringing, clamping off)
4. Secondary system and testing and commissioning is accounted in the terminating end in the substation switchbay cost", 275,km,509485.62947532116,412224.7198641766,148007.6332767402,0.0,70734.70167057641,0.0,113985.83661248883,227479.75937949377,155945.49689440994,1637863.7771732067
745,Overhead line,HVAC,Stage 2 development: 2 x Sulphur DCST 2155 MVA,"Second circuit strung on the vacant side of the double circuit tower. This reflects stage 2 of developing an Overhead lines double circuit single tower, twin conductor per phase. Ratings calculated for summer day, 1m/s wind speed, and air temperatures of 35oC (2155 MVA), 30oC (2236 MVA), 40oC (2070 MVA), 45oC (1982 MVA)","1. Plant amount includes: Strain + Structural tower associated costs (steel tower with single earth peak, structural foundation steel, foundation leg steel, climbing barrier, fittings, insulators) and insulator and conductor. 85% suspension, 15% strain and 400m span. Sag and OPGW has been appropriately assigned
2. Civil and structural works includes: Tower concrete footing, soil tests, installation of tower and foundations
3. Electrical works includes: installation of conductor (setup, draw wires,stringing, clamping off), installation of OHEW/OPGW (draw wire, stringing, clamping off)
4. Secondary system and testing and commissioning is accounted in the terminating end in the substation switchbay cost", 275,km,169828.54315844039,0.0,148007.6332767402,0.0,0.0,0.0,113985.83661248883,0.0,0.0,431822.01304766943
746,Overhead line,HVAC,2 x Phosphorus SCST 796 MVA,"Overhead lines single circuit single tower, twin conductor per phase. Ratings calculated for summer day, 1m/s wind speed, and air temperatures of 35oC (796 MVA), 30oC (823 MVA), 40oC (768 MVA), 45oC (739 MVA)","1. Plant amount includes: Strain + Structural tower associated costs (steel tower with single earth peak, structural foundation steel, foundation leg steel, climbing barrier, fittings, insulators) and insulator and conductor. 85% suspension, 15% strain and 400m span. Sag and OPGW has been appropriately assigned
2. Civil and structural works includes: Tower concrete footing, soil tests, installation of tower and foundations
3. Electrical works includes: installation of conductor (setup, draw wires,stringing, clamping off), installation of OHEW/OPGW (draw wire, stringing, clamping off)
4. Secondary system and testing and commissioning is accounted in the terminating end in the substation switchbay cost", 275,km,428325.6578032513,412225.0,148008.0,0.0,56122.0,0.0,99374.0,227479.76,0.0,1371534.4178032514
747,Overhead line,HVAC,2 x Olive SCST 920 MVA,"Overhead lines single circuit single tower, twin conductor per phase. Ratings calculated for summer day, 1m/s wind speed, and air temperatures of 35oC (920 MVA), 30oC (955 MVA), 40oC (886 MVA), 45oC (850 MVA)","1. Plant amount includes: Strain + Structural tower associated costs (steel tower with single earth peak, structural foundation steel, foundation leg steel, climbing barrier, fittings, insulators) and insulator and conductor. 85% suspension, 15% strain and 400m span. Sag and OPGW has been appropriately assigned
2. Civil and structural works includes: Tower concrete footing, soil tests, installation of tower and foundations
3. Electrical works includes: installation of conductor (setup, draw wires,stringing, clamping off), installation of OHEW/OPGW (draw wire, stringing, clamping off)
4. Secondary system and testing and commissioning is accounted in the terminating end in the substation switchbay cost", 275,km,524746.685161681,412225.0,148008.0,0.0,56122.0,0.0,99374.0,227479.76,0.0,1467955.445161681
748,Overhead line,HVAC,1 x Olive SCST 460 MVA,"Overhead lines single circuit single tower, single conductor per phase. Ratings calculated for summer day, 1m/s wind speed, and air temperatures of 35oC (460 MVA), 30oC (477 MVA), 40oC (443 MVA), 45oC (425 MVA)","1. Plant amount includes: Strain + Structural tower associated costs (steel tower with single earth peak, structural foundation steel, foundation leg steel, climbing barrier, fittings, insulators) and insulator and conductor. 85% suspension, 15% strain and 400m span. Sag and OPGW has been appropriately assigned
2. Civil and structural works includes: Tower concrete footing, soil tests, installation of tower and foundations
3. Electrical works includes: installation of conductor (setup, draw wires,stringing, clamping off), installation of OHEW/OPGW (draw wire, stringing, clamping off)
4. Secondary system and testing and commissioning is accounted in the terminating end in the substation switchbay cost", 275,km,486117.65065847395,412224.7198641766,85489.3853989813,0.0,51521.0,0.0,94773.0,0.0,0.0,1130125.7559216318
749,Overhead line,HVAC,2 x Sulphur SCST 1077 MVA,"Overhead lines single circuit single tower, twin conductor per phase. Ratings calculated for summer day, 1m/s wind speed, and air temperatures of 35oC (1077 MVA), 30oC (1118 MVA), 40oC (1035 MVA), 45oC (991 MVA)","1. Plant amount includes: Strain + Structural tower associated costs (steel tower with single earth peak, structural foundation steel, foundation leg steel, climbing barrier, fittings, insulators) and insulator and conductor. 85% suspension, 15% strain and 400m span. Sag and OPGW has been appropriately assigned
2. Civil and structural works includes: Tower concrete footing, soil tests, installation of tower and foundations
3. Electrical works includes: installation of conductor (setup, draw wires,stringing, clamping off), installation of OHEW/OPGW (draw wire, stringing, clamping off)
4. Secondary system and testing and commissioning is accounted in the terminating end in the substation switchbay cost", 275,km,571332.1253460909,412225.0,148008.0,0.0,56122.0,0.0,99374.0,227479.76,0.0,1514540.885346091
750,Overhead line,HVAC,2 x Olive SCST 737 MVA,"Overhead lines single circuit single tower, twin conductor per phase. Ratings calculated for summer day, 1m/s wind speed, and air temperatures of 35oC (737 MVA), 30oC (764 MVA), 40oC (709 MVA), 45oC (680 MVA)","1. Plant amount includes: Strain + Structural tower associated costs (steel tower with single earth peak, structural foundation steel, foundation leg steel, climbing barrier, fittings, insulators) and insulator and conductor. 85% suspension, 15% strain and 400m span. Sag and OPGW has been appropriately assigned
2. Civil and structural works includes: Tower concrete footing, soil tests, installation of tower and foundations
3. Electrical works includes: installation of conductor (setup, draw wires,stringing, clamping off), installation of OHEW/OPGW (draw wire, stringing, clamping off)
4. Secondary system and testing and commissioning is accounted in the terminating end in the substation switchbay cost", 220,km,491973.3734582596,410295.1443123939,148007.6332767402,0.0,53112.0,0.0,93946.0,209981.31635030193,143568.44720496895,1550883.9146026645
751,Overhead line,HVAC,2 x Olive DCST 1474 MVA,"Overhead lines double circuit single tower, twin conductor per phase. Ratings calculated for summer day, 1m/s wind speed, and air temperatures of 35oC (1474 MVA), 30oC (1528 MVA), 40oC (1418 MVA), 45oC (1360 MVA)","1. Plant amount includes: Strain + Structural tower associated costs (steel tower with single earth peak, structural foundation steel, foundation leg steel, climbing barrier, fittings, insulators) and insulator and conductor. 85% suspension, 15% strain and 400m span. Sag and OPGW has been appropriately assigned
2. Civil and structural works includes: Tower concrete footing, soil tests, installation of tower and foundations
3. Electrical works includes: installation of conductor (setup, draw wires,stringing, clamping off), installation of OHEW/OPGW (draw wire, stringing, clamping off)
4. Secondary system and testing and commissioning is accounted in the terminating end in the substation switchbay cost", 220,km,601616.8610013457,410295.1443123939,296016.49168081494,0.0,65388.0,0.0,106223.0,209981.31635030193,143568.44720496895,1833089.2605498254
752,Overhead line,HVAC,Stage 1 development: 2 x Olive DCST 1474 MVA,"Construction of a double circuit tower with initially a single circuit strung. This reflects stage 1 of developing an Overhead lines double circuit single tower, twin conductor per phase. Ratings calculated for summer day, 1m/s wind speed, and air temperatures of 35oC (1474 MVA), 30oC (1528 MVA), 40oC (1418 MVA), 45oC (1360 MVA)","1. Plant amount includes: Strain + Structural tower associated costs (steel tower with single earth peak, structural foundation steel, foundation leg steel, climbing barrier, fittings, insulators) and insulator and conductor. 85% suspension, 15% strain and 400m span. Sag and OPGW has been appropriately assigned
2. Civil and structural works includes: Tower concrete footing, soil tests, installation of tower and foundations
3. Electrical works includes: installation of conductor (setup, draw wires,stringing, clamping off), installation of OHEW/OPGW (draw wire, stringing, clamping off)
4. Secondary system and testing and commissioning is accounted in the terminating end in the substation switchbay cost", 220,km,451212.64575100923,410295.1443123939,148008.24584040747,0.0,65388.0,0.0,106223.0,209981.31635030193,143568.44720496895,1534676.7994590814
753,Overhead line,HVAC,Stage 2 development: 2 x Olive DCST 1474 MVA,"Second circuit strung on the vacant side of the double circuit tower. This reflects stage 2 of developing an Overhead lines double circuit single tower, twin conductors per phase. Ratings calculated for summer day, 1m/s wind speed, and air temperatures of 35oC (1474 MVA), 30oC (1528 MVA), 40oC (1418 MVA), 45oC (1360 MVA)","1. Plant amount includes: Strain + Structural tower associated costs (steel tower with single earth peak, structural foundation steel, foundation leg steel, climbing barrier, fittings, insulators) and insulator and conductor. 85% suspension, 15% strain and 400m span. Sag and OPGW has been appropriately assigned
2. Civil and structural works includes: Tower concrete footing, soil tests, installation of tower and foundations
3. Electrical works includes: installation of conductor (setup, draw wires,stringing, clamping off), installation of OHEW/OPGW (draw wire, stringing, clamping off)
4. Secondary system and testing and commissioning is accounted in the terminating end in the substation switchbay cost", 220,km,150404.21525033642,0.0,148008.24584040747,0.0,0.0,0.0,106223.0,0.0,0.0,404635.4610907439
754,Overhead line,HVAC,2 x Sulphur SCST 862 MVA,"Overhead lines single circuit single tower, twin conductor per phase. Ratings calculated for summer day, 1m/s wind speed, and air temperatures of 35oC (862 MVA), 30oC (894 MVA), 40oC (828 MVA), 45oC (792 MVA)","1. Plant amount includes: Strain + Structural tower associated costs (steel tower with single earth peak, structural foundation steel, foundation leg steel, climbing barrier, fittings, insulators) and insulator and conductor. 85% suspension, 15% strain and 400m span. Sag and OPGW has been appropriately assigned
2. Civil and structural works includes: Tower concrete footing, soil tests, installation of tower and foundations
3. Electrical works includes: installation of conductor (setup, draw wires,stringing, clamping off), installation of OHEW/OPGW (draw wire, stringing, clamping off)
4. Secondary system and testing and commissioning is accounted in the terminating end in the substation switchbay cost", 220,km,537746.5903180618,410295.1443123939,148007.6332767402,0.0,53112.0,0.0,93946.0,209981.31635030193,143568.44720496895,1596657.1314624667
755,Overhead line,HVAC,2 x Sulphur DCST 1724 MVA,"Overhead lines double circuit single tower, twin conductor per phase. Ratings calculated for summer day, 1m/s wind speed, and air temperatures of 35oC (1724 MVA), 30oC (1790 MVA), 40oC (1656 MVA), 45oC (1586 MVA)","1. Plant amount includes: Strain + Structural tower associated costs (steel tower with single earth peak, structural foundation steel, foundation leg steel, climbing barrier, fittings, insulators) and insulator and conductor. 85% suspension, 15% strain and 400m span. Sag and OPGW has been appropriately assigned
2. Civil and structural works includes: Tower concrete footing, soil tests, installation of tower and foundations
3. Electrical works includes: installation of conductor (setup, draw wires,stringing, clamping off), installation of OHEW/OPGW (draw wire, stringing, clamping off)
4. Secondary system and testing and commissioning is accounted in the terminating end in the substation switchbay cost", 220,km,665152.3297440175,410295.1443123939,296016.49168081494,0.0,65388.0,0.0,106223.0,209981.31635030193,143568.44720496895,1896624.729292497
756,Overhead line,HVAC,Stage 1 development: 2 x Sulphur DCST 1724 MVA,"Construction of a double circuit tower with initially a single circuit strung. This reflects stage 1 of developing an Overhead lines double circuit single tower, twin conductor per phase. Ratings calculated for summer day, 1m/s wind speed, and air temperatures of 35oC (1724 MVA), 30oC (1790 MVA), 40oC (1656 MVA), 45oC (1586 MVA)","1. Plant amount includes: Strain + Structural tower associated costs (steel tower with single earth peak, structural foundation steel, foundation leg steel, climbing barrier, fittings, insulators) and insulator and conductor. 85% suspension, 15% strain and 400m span. Sag and OPGW has been appropriately assigned
2. Civil and structural works includes: Tower concrete footing, soil tests, installation of tower and foundations
3. Electrical works includes: installation of conductor (setup, draw wires,stringing, clamping off), installation of OHEW/OPGW (draw wire, stringing, clamping off)
4. Secondary system and testing and commissioning is accounted in the terminating end in the substation switchbay cost", 220,km,498864.2473080131,410295.1443123939,148008.24584040747,0.0,65388.0,0.0,106223.0,209981.31635030193,143568.44720496895,1582328.4010160854
757,Overhead line,HVAC,Stage 2 development: 2 x Sulphur DCST 1724 MVA,"Second circuit strung on the vacant side of the double circuit tower. This reflects stage 2 of developing an Overhead lines double circuit single tower, twin conductor per phase. Ratings calculated for summer day, 1m/s wind speed, and air temperatures of 35oC (1724 MVA), 30oC (1790 MVA), 40oC (1656 MVA), 45oC (1586 MVA)","1. Plant amount includes: Strain + Structural tower associated costs (steel tower with single earth peak, structural foundation steel, foundation leg steel, climbing barrier, fittings, insulators) and insulator and conductor. 85% suspension, 15% strain and 400m span. Sag and OPGW has been appropriately assigned
2. Civil and structural works includes: Tower concrete footing, soil tests, installation of tower and foundations
3. Electrical works includes: installation of conductor (setup, draw wires,stringing, clamping off), installation of OHEW/OPGW (draw wire, stringing, clamping off)
4. Secondary system and testing and commissioning is accounted in the terminating end in the substation switchbay cost", 220,km,166288.08243600436,0.0,148008.24584040747,0.0,0.0,0.0,106223.0,0.0,0.0,420519.32827641186
758,Overhead line,HVAC,1 x Sulphur SCST 431 MVA,"Overhead lines single circuit single tower, single conductor per phase. Ratings calculated for summer day, 1m/s wind speed, and air temperatures of 35oC (431 MVA), 30oC (447 MVA), 40oC (414 MVA), 45oC (396 MVA)","1. Plant amount includes: Strain + Structural tower associated costs (steel tower with single earth peak, structural foundation steel, foundation leg steel, climbing barrier, fittings, insulators) and insulator and conductor. 85% suspension, 15% strain and 400m span. Sag and OPGW has been appropriately assigned
2. Civil and structural works includes: Tower concrete footing, soil tests, installation of tower and foundations
3. Electrical works includes: installation of conductor (setup, draw wires,stringing, clamping off), installation of OHEW/OPGW (draw wire, stringing, clamping off)
4. Secondary system and testing and commissioning is accounted in the terminating end in the substation switchbay cost", 220,km,502566.90683931,410295.1443123939,85489.3853989813,0.0,49853.0,0.0,90688.0,209981.31635030193,143568.44720496895,1492442.200105956
759,Overhead line,HVAC,1 x Sulphur DCST 862 MVA,"Overhead lines double circuit single tower, single conductor per phase. Ratings calculated for summer day, 1m/s wind speed, and air temperatures of 35oC (862 MVA), 30oC (894 MVA), 40oC (828 MVA), 45oC (792 MVA)","1. Plant amount includes: Strain + Structural tower associated costs (steel tower with single earth peak, structural foundation steel, foundation leg steel, climbing barrier, fittings, insulators) and insulator and conductor. 85% suspension, 15% strain and 400m span. Sag and OPGW has been appropriately assigned
2. Civil and structural works includes: Tower concrete footing, soil tests, installation of tower and foundations
3. Electrical works includes: installation of conductor (setup, draw wires,stringing, clamping off), installation of OHEW/OPGW (draw wire, stringing, clamping off)
4. Secondary system and testing and commissioning is accounted in the terminating end in the substation switchbay cost", 220,km,591985.5734721755,410295.1443123939,170978.7707979626,0.0,56100.0,0.0,96934.0,209981.31635030193,143568.44720496895,1679843.2521378028
760,Overhead line,HVAC,Stage 1 development: 1 x Sulphur DCST 862 MVA,"Construction of a double circuit tower with initially a single circuit strung. This reflects stage 1 of developing an Overhead lines double circuit single tower, single conductor per phase. Ratings calculated for summer day, 1m/s wind speed, and air temperatures of 35oC (862 MVA), 30oC (894 MVA), 40oC (828 MVA), 45oC (792 MVA)","1. Plant amount includes: Strain + Structural tower associated costs (steel tower with single earth peak, structural foundation steel, foundation leg steel, climbing barrier, fittings, insulators) and insulator and conductor. 85% suspension, 15% strain and 400m span. Sag and OPGW has been appropriately assigned
2. Civil and structural works includes: Tower concrete footing, soil tests, installation of tower and foundations
3. Electrical works includes: installation of conductor (setup, draw wires,stringing, clamping off), installation of OHEW/OPGW (draw wire, stringing, clamping off)
4. Secondary system and testing and commissioning is accounted in the terminating end in the substation switchbay cost", 220,km,443989.18010413164,410295.1443123939,85489.3853989813,0.0,56100.0,0.0,96934.0,209981.31635030193,143568.44720496895,1446357.4733707777
761,Overhead line,HVAC,Stage 2 development: 1 x Sulphur DCST 862 MVA,"Second circuit strung on the vacant side of the double circuit tower. This reflects stage 2 of developing an Overhead lines double circuit single tower, single conductor per phase. Ratings calculated for summer day, 1m/s wind speed, and air temperatures of 35oC (862 MVA), 30oC (894 MVA), 40oC (828 MVA), 45oC (792 MVA)","1. Plant amount includes: Strain + Structural tower associated costs (steel tower with single earth peak, structural foundation steel, foundation leg steel, climbing barrier, fittings, insulators) and insulator and conductor. 85% suspension, 15% strain and 400m span. Sag and OPGW has been appropriately assigned
2. Civil and structural works includes: Tower concrete footing, soil tests, installation of tower and foundations
3. Electrical works includes: installation of conductor (setup, draw wires,stringing, clamping off), installation of OHEW/OPGW (draw wire, stringing, clamping off)
4. Secondary system and testing and commissioning is accounted in the terminating end in the substation switchbay cost", 220,km,147996.39336804388,0.0,85489.3853989813,0.0,0.0,0.0,96934.0,0.0,0.0,330419.7787670252
762,Overhead line,HVAC,6 x Phosphorus SCCT 1911 MVA,"Overhead lines single circuit single tower, sextuple conductor per phase. Ratings calculated for summer day, 1m/s wind speed, and air temperatures of 35oC (1911 MVA), 30oC (1976 MVA), 40oC (1844 MVA), 45oC (1775 MVA)","1. Plant amount includes: Strain + Structural tower associated costs (steel tower with single earth peak, structural foundation steel, foundation leg steel, climbing barrier, fittings, insulators) and insulator and conductor. 85% suspension, 15% strain and 400m span. Sag and OPGW has been appropriately assigned
2. Civil and structural works includes: Tower concrete footing, soil tests, installation of tower and foundations
3. Electrical works includes: installation of conductor (setup, draw wires,stringing, clamping off), installation of OHEW/OPGW (draw wire, stringing, clamping off)
4. Secondary system and testing and commissioning is accounted in the terminating end in the substation switchbay cost", 220,km,531272.1535034803,410295.1443123939,398073.0,0.0,70080.0,0.0,110914.0,209981.31635030193,143568.44720496895,1874184.061371145
763,Overhead line,HVAC,6 x Phosphorus DCCT 3822 MVA,"Overhead lines double circuit single tower, sextuple conductor per phase. Ratings calculated for summer day, 1m/s wind speed, and air temperatures of 35oC (3822 MVA), 30oC (3952 MVA), 40oC (3688 MVA), 45oC (3550 MVA)","1. Plant amount includes: Strain + Structural tower associated costs (steel tower with single earth peak, structural foundation steel, foundation leg steel, climbing barrier, fittings, insulators) and insulator and conductor. 85% suspension, 15% strain and 400m span. Sag and OPGW has been appropriately assigned
2. Civil and structural works includes: Tower concrete footing, soil tests, installation of tower and foundations
3. Electrical works includes: installation of conductor (setup, draw wires,stringing, clamping off), installation of OHEW/OPGW (draw wire, stringing, clamping off)
4. Secondary system and testing and commissioning is accounted in the terminating end in the substation switchbay cost", 220,km,728122.4310626448,410295.1443123939,796146.0,0.0,99794.0,0.0,140630.0,209981.31635030193,143568.44720496895,2528537.3389303093
764,Overhead line,HVAC,Stage 1 development: 6 x Phosphorus DCCT 3822 MVA,"Construction of a double circuit tower with initially a single circuit strung. This reflects stage 1 of developing an Overhead lines double circuit single tower, sextuple conductor per phase. Ratings calculated for summer day, 1m/s wind speed, and air temperatures of 35oC (3822 MVA), 30oC (3952 MVA), 40oC (3688 MVA), 45oC (3550 MVA)","1. Plant amount includes: Strain + Structural tower associated costs (steel tower with single earth peak, structural foundation steel, foundation leg steel, climbing barrier, fittings, insulators) and insulator and conductor. 85% suspension, 15% strain and 400m span. Sag and OPGW has been appropriately assigned
2. Civil and structural works includes: Tower concrete footing, soil tests, installation of tower and foundations
3. Electrical works includes: installation of conductor (setup, draw wires,stringing, clamping off), installation of OHEW/OPGW (draw wire, stringing, clamping off)
4. Secondary system and testing and commissioning is accounted in the terminating end in the substation switchbay cost", 220,km,546091.8232969836,410295.1443123939,398073.0,0.0,99794.0,0.0,140630.0,209981.31635030193,143568.44720496895,1948433.7311646484
765,Overhead line,HVAC,Stage 2 development: 6 x Phosphorus DCCT 3822 MVA,"Second circuit strung on the vacant side of the double circuit tower. This reflects stage 2 of developing an Overhead lines double circuit single tower, sextuple conductor per phase. Ratings calculated for summer day, 1m/s wind speed, and air temperatures of 35oC (3822 MVA), 30oC (3952 MVA), 40oC (3688 MVA), 45oC (3550 MVA)","1. Plant amount includes: Strain + Structural tower associated costs (steel tower with single earth peak, structural foundation steel, foundation leg steel, climbing barrier, fittings, insulators) and insulator and conductor. 85% suspension, 15% strain and 400m span. Sag and OPGW has been appropriately assigned
2. Civil and structural works includes: Tower concrete footing, soil tests, installation of tower and foundations
3. Electrical works includes: installation of conductor (setup, draw wires,stringing, clamping off), installation of OHEW/OPGW (draw wire, stringing, clamping off)
4. Secondary system and testing and commissioning is accounted in the terminating end in the substation switchbay cost", 220,km,182030.6077656612,0.0,398073.0,0.0,0.0,0.0,140630.0,0.0,0.0,720733.6077656612
766,Overhead line,HVAC,2 x Phosphorus DCST 1274 MVA,"Overhead lines double circuit single tower, twin conductor per phase. Ratings calculated for summer day, 1m/s wind speed, and air temperatures of 35oC (1274 MVA), 30oC (1317 MVA), 40oC (1229 MVA), 45oC (1183 MVA)","1. Plant amount includes: Strain + Structural tower associated costs (steel tower with single earth peak, structural foundation steel, foundation leg steel, climbing barrier, fittings, insulators) and insulator and conductor. 85% suspension, 15% strain and 400m span. Sag and OPGW has been appropriately assigned
2. Civil and structural works includes: Tower concrete footing, soil tests, installation of tower and foundations
3. Electrical works includes: installation of conductor (setup, draw wires,stringing, clamping off), installation of OHEW/OPGW (draw wire, stringing, clamping off)
4. Secondary system and testing and commissioning is accounted in the terminating end in the substation switchbay cost", 220,km,500097.1626821346,410295.1443123939,296016.49168081494,0.0,65388.0,0.0,106223.0,209981.31635030193,143568.44720496895,1731569.5622306142
767,Overhead line,HVAC,2 x Paw Paw SCST 797 MVA,"Overhead lines single circuit single tower, twin conductor per phase. Ratings calculated for summer day, 1m/s wind speed, and air temperatures of 35oC (797 MVA), 30oC (827 MVA), 40oC (766 MVA), 45oC (733 MVA)","1. Plant amount includes: Strain + Structural tower associated costs (steel tower with single earth peak, structural foundation steel, foundation leg steel, climbing barrier, fittings, insulators) and insulator and conductor. 85% suspension, 15% strain and 400m span. Sag and OPGW has been appropriately assigned
2. Civil and structural works includes: Tower concrete footing, soil tests, installation of tower and foundations
3. Electrical works includes: installation of conductor (setup, draw wires,stringing, clamping off), installation of OHEW/OPGW (draw wire, stringing, clamping off)
4. Secondary system and testing and commissioning is accounted in the terminating end in the substation switchbay cost", 220,km,537214.3436103896,410295.1443123939,148007.6332767402,0.0,53112.0,0.0,93946.0,209981.31635030193,143568.44720496895,1596124.8847547944
768,Overhead line,HVAC,2 x Paw Paw DCST 1594 MVA,"Overhead lines double circuit single tower, twin conductor per phase. Ratings calculated for summer day, 1m/s wind speed, and air temperatures of 35oC (1594 MVA), 30oC (1654 MVA), 40oC (1532 MVA), 45oC (1466 MVA)","1. Plant amount includes: Strain + Structural tower associated costs (steel tower with single earth peak, structural foundation steel, foundation leg steel, climbing barrier, fittings, insulators) and insulator and conductor. 85% suspension, 15% strain and 400m span. Sag and OPGW has been appropriately assigned
2. Civil and structural works includes: Tower concrete footing, soil tests, installation of tower and foundations
3. Electrical works includes: installation of conductor (setup, draw wires,stringing, clamping off), installation of OHEW/OPGW (draw wire, stringing, clamping off)
4. Secondary system and testing and commissioning is accounted in the terminating end in the substation switchbay cost", 220,km,664413.5452237539,410295.1443123939,296016.49168081494,0.0,65388.0,0.0,106223.0,209981.31635030193,143568.44720496895,1895885.9447722335
769,Overhead line,HVAC,3 x Phosphorus SCST 956 MVA,"Overhead lines single circuit single tower, triple conductor per phase. Ratings calculated for summer day, 1m/s wind speed, and air temperatures of 35oC (956 MVA), 30oC (988 MVA), 40oC (922 MVA), 45oC (887 MVA)","1. Plant amount includes: Strain + Structural tower associated costs (steel tower with single earth peak, structural foundation steel, foundation leg steel, climbing barrier, fittings, insulators) and insulator and conductor. 85% suspension, 15% strain and 400m span. Sag and OPGW has been appropriately assigned
2. Civil and structural works includes: Tower concrete footing, soil tests, installation of tower and foundations
3. Electrical works includes: installation of conductor (setup, draw wires,stringing, clamping off), installation of OHEW/OPGW (draw wire, stringing, clamping off)
4. Secondary system and testing and commissioning is accounted in the terminating end in the substation switchbay cost", 220,km,445355.5094663573,410295.1443123939,210525.88115449916,0.0,58056.35030105005,0.0,98891.22072106793,209981.31635030193,143568.44720496895,1576673.8695106392
770,Overhead line,HVAC,3 x Phosphorus DCST 1912 MVA,"Overhead lines double circuit single tower, triple conductor per phase. Ratings calculated for summer day, 1m/s wind speed, and air temperatures of 35oC (1912 MVA), 30oC (1976 MVA), 40oC (1844 MVA), 45oC (1774 MVA)","1. Plant amount includes: Strain + Structural tower associated costs (steel tower with single earth peak, structural foundation steel, foundation leg steel, climbing barrier, fittings, insulators) and insulator and conductor. 85% suspension, 15% strain and 400m span. Sag and OPGW has been appropriately assigned
2. Civil and structural works includes: Tower concrete footing, soil tests, installation of tower and foundations
3. Electrical works includes: installation of conductor (setup, draw wires,stringing, clamping off), installation of OHEW/OPGW (draw wire, stringing, clamping off)
4. Secondary system and testing and commissioning is accounted in the terminating end in the substation switchbay cost", 220,km,557103.4797772621,410295.1443123939,421051.7623089983,0.0,73498.85542783736,0.0,114333.72584785524,209981.31635030193,143568.44720496895,1929832.7312296177
771,Overhead line,HVAC,Stage 1 development: 3 x Phosphorus DCCT 1912 MVA,"Construction of a double circuit tower with initially a single circuit strung. This reflects stage 1 of developing an Overhead lines double circuit single tower, triple conductor per phase. Ratings calculated for summer day, 1m/s wind speed, and air temperatures of 35oC (1912 MVA), 30oC (1976 MVA), 40oC (1844 MVA), 45oC (1774 MVA)","1. Plant amount includes: Strain + Structural tower associated costs (steel tower with single earth peak, structural foundation steel, foundation leg steel, climbing barrier, fittings, insulators) and insulator and conductor. 85% suspension, 15% strain and 400m span. Sag and OPGW has been appropriately assigned
2. Civil and structural works includes: Tower concrete footing, soil tests, installation of tower and foundations
3. Electrical works includes: installation of conductor (setup, draw wires,stringing, clamping off), installation of OHEW/OPGW (draw wire, stringing, clamping off)
4. Secondary system and testing and commissioning is accounted in the terminating end in the substation switchbay cost", 220,km,417827.60983294656,410295.1443123939,210525.88115449916,0.0,73498.85542783736,0.0,114333.72584785524,209981.31635030193,143568.44720496895,1580030.980130803
772,Overhead line,HVAC,Stage 2 development: 3 x Phosphorus DCCT 1912 MVA,"Second circuit strung on the vacant side of the double circuit tower. This reflects stage 2 of developing an Overhead lines double circuit single tower, triple conductor per phase. Ratings calculated for summer day, 1m/s wind speed, and air temperatures of 35oC (1912 MVA), 30oC (1976 MVA), 40oC (1844 MVA), 45oC (1774 MVA)","1. Plant amount includes: Strain + Structural tower associated costs (steel tower with single earth peak, structural foundation steel, foundation leg steel, climbing barrier, fittings, insulators) and insulator and conductor. 85% suspension, 15% strain and 400m span. Sag and OPGW has been appropriately assigned
2. Civil and structural works includes: Tower concrete footing, soil tests, installation of tower and foundations
3. Electrical works includes: installation of conductor (setup, draw wires,stringing, clamping off), installation of OHEW/OPGW (draw wire, stringing, clamping off)
4. Secondary system and testing and commissioning is accounted in the terminating end in the substation switchbay cost", 220,km,139275.86994431552,0.0,210525.88115449916,0.0,0.0,0.0,114333.72584785524,0.0,0.0,464135.47694666986
773,Overhead line,HVAC,3 x Sulphur SCST 1293 MVA,"Overhead lines single circuit single tower, triple conductor per phase. Ratings calculated for summer day, 1m/s wind speed, and air temperatures of 35oC (1293 MVA), 30oC (1342 MVA), 40oC (1242 MVA), 45oC (1189 MVA)","1. Plant amount includes: Strain + Structural tower associated costs (steel tower with single earth peak, structural foundation steel, foundation leg steel, climbing barrier, fittings, insulators) and insulator and conductor. 85% suspension, 15% strain and 400m span. Sag and OPGW has been appropriately assigned
2. Civil and structural works includes: Tower concrete footing, soil tests, installation of tower and foundations
3. Electrical works includes: installation of conductor (setup, draw wires,stringing, clamping off), installation of OHEW/OPGW (draw wire, stringing, clamping off)
4. Secondary system and testing and commissioning is accounted in the terminating end in the substation switchbay cost", 220,km,577951.9428652065,410295.1443123939,210525.88115449916,0.0,58056.35030105005,0.0,98891.22072106793,209981.31635030193,143568.44720496895,1709270.3029094886
774,Overhead line,HVAC,3 x Sulphur DCST 2586 MVA,"Overhead lines double circuit single tower, triple conductor per phase. Ratings calculated for summer day, 1m/s wind speed, and air temperatures of 35oC (2586 MVA), 30oC (2684 MVA), 40oC (2484 MVA), 45oC (2378 MVA)","1. Plant amount includes: Strain + Structural tower associated costs (steel tower with single earth peak, structural foundation steel, foundation leg steel, climbing barrier, fittings, insulators) and insulator and conductor. 85% suspension, 15% strain and 400m span. Sag and OPGW has been appropriately assigned
2. Civil and structural works includes: Tower concrete footing, soil tests, installation of tower and foundations
3. Electrical works includes: installation of conductor (setup, draw wires,stringing, clamping off), installation of OHEW/OPGW (draw wire, stringing, clamping off)
4. Secondary system and testing and commissioning is accounted in the terminating end in the substation switchbay cost", 220,km,745901.8225749412,410295.1443123939,421051.7623089983,0.0,73498.85542783736,0.0,114333.72584785524,209981.31635030193,143568.44720496895,2118631.074027297
775,Overhead line,HVAC,Stage 1 development: 3 x Sulphur DCST 2586 MVA,"Construction of a double circuit tower with initially a single circuit strung. This reflects stage 1 of developing an Overhead lines double circuit single tower, triple conductor per phase. Ratings calculated for summer day, 1m/s wind speed, and air temperatures of 35oC (2586 MVA), 30oC (2684 MVA), 40oC (2484 MVA), 45oC (2378 MVA)","1. Plant amount includes: Strain + Structural tower associated costs (steel tower with single earth peak, structural foundation steel, foundation leg steel, climbing barrier, fittings, insulators) and insulator and conductor. 85% suspension, 15% strain and 400m span. Sag and OPGW has been appropriately assigned
2. Civil and structural works includes: Tower concrete footing, soil tests, installation of tower and foundations
3. Electrical works includes: installation of conductor (setup, draw wires,stringing, clamping off), installation of OHEW/OPGW (draw wire, stringing, clamping off)
4. Secondary system and testing and commissioning is accounted in the terminating end in the substation switchbay cost", 220,km,559426.3669312058,410295.1443123939,210525.88115449916,0.0,73498.85542783736,0.0,114333.72584785524,209981.31635030193,143568.44720496895,1721629.7372290625
776,Overhead line,HVAC,Stage 2 development: 3 x Sulphur DCST 2586 MVA,"Second circuit strung on the vacant side of the double circuit tower. This reflects stage 2 of developing an Overhead lines double circuit single tower, triple conductor per phase. Ratings calculated for summer day, 1m/s wind speed, and air temperatures of 35oC (2586 MVA), 30oC (2684 MVA), 40oC (2484 MVA), 45oC (2378 MVA)","1. Plant amount includes: Strain + Structural tower associated costs (steel tower with single earth peak, structural foundation steel, foundation leg steel, climbing barrier, fittings, insulators) and insulator and conductor. 85% suspension, 15% strain and 400m span. Sag and OPGW has been appropriately assigned
2. Civil and structural works includes: Tower concrete footing, soil tests, installation of tower and foundations
3. Electrical works includes: installation of conductor (setup, draw wires,stringing, clamping off), installation of OHEW/OPGW (draw wire, stringing, clamping off)
4. Secondary system and testing and commissioning is accounted in the terminating end in the substation switchbay cost", 220,km,186475.4556437353,0.0,210525.88115449916,0.0,0.0,0.0,114333.72584785524,0.0,0.0,511335.0626460897
777,Overhead line,HVAC,6 x Sulphur SCST 2586 MVA,"Overhead lines single circuit single tower, sextuple conductor per phase. Ratings calculated for summer day, 1m/s wind speed, and air temperatures of 35oC (2586 MVA), 30oC (2684 MVA), 40oC (2484 MVA), 45oC (2378 MVA)","1. Plant amount includes: Strain + Structural tower associated costs (steel tower with single earth peak, structural foundation steel, foundation leg steel, climbing barrier, fittings, insulators) and insulator and conductor. 85% suspension, 15% strain and 400m span. Sag and OPGW has been appropriately assigned
2. Civil and structural works includes: Tower concrete footing, soil tests, installation of tower and foundations
3. Electrical works includes: installation of conductor (setup, draw wires,stringing, clamping off), installation of OHEW/OPGW (draw wire, stringing, clamping off)
4. Secondary system and testing and commissioning is accounted in the terminating end in the substation switchbay cost", 220,km,688516.6623698549,410295.1443123939,398073.0,0.0,70080.0,0.0,110914.0,209981.31635030193,143568.44720496895,2031428.5702375197
778,Overhead line,HVAC,6 x Sulphur DCST 5172 MVA,"Overhead lines double circuit single tower, sextuple conductor per phase. Ratings calculated for summer day, 1m/s wind speed, and air temperatures of 35oC (5172 MVA), 30oC (5368 MVA), 40oC (4968 MVA), 45oC (4756 MVA)","1. Plant amount includes: Strain + Structural tower associated costs (steel tower with single earth peak, structural foundation steel, foundation leg steel, climbing barrier, fittings, insulators) and insulator and conductor. 85% suspension, 15% strain and 400m span. Sag and OPGW has been appropriately assigned
2. Civil and structural works includes: Tower concrete footing, soil tests, installation of tower and foundations
3. Electrical works includes: installation of conductor (setup, draw wires,stringing, clamping off), installation of OHEW/OPGW (draw wire, stringing, clamping off)
4. Secondary system and testing and commissioning is accounted in the terminating end in the substation switchbay cost", 220,km,970856.3404943679,410295.1443123939,796146.0,0.0,99794.0,0.0,140630.0,209981.31635030193,143568.44720496895,2771271.2483620327
779,Overhead line,HVAC,Stage 1 development: 6 x Sulphur DCST 5172 MVA,"Construction of a double circuit tower with initially a single circuit strung. This reflects stage 1 of developing an Overhead lines double circuit single tower, sextuple conductor per phase. Ratings calculated for summer day, 1m/s wind speed, and air temperatures of 35oC (5172 MVA), 30oC (5368 MVA), 40oC (4968 MVA), 45oC (4756 MVA)","1. Plant amount includes: Strain + Structural tower associated costs (steel tower with single earth peak, structural foundation steel, foundation leg steel, climbing barrier, fittings, insulators) and insulator and conductor. 85% suspension, 15% strain and 400m span. Sag and OPGW has been appropriately assigned
2. Civil and structural works includes: Tower concrete footing, soil tests, installation of tower and foundations
3. Electrical works includes: installation of conductor (setup, draw wires,stringing, clamping off), installation of OHEW/OPGW (draw wire, stringing, clamping off)
4. Secondary system and testing and commissioning is accounted in the terminating end in the substation switchbay cost", 220,km,728142.2553707759,410295.1443123939,398073.0,0.0,99794.0,0.0,140630.0,209981.31635030193,143568.44720496895,2130484.1632384406
780,Overhead line,HVAC,Stage 2 development: 6 x Sulphur DCST 5172 MVA,"Second circuit strung on the vacant side of the double circuit tower. This reflects stage 2 of developing an Overhead lines double circuit single tower, sextuple conductor per phase. Ratings calculated for summer day, 1m/s wind speed, and air temperatures of 35oC (5172 MVA), 30oC (5368 MVA), 40oC (4968 MVA), 45oC (4756 MVA)","1. Plant amount includes: Strain + Structural tower associated costs (steel tower with single earth peak, structural foundation steel, foundation leg steel, climbing barrier, fittings, insulators) and insulator and conductor. 85% suspension, 15% strain and 400m span. Sag and OPGW has been appropriately assigned
2. Civil and structural works includes: Tower concrete footing, soil tests, installation of tower and foundations
3. Electrical works includes: installation of conductor (setup, draw wires,stringing, clamping off), installation of OHEW/OPGW (draw wire, stringing, clamping off)
4. Secondary system and testing and commissioning is accounted in the terminating end in the substation switchbay cost", 220,km,242714.08512359197,0.0,398073.0,0.0,0.0,0.0,140630.0,0.0,0.0,781417.0851235919
781,Overhead line,HVAC,1 x Paw Paw SCST 399 MVA,"Overhead lines single circuit single tower, single conductor per phase. Ratings calculated for summer day, 1m/s wind speed, and air temperatures of 35oC (399 MVA), 30oC (414 MVA), 40oC (383 MVA), 45oC (367 MVA)","1. Plant amount includes: Strain + Structural tower associated costs (steel tower with single earth peak, structural foundation steel, foundation leg steel, climbing barrier, fittings, insulators) and insulator and conductor. 85% suspension, 15% strain and 400m span. Sag and OPGW has been appropriately assigned
2. Civil and structural works includes: Tower concrete footing, soil tests, installation of tower and foundations
3. Electrical works includes: installation of conductor (setup, draw wires,stringing, clamping off), installation of OHEW/OPGW (draw wire, stringing, clamping off)
4. Secondary system and testing and commissioning is accounted in the terminating end in the substation switchbay cost", 220,km,502069.48000970995,410295.1443123939,85489.3853989813,0.0,49853.0,0.0,90688.0,209981.31635030193,143568.44720496895,1491944.7732763558
782,Overhead line,HVAC,1 x Phosphorus SCST 191 MVA,"Overhead lines single circuit single tower, single conductor per phase. Ratings calculated for summer day, 1m/s wind speed, and air temperatures of 35oC (191 MVA), 30oC (198 MVA), 40oC (184 MVA), 45oC (177 MVA)","1. Plant amount includes: Strain + Structural tower associated costs (steel tower with single earth peak, structural foundation steel, foundation leg steel, climbing barrier, fittings, insulators) and insulator and conductor. 85% suspension, 15% strain and 400m span. Sag and OPGW has been appropriately assigned
2. Civil and structural works includes: Tower concrete footing, soil tests, installation of tower and foundations
3. Electrical works includes: installation of conductor (setup, draw wires,stringing, clamping off), installation of OHEW/OPGW (draw wire, stringing, clamping off)
4. Secondary system and testing and commissioning is accounted in the terminating end in the substation switchbay cost", 132,km,291206.1189512761,306744.04074702883,78533.72495755517,0.0,38958.31178556467,0.0,75630.61741559149,167030.59255137655,113869.5652173913,1071972.9716257842
783,Overhead line,HVAC,1 x Phosphorus DCST 382 MVA,"Overhead lines double circuit single tower, single conductor per phase. Ratings calculated for summer day, 1m/s wind speed, and air temperatures of 35oC (382 MVA), 30oC (396 MVA), 40oC (368 MVA), 45oC (354 MVA)","1. Plant amount includes: Strain + Structural tower associated costs (steel tower with single earth peak, structural foundation steel, foundation leg steel, climbing barrier, fittings, insulators) and insulator and conductor. 85% suspension, 15% strain and 400m span. Sag and OPGW has been appropriately assigned
2. Civil and structural works includes: Tower concrete footing, soil tests, installation of tower and foundations
3. Electrical works includes: installation of conductor (setup, draw wires,stringing, clamping off), installation of OHEW/OPGW (draw wire, stringing, clamping off)
4. Secondary system and testing and commissioning is accounted in the terminating end in the substation switchbay cost", 132,km,336975.13837587007,306744.04074702883,157067.44991511034,0.0,44410.0,0.0,81082.0,167030.59255137655,113869.5652173913,1207178.7868067774
784,Overhead line,HVAC,Stage 1 development: 1 x Phosphorus DCST 382 MVA,"Construction of a double circuit tower with initially a single circuit strung. This reflects stage 1 of developing an Overhead lines double circuit single tower, single conductor per phase. Ratings calculated for summer day, 1m/s wind speed, and air temperatures of 35oC (382 MVA), 30oC (396 MVA), 40oC (368 MVA), 45oC (354 MVA)","1. Plant amount includes: Strain + Structural tower associated costs (steel tower with single earth peak, structural foundation steel, foundation leg steel, climbing barrier, fittings, insulators) and insulator and conductor. 85% suspension, 15% strain and 400m span. Sag and OPGW has been appropriately assigned
2. Civil and structural works includes: Tower concrete footing, soil tests, installation of tower and foundations
3. Electrical works includes: installation of conductor (setup, draw wires,stringing, clamping off), installation of OHEW/OPGW (draw wire, stringing, clamping off)
4. Secondary system and testing and commissioning is accounted in the terminating end in the substation switchbay cost", 132,km,252731.35378190255,306744.04074702883,78533.72495755517,0.0,44410.0,0.0,81082.0,167030.59255137655,113869.5652173913,1044401.2772552543
785,Overhead line,HVAC,Stage 2 development: 1 x Phosphorus DCST 382 MVA,"Second circuit strung on the vacant side of the double circuit tower. This reflects stage 2 of developing an Overhead lines double circuit single tower, single conductor per phase. Ratings calculated for summer day, 1m/s wind speed, and air temperatures of 35oC (382 MVA), 30oC (396 MVA), 40oC (368 MVA), 45oC (354 MVA)","1. Plant amount includes: Strain + Structural tower associated costs (steel tower with single earth peak, structural foundation steel, foundation leg steel, climbing barrier, fittings, insulators) and insulator and conductor. 85% suspension, 15% strain and 400m span. Sag and OPGW has been appropriately assigned
2. Civil and structural works includes: Tower concrete footing, soil tests, installation of tower and foundations
3. Electrical works includes: installation of conductor (setup, draw wires,stringing, clamping off), installation of OHEW/OPGW (draw wire, stringing, clamping off)
4. Secondary system and testing and commissioning is accounted in the terminating end in the substation switchbay cost", 132,km,84243.78459396752,0.0,78533.72495755517,0.0,0.0,0.0,81082.0,0.0,0.0,243859.50955152267
786,Overhead line,HVAC,1 x Olive SCST 221 MVA,"Overhead lines single circuit single tower, single conductor per phase. Ratings calculated for summer day, 1m/s wind speed, and air temperatures of 35oC (221 MVA), 30oC (229 MVA), 40oC (213 MVA), 45oC (204 MVA)","1. Plant amount includes: Strain + Structural tower associated costs (steel tower with single earth peak, structural foundation steel, foundation leg steel, climbing barrier, fittings, insulators) and insulator and conductor. 85% suspension, 15% strain and 400m span. Sag and OPGW has been appropriately assigned
2. Civil and structural works includes: Tower concrete footing, soil tests, installation of tower and foundations
3. Electrical works includes: installation of conductor (setup, draw wires,stringing, clamping off), installation of OHEW/OPGW (draw wire, stringing, clamping off)
4. Secondary system and testing and commissioning is accounted in the terminating end in the substation switchbay cost", 132,km,338576.0756139743,306744.04074702883,78533.72495755517,0.0,38958.31178556467,0.0,75630.61741559149,167030.59255137655,113869.5652173913,1119342.9282884824
787,Overhead line,HVAC,1 x Olive DCST 442 MVA,"Overhead lines double circuit single tower, single conductor per phase. Ratings calculated for summer day, 1m/s wind speed, and air temperatures of 35oC (442 MVA), 30oC (458 MVA), 40oC (426 MVA), 45oC (408 MVA)","1. Plant amount includes: Strain + Structural tower associated costs (steel tower with single earth peak, structural foundation steel, foundation leg steel, climbing barrier, fittings, insulators) and insulator and conductor. 85% suspension, 15% strain and 400m span. Sag and OPGW has been appropriately assigned
2. Civil and structural works includes: Tower concrete footing, soil tests, installation of tower and foundations
3. Electrical works includes: installation of conductor (setup, draw wires,stringing, clamping off), installation of OHEW/OPGW (draw wire, stringing, clamping off)
4. Secondary system and testing and commissioning is accounted in the terminating end in the substation switchbay cost", 132,km,401579.2547183982,306744.04074702883,157067.44991511034,0.0,44410.0,0.0,81082.0,167030.59255137655,113869.5652173913,1271782.9031493051
788,Overhead line,HVAC,Stage 1 development: 1 x Olive DCST 442 MVA,"Construction of a double circuit tower with initially a single circuit strung. This reflects stage 1 of developing an Overhead lines double circuit single tower, single conductor per phase. Ratings calculated for summer day, 1m/s wind speed, and air temperatures of 35oC (442 MVA), 30oC (458 MVA), 40oC (426 MVA), 45oC (408 MVA)","1. Plant amount includes: Strain + Structural tower associated costs (steel tower with single earth peak, structural foundation steel, foundation leg steel, climbing barrier, fittings, insulators) and insulator and conductor. 85% suspension, 15% strain and 400m span. Sag and OPGW has been appropriately assigned
2. Civil and structural works includes: Tower concrete footing, soil tests, installation of tower and foundations
3. Electrical works includes: installation of conductor (setup, draw wires,stringing, clamping off), installation of OHEW/OPGW (draw wire, stringing, clamping off)
4. Secondary system and testing and commissioning is accounted in the terminating end in the substation switchbay cost", 132,km,301184.44103879866,306744.04074702883,78533.72495755517,0.0,44410.0,0.0,81082.0,167030.59255137655,113869.5652173913,1092854.3645121506
789,Overhead line,HVAC,Stage 2 development: 1 x Olive DCST 442 MVA,"Second circuit strung on the vacant side of the double circuit tower. This reflects stage 2 of developing an Overhead lines double circuit single tower, single conductor per phase. Ratings calculated for summer day, 1m/s wind speed, and air temperatures of 35oC (442 MVA), 30oC (458 MVA), 40oC (426 MVA), 45oC (408 MVA)","1. Plant amount includes: Strain + Structural tower associated costs (steel tower with single earth peak, structural foundation steel, foundation leg steel, climbing barrier, fittings, insulators) and insulator and conductor. 85% suspension, 15% strain and 400m span. Sag and OPGW has been appropriately assigned
2. Civil and structural works includes: Tower concrete footing, soil tests, installation of tower and foundations
3. Electrical works includes: installation of conductor (setup, draw wires,stringing, clamping off), installation of OHEW/OPGW (draw wire, stringing, clamping off)
4. Secondary system and testing and commissioning is accounted in the terminating end in the substation switchbay cost", 132,km,100394.81367959955,0.0,78533.72495755517,0.0,0.0,0.0,81082.0,0.0,0.0,260010.53863715474
790,Overhead line,HVAC,1 x Sulphur SCST 259 MVA,"Overhead lines single circuit single tower, single conductor per phase. Ratings calculated for summer day, 1m/s wind speed, and air temperatures of 35oC (259 MVA), 30oC (268 MVA), 40oC (248 MVA), 45oC (238 MVA)","1. Plant amount includes: Strain + Structural tower associated costs (steel tower with single earth peak, structural foundation steel, foundation leg steel, climbing barrier, fittings, insulators) and insulator and conductor. 85% suspension, 15% strain and 400m span. Sag and OPGW has been appropriately assigned
2. Civil and structural works includes: Tower concrete footing, soil tests, installation of tower and foundations
3. Electrical works includes: installation of conductor (setup, draw wires,stringing, clamping off), installation of OHEW/OPGW (draw wire, stringing, clamping off)
4. Secondary system and testing and commissioning is accounted in the terminating end in the substation switchbay cost", 132,km,371899.5110610894,306744.04074702883,78533.72495755517,0.0,38958.31178556467,0.0,75630.61741559149,167030.59255137655,113869.5652173913,1152666.3637355973
791,Overhead line,HVAC,1 x Sulphur DCST 518 MVA,"Overhead lines double circuit single tower, single conductor per phase. Ratings calculated for summer day, 1m/s wind speed, and air temperatures of 35oC (518 MVA), 30oC (536 MVA), 40oC (496 MVA), 45oC (476 MVA)","1. Plant amount includes: Strain + Structural tower associated costs (steel tower with single earth peak, structural foundation steel, foundation leg steel, climbing barrier, fittings, insulators) and insulator and conductor. 85% suspension, 15% strain and 400m span. Sag and OPGW has been appropriately assigned
2. Civil and structural works includes: Tower concrete footing, soil tests, installation of tower and foundations
3. Electrical works includes: installation of conductor (setup, draw wires,stringing, clamping off), installation of OHEW/OPGW (draw wire, stringing, clamping off)
4. Secondary system and testing and commissioning is accounted in the terminating end in the substation switchbay cost", 132,km,443989.18010413164,306744.04074702883,157067.44991511034,0.0,44410.0,0.0,81082.0,167030.59255137655,113869.5652173913,1314192.8285350387
792,Overhead line,HVAC,Stage 1 development: 1 x Sulphur DCST 518 MVA,"Construction of a double circuit tower with initially a single circuit strung. This reflects stage 1 of developing an Overhead lines double circuit single tower, single conductor per phase. Ratings calculated for summer day, 1m/s wind speed, and air temperatures of 35oC (518 MVA), 30oC (536 MVA), 40oC (496 MVA), 45oC (476 MVA)","1. Plant amount includes: Strain + Structural tower associated costs (steel tower with single earth peak, structural foundation steel, foundation leg steel, climbing barrier, fittings, insulators) and insulator and conductor. 85% suspension, 15% strain and 400m span. Sag and OPGW has been appropriately assigned
2. Civil and structural works includes: Tower concrete footing, soil tests, installation of tower and foundations
3. Electrical works includes: installation of conductor (setup, draw wires,stringing, clamping off), installation of OHEW/OPGW (draw wire, stringing, clamping off)
4. Secondary system and testing and commissioning is accounted in the terminating end in the substation switchbay cost", 132,km,332991.88507809874,306744.04074702883,78533.72495755517,0.0,44410.0,0.0,81082.0,167030.59255137655,113869.5652173913,1124661.8085514507
793,Overhead line,HVAC,Stage 2 development: 1 x Sulphur DCST 518 MVA,"Second circuit strung on the vacant side of the double circuit tower. This reflects stage 2 of developing an Overhead lines double circuit single tower, single conductor per phase.  Ratings calculated for summer day, 1m/s wind speed, and air temperatures of 35oC (518 MVA), 30oC (536 MVA), 40oC (496 MVA), 45oC (476 MVA)","1. Plant amount includes: Strain + Structural tower associated costs (steel tower with single earth peak, structural foundation steel, foundation leg steel, climbing barrier, fittings, insulators) and insulator and conductor. 85% suspension, 15% strain and 400m span. Sag and OPGW has been appropriately assigned
2. Civil and structural works includes: Tower concrete footing, soil tests, installation of tower and foundations
3. Electrical works includes: installation of conductor (setup, draw wires,stringing, clamping off), installation of OHEW/OPGW (draw wire, stringing, clamping off)
4. Secondary system and testing and commissioning is accounted in the terminating end in the substation switchbay cost", 132,km,110997.29502603291,0.0,78533.72495755517,0.0,0.0,0.0,81082.0,0.0,0.0,270613.0199835881
794,Overhead line,HVAC,1 x Uranus SCST 221 MVA,"Overhead lines single circuit single tower, single conductor per phase.  Ratings calculated for summer day, 1m/s wind speed, and air temperatures of 35oC (221 MVA), 30oC (229 MVA), 40oC (213 MVA), 45oC (204 MVA)","1. Plant amount includes: Strain + Structural tower associated costs (steel tower with single earth peak, structural foundation steel, foundation leg steel, climbing barrier, fittings, insulators) and insulator and conductor. 85% suspension, 15% strain and 400m span. Sag and OPGW has been appropriately assigned
2. Civil and structural works includes: Tower concrete footing, soil tests, installation of tower and foundations
3. Electrical works includes: installation of conductor (setup, draw wires,stringing, clamping off), installation of OHEW/OPGW (draw wire, stringing, clamping off)
4. Secondary system and testing and commissioning is accounted in the terminating end in the substation switchbay cost", 132,km,326544.03132064966,306744.04074702883,78533.72495755517,0.0,38958.31178556467,0.0,75630.61741559149,167030.59255137655,113869.5652173913,1107310.8839951577
795,Overhead line,HVAC,1 x Uranus DCST 442 MVA,"Overhead lines double circuit single tower, single conductor per phase.  Ratings calculated for summer day, 1m/s wind speed, and air temperatures of 35oC (442 MVA), 30oC (458 MVA), 40oC (426 MVA), 45oC (408 MVA)","1. Plant amount includes: Strain + Structural tower associated costs (steel tower with single earth peak, structural foundation steel, foundation leg steel, climbing barrier, fittings, insulators) and insulator and conductor. 85% suspension, 15% strain and 400m span. Sag and OPGW has been appropriately assigned
2. Civil and structural works includes: Tower concrete footing, soil tests, installation of tower and foundations
3. Electrical works includes: installation of conductor (setup, draw wires,stringing, clamping off), installation of OHEW/OPGW (draw wire, stringing, clamping off)
4. Secondary system and testing and commissioning is accounted in the terminating end in the substation switchbay cost", 132,km,387962.1373549884,306744.04074702883,157067.44991511034,0.0,44410.0,0.0,81082.0,167030.59255137655,113869.5652173913,1258165.7857858955
796,Overhead line,HVAC,Stage 1 development: 1 x Uranus DCST 442 MVA,"Construction of a double circuit tower with initially a single circuit strung. This reflects stage 1 of developing an Overhead lines double circuit single tower, single conductor per phase. Ratings calculated for summer day, 1m/s wind speed, and air temperatures of 35oC (442 MVA), 30oC (458 MVA), 40oC (426 MVA), 45oC (408 MVA)","1. Plant amount includes: Strain + Structural tower associated costs (steel tower with single earth peak, structural foundation steel, foundation leg steel, climbing barrier, fittings, insulators) and insulator and conductor. 85% suspension, 15% strain and 400m span. Sag and OPGW has been appropriately assigned
2. Civil and structural works includes: Tower concrete footing, soil tests, installation of tower and foundations
3. Electrical works includes: installation of conductor (setup, draw wires,stringing, clamping off), installation of OHEW/OPGW (draw wire, stringing, clamping off)
4. Secondary system and testing and commissioning is accounted in the terminating end in the substation switchbay cost", 132,km,290971.6030162413,306744.04074702883,78533.72495755517,0.0,44410.0,0.0,81082.0,167030.59255137655,113869.5652173913,1082641.526489593
797,Overhead line,HVAC,Stage 2 development: 1 x Uranus DCST 442 MVA,"Second circuit strung on the vacant side of the double circuit tower. This reflects stage 2 of developing an Overhead lines double circuit single tower, single conductor per phase. Ratings calculated for summer day, 1m/s wind speed, and air temperatures of 35oC (442 MVA), 30oC (458 MVA), 40oC (426 MVA), 45oC (408 MVA)","1. Plant amount includes: Strain + Structural tower associated costs (steel tower with single earth peak, structural foundation steel, foundation leg steel, climbing barrier, fittings, insulators) and insulator and conductor. 85% suspension, 15% strain and 400m span. Sag and OPGW has been appropriately assigned
2. Civil and structural works includes: Tower concrete footing, soil tests, installation of tower and foundations
3. Electrical works includes: installation of conductor (setup, draw wires,stringing, clamping off), installation of OHEW/OPGW (draw wire, stringing, clamping off)
4. Secondary system and testing and commissioning is accounted in the terminating end in the substation switchbay cost", 132,km,96990.5343387471,0.0,78533.72495755517,0.0,0.0,0.0,81082.0,0.0,0.0,256606.25929630228
798,Overhead line,HVAC,1 x Taurus SCST 173 MVA,"Overhead lines single circuit single tower, single conductor per phase. Ratings calculated for summer day, 1m/s wind speed, and air temperatures of 35oC (173 MVA), 30oC (178 MVA), 40oC (167 MVA), 45oC (161 MVA)","1. Plant amount includes: Strain + Structural tower associated costs (steel tower with single earth peak, structural foundation steel, foundation leg steel, climbing barrier, fittings, insulators) and insulator and conductor. 85% suspension, 15% strain and 400m span. Sag and OPGW has been appropriately assigned
2. Civil and structural works includes: Tower concrete footing, soil tests, installation of tower and foundations
3. Electrical works includes: installation of conductor (setup, draw wires,stringing, clamping off), installation of OHEW/OPGW (draw wire, stringing, clamping off)
4. Secondary system and testing and commissioning is accounted in the terminating end in the substation switchbay cost", 132,km,308834.80827361566,306744.04074702883,78533.72495755517,0.0,38958.31178556467,0.0,75630.61741559149,167030.59255137655,113869.5652173913,1089601.6609481238
799,Overhead line,HVAC,1 x Taurus DCST 346 MVA,"Overhead lines double circuit single tower, single conductor per phase. Ratings calculated for summer day, 1m/s wind speed, and air temperatures of 35oC (346 MVA), 30oC (356 MVA), 40oC (334 MVA), 45oC (322 MVA)","1. Plant amount includes: Strain + Structural tower associated costs (steel tower with single earth peak, structural foundation steel, foundation leg steel, climbing barrier, fittings, insulators) and insulator and conductor. 85% suspension, 15% strain and 400m span. Sag and OPGW has been appropriately assigned
2. Civil and structural works includes: Tower concrete footing, soil tests, installation of tower and foundations
3. Electrical works includes: installation of conductor (setup, draw wires,stringing, clamping off), installation of OHEW/OPGW (draw wire, stringing, clamping off)
4. Secondary system and testing and commissioning is accounted in the terminating end in the substation switchbay cost", 132,km,340543.8738861303,306744.04074702883,157067.44991511034,0.0,44410.0,0.0,81082.0,167030.59255137655,113869.5652173913,1210747.5223170372
800,Overhead line,HVAC,Stage 1 development: 1 x Taurus DCST 346 MVA,"Construction of a double circuit tower with initially a single circuit strung. This reflects stage 1 of developing an Overhead lines double circuit single tower, single conductor per phase. Ratings calculated for summer day, 1m/s wind speed, and air temperatures of 35oC (346 MVA), 30oC (356 MVA), 40oC (334 MVA), 45oC (322 MVA)","1. Plant amount includes: Strain + Structural tower associated costs (steel tower with single earth peak, structural foundation steel, foundation leg steel, climbing barrier, fittings, insulators) and insulator and conductor. 85% suspension, 15% strain and 400m span. Sag and OPGW has been appropriately assigned
2. Civil and structural works includes: Tower concrete footing, soil tests, installation of tower and foundations
3. Electrical works includes: installation of conductor (setup, draw wires,stringing, clamping off), installation of OHEW/OPGW (draw wire, stringing, clamping off)
4. Secondary system and testing and commissioning is accounted in the terminating end in the substation switchbay cost", 132,km,255407.9054145977,306744.04074702883,78533.72495755517,0.0,44410.0,0.0,81082.0,167030.59255137655,113869.5652173913,1047077.8288879497
801,Overhead line,HVAC,Stage 2 development: 1 x Taurus DCST 346 MVA,"Second circuit strung on the vacant side of the double circuit tower. This reflects stage 2 of developing an Overhead lines double circuit single tower, single conductor per phase. Ratings calculated for summer day, 1m/s wind speed, and air temperatures of 35oC (346 MVA), 30oC (356 MVA), 40oC (334 MVA), 45oC (322 MVA)","1. Plant amount includes: Strain + Structural tower associated costs (steel tower with single earth peak, structural foundation steel, foundation leg steel, climbing barrier, fittings, insulators) and insulator and conductor. 85% suspension, 15% strain and 400m span. Sag and OPGW has been appropriately assigned
2. Civil and structural works includes: Tower concrete footing, soil tests, installation of tower and foundations
3. Electrical works includes: installation of conductor (setup, draw wires,stringing, clamping off), installation of OHEW/OPGW (draw wire, stringing, clamping off)
4. Secondary system and testing and commissioning is accounted in the terminating end in the substation switchbay cost", 132,km,85135.96847153257,0.0,78533.72495755517,0.0,0.0,0.0,81082.0,0.0,0.0,244751.69342908775
802,Overhead line,HVAC,1 x Oxygen SCST 170 MVA,"Overhead lines single circuit single tower, single conductor per phase. Ratings calculated for summer day, 1m/s wind speed, and air temperatures of 35oC (170 MVA), 30oC (176 MVA), 40oC (164 MVA), 45oC (158 MVA)","1. Plant amount includes: Strain + Structural tower associated costs (steel tower with single earth peak, structural foundation steel, foundation leg steel, climbing barrier, fittings, insulators) and insulator and conductor. 85% suspension, 15% strain and 400m span. Sag and OPGW has been appropriately assigned
2. Civil and structural works includes: Tower concrete footing, soil tests, installation of tower and foundations
3. Electrical works includes: installation of conductor (setup, draw wires,stringing, clamping off), installation of OHEW/OPGW (draw wire, stringing, clamping off)
4. Secondary system and testing and commissioning is accounted in the terminating end in the substation switchbay cost", 132,km,308834.80827361566,306744.04074702883,78533.72495755517,0.0,38958.31178556467,0.0,75630.61741559149,167030.59255137655,113869.5652173913,1089601.6609481238
803,Overhead line,HVAC,1 x Oxygen DCST 340 MVA,"Overhead lines double circuit single tower, single conductor per phase. Ratings calculated for summer day, 1m/s wind speed, and air temperatures of 35oC (340 MVA), 30oC (352 MVA), 40oC (328 MVA), 45oC (316 MVA)","1. Plant amount includes: Strain + Structural tower associated costs (steel tower with single earth peak, structural foundation steel, foundation leg steel, climbing barrier, fittings, insulators) and insulator and conductor. 85% suspension, 15% strain and 400m span. Sag and OPGW has been appropriately assigned
2. Civil and structural works includes: Tower concrete footing, soil tests, installation of tower and foundations
3. Electrical works includes: installation of conductor (setup, draw wires,stringing, clamping off), installation of OHEW/OPGW (draw wire, stringing, clamping off)
4. Secondary system and testing and commissioning is accounted in the terminating end in the substation switchbay cost", 132,km,340543.8738861303,306744.04074702883,157067.44991511034,0.0,44410.0,0.0,81082.0,167030.59255137655,113869.5652173913,1210747.5223170372
804,Overhead line,HVAC,Stage 1 development: 1 x Oxygen DCST 340 MVA,"Construction of a double circuit tower with initially a single circuit strung. This reflects stage 1 of developing an Overhead lines double circuit single tower, single conductor per phase. Ratings calculated for summer day, 1m/s wind speed, and air temperatures of 35oC (340 MVA), 30oC (352 MVA), 40oC (328 MVA), 45oC (316 MVA)","1. Plant amount includes: Strain + Structural tower associated costs (steel tower with single earth peak, structural foundation steel, foundation leg steel, climbing barrier, fittings, insulators) and insulator and conductor. 85% suspension, 15% strain and 400m span. Sag and OPGW has been appropriately assigned
2. Civil and structural works includes: Tower concrete footing, soil tests, installation of tower and foundations
3. Electrical works includes: installation of conductor (setup, draw wires,stringing, clamping off), installation of OHEW/OPGW (draw wire, stringing, clamping off)
4. Secondary system and testing and commissioning is accounted in the terminating end in the substation switchbay cost", 132,km,255407.9054145977,306744.04074702883,78533.72495755517,0.0,44410.0,0.0,81082.0,167030.59255137655,113869.5652173913,1047077.8288879497
805,Overhead line,HVAC,Stage 2 development: 1 x Oxygen DCST 340 MVA,"Second circuit strung on the vacant side of the double circuit tower. This reflects stage 2 of developing an Overhead lines double circuit single tower, single conductor per phase. Ratings calculated for summer day, 1m/s wind speed, and air temperatures of 35oC (340 MVA), 30oC (352 MVA), 40oC (328 MVA), 45oC (316 MVA)","1. Plant amount includes: Strain + Structural tower associated costs (steel tower with single earth peak, structural foundation steel, foundation leg steel, climbing barrier, fittings, insulators) and insulator and conductor. 85% suspension, 15% strain and 400m span. Sag and OPGW has been appropriately assigned
2. Civil and structural works includes: Tower concrete footing, soil tests, installation of tower and foundations
3. Electrical works includes: installation of conductor (setup, draw wires,stringing, clamping off), installation of OHEW/OPGW (draw wire, stringing, clamping off)
4. Secondary system and testing and commissioning is accounted in the terminating end in the substation switchbay cost", 132,km,85135.96847153257,0.0,78533.72495755517,0.0,0.0,0.0,81082.0,0.0,0.0,244751.69342908775
806,Overhead line,HVAC,1 x Nitrogen SCST 146 MVA,"Overhead lines single circuit single tower, single conductor per phase. Ratings calculated for summer day, 1m/s wind speed, and air temperatures of 35oC (146 MVA), 30oC (150 MVA), 40oC (141 MVA), 45oC (136 MVA)","1. Plant amount includes: Strain + Structural tower associated costs (steel tower with single earth peak, structural foundation steel, foundation leg steel, climbing barrier, fittings, insulators) and insulator and conductor. 85% suspension, 15% strain and 400m span. Sag and OPGW has been appropriately assigned
2. Civil and structural works includes: Tower concrete footing, soil tests, installation of tower and foundations
3. Electrical works includes: installation of conductor (setup, draw wires,stringing, clamping off), installation of OHEW/OPGW (draw wire, stringing, clamping off)
4. Secondary system and testing and commissioning is accounted in the terminating end in the substation switchbay cost", 132,km,266104.71421683475,306744.04074702883,78533.72495755517,0.0,38958.31178556467,0.0,75630.61741559149,167030.59255137655,113869.5652173913,1046871.5668913429
807,Overhead line,HVAC,1 x Nitrogen DCST 292 MVA,"Overhead lines double circuit single tower, single conductor per phase. Ratings calculated for summer day, 1m/s wind speed, and air temperatures of 35oC (292 MVA), 30oC (300 MVA), 40oC (282 MVA), 45oC (272 MVA)","1. Plant amount includes: Strain + Structural tower associated costs (steel tower with single earth peak, structural foundation steel, foundation leg steel, climbing barrier, fittings, insulators) and insulator and conductor. 85% suspension, 15% strain and 400m span. Sag and OPGW has been appropriately assigned
2. Civil and structural works includes: Tower concrete footing, soil tests, installation of tower and foundations
3. Electrical works includes: installation of conductor (setup, draw wires,stringing, clamping off), installation of OHEW/OPGW (draw wire, stringing, clamping off)
4. Secondary system and testing and commissioning is accounted in the terminating end in the substation switchbay cost", 132,km,333295.40047574195,306744.04074702883,157067.44991511034,0.0,44410.0,0.0,81082.0,167030.59255137655,113869.5652173913,1203499.0489066492
808,Overhead line,HVAC,Stage 1 development: 1 x Nitrogen DCST 292 MVA,"Construction of a double circuit tower with initially a single circuit strung. This reflects stage 1 of developing an Overhead lines double circuit single tower, single conductor per phase. Ratings calculated for summer day, 1m/s wind speed, and air temperatures of 35oC (292 MVA), 30oC (300 MVA), 40oC (282 MVA), 45oC (272 MVA)","1. Plant amount includes: Strain + Structural tower associated costs (steel tower with single earth peak, structural foundation steel, foundation leg steel, climbing barrier, fittings, insulators) and insulator and conductor. 85% suspension, 15% strain and 400m span. Sag and OPGW has been appropriately assigned
2. Civil and structural works includes: Tower concrete footing, soil tests, installation of tower and foundations
3. Electrical works includes: installation of conductor (setup, draw wires,stringing, clamping off), installation of OHEW/OPGW (draw wire, stringing, clamping off)
4. Secondary system and testing and commissioning is accounted in the terminating end in the substation switchbay cost", 132,km,249971.55035680646,306744.04074702883,78533.72495755517,0.0,44410.0,0.0,81082.0,167030.59255137655,113869.5652173913,1041641.4738301584
809,Overhead line,HVAC,Stage 2 development: 1 x Nitrogen DCST 292 MVA,"Second circuit strung on the vacant side of the double circuit tower. This reflects stage 2 of developing an Overhead lines double circuit single tower, single conductor per phase. Ratings calculated for summer day, 1m/s wind speed, and air temperatures of 35oC (292 MVA), 30oC (300 MVA), 40oC (282 MVA), 45oC (272 MVA)","1. Plant amount includes: Strain + Structural tower associated costs (steel tower with single earth peak, structural foundation steel, foundation leg steel, climbing barrier, fittings, insulators) and insulator and conductor. 85% suspension, 15% strain and 400m span. Sag and OPGW has been appropriately assigned
2. Civil and structural works includes: Tower concrete footing, soil tests, installation of tower and foundations
3. Electrical works includes: installation of conductor (setup, draw wires,stringing, clamping off), installation of OHEW/OPGW (draw wire, stringing, clamping off)
4. Secondary system and testing and commissioning is accounted in the terminating end in the substation switchbay cost", 132,km,83323.85011893549,0.0,78533.72495755517,0.0,0.0,0.0,81082.0,0.0,0.0,242939.57507649064
810,Overhead line,HVAC,1 x Neptune SCST 109 MVA,"Overhead lines single circuit single tower, single conductor per phase. Ratings calculated for summer day, 1m/s wind speed, and air temperatures of 35oC (109 MVA), 30oC (112 MVA), 40oC (106 MVA), 45oC (103 MVA)","1. Plant amount includes: Strain + Structural tower associated costs (steel tower with single earth peak, structural foundation steel, foundation leg steel, climbing barrier, fittings, insulators) and insulator and conductor. 85% suspension, 15% strain and 400m span. Sag and OPGW has been appropriately assigned
2. Civil and structural works includes: Tower concrete footing, soil tests, installation of tower and foundations
3. Electrical works includes: installation of conductor (setup, draw wires,stringing, clamping off), installation of OHEW/OPGW (draw wire, stringing, clamping off)
4. Secondary system and testing and commissioning is accounted in the terminating end in the substation switchbay cost", 132,km,210675.45018678438,306744.04074702883,78533.72495755517,0.0,38958.31178556467,0.0,75630.61741559149,167030.59255137655,113869.5652173913,991442.3028612924
811,Overhead line,HVAC,1 x Neptune DCST 218 MVA,"Overhead lines double circuit single tower, single conductor per phase. Ratings calculated for summer day, 1m/s wind speed, and air temperatures of 35oC (218 MVA), 30oC (224 MVA), 40oC (212 MVA), 45oC (206 MVA)","1. Plant amount includes: Strain + Structural tower associated costs (steel tower with single earth peak, structural foundation steel, foundation leg steel, climbing barrier, fittings, insulators) and insulator and conductor. 85% suspension, 15% strain and 400m span. Sag and OPGW has been appropriately assigned
2. Civil and structural works includes: Tower concrete footing, soil tests, installation of tower and foundations
3. Electrical works includes: installation of conductor (setup, draw wires,stringing, clamping off), installation of OHEW/OPGW (draw wire, stringing, clamping off)
4. Secondary system and testing and commissioning is accounted in the terminating end in the substation switchbay cost", 132,km,247300.09867360396,306744.04074702883,157067.44991511034,0.0,44410.0,0.0,81082.0,167030.59255137655,113869.5652173913,1117503.747104511
812,Overhead line,HVAC,Stage 1 development: 1 x Neptune DCST 218 MVA,"Construction of a double circuit tower with initially a single circuit strung. This reflects stage 1 of developing an Overhead lines double circuit single tower, single conductor per phase. Ratings calculated for summer day, 1m/s wind speed, and air temperatures of 35oC (218 MVA), 30oC (224 MVA), 40oC (212 MVA), 45oC (206 MVA)","1. Plant amount includes: Strain + Structural tower associated costs (steel tower with single earth peak, structural foundation steel, foundation leg steel, climbing barrier, fittings, insulators) and insulator and conductor. 85% suspension, 15% strain and 400m span. Sag and OPGW has been appropriately assigned
2. Civil and structural works includes: Tower concrete footing, soil tests, installation of tower and foundations
3. Electrical works includes: installation of conductor (setup, draw wires,stringing, clamping off), installation of OHEW/OPGW (draw wire, stringing, clamping off)
4. Secondary system and testing and commissioning is accounted in the terminating end in the substation switchbay cost", 132,km,185475.07400520297,306744.04074702883,78533.72495755517,0.0,44410.0,0.0,81082.0,167030.59255137655,113869.5652173913,977144.9974785547
813,Overhead line,HVAC,Stage 2 development: 1 x Neptune DCST 218 MVA,"Second circuit strung on the vacant side of the double circuit tower. This reflects stage 2 of developing an Overhead lines double circuit single tower, single conductor per phase. Ratings calculated for summer day, 1m/s wind speed, and air temperatures of 35oC (218 MVA), 30oC (224 MVA), 40oC (212 MVA), 45oC (206 MVA)","1. Plant amount includes: Strain + Structural tower associated costs (steel tower with single earth peak, structural foundation steel, foundation leg steel, climbing barrier, fittings, insulators) and insulator and conductor. 85% suspension, 15% strain and 400m span. Sag and OPGW has been appropriately assigned
2. Civil and structural works includes: Tower concrete footing, soil tests, installation of tower and foundations
3. Electrical works includes: installation of conductor (setup, draw wires,stringing, clamping off), installation of OHEW/OPGW (draw wire, stringing, clamping off)
4. Secondary system and testing and commissioning is accounted in the terminating end in the substation switchbay cost", 132,km,61825.02466840099,0.0,78533.72495755517,0.0,0.0,0.0,81082.0,0.0,0.0,221440.74962595617
814,Overhead line,HVAC,1 x Neon SCST 128 MVA,"Overhead lines single circuit single tower, single conductor per phase. Ratings calculated for summer day, 1m/s wind speed, and air temperatures of 35oC (128 MVA), 30oC (131 MVA), 40oC (124 MVA), 45oC (120 MVA)","1. Plant amount includes: Strain + Structural tower associated costs (steel tower with single earth peak, structural foundation steel, foundation leg steel, climbing barrier, fittings, insulators) and insulator and conductor. 85% suspension, 15% strain and 400m span. Sag and OPGW has been appropriately assigned
2. Civil and structural works includes: Tower concrete footing, soil tests, installation of tower and foundations
3. Electrical works includes: installation of conductor (setup, draw wires,stringing, clamping off), installation of OHEW/OPGW (draw wire, stringing, clamping off)
4. Secondary system and testing and commissioning is accounted in the terminating end in the substation switchbay cost", 132,km,238390.0822018096,306744.04074702883,78533.72495755517,0.0,38958.31178556467,0.0,75630.61741559149,167030.59255137655,113869.5652173913,1019156.9348763176
815,Overhead line,HVAC,1 x Neon DCST 256 MVA,"Overhead lines double circuit single tower, single conductor per phase. Ratings calculated for summer day, 1m/s wind speed, and air temperatures of 35oC (256 MVA), 30oC (262 MVA), 40oC (248 MVA), 45oC (240 MVA)","1. Plant amount includes: Strain + Structural tower associated costs (steel tower with single earth peak, structural foundation steel, foundation leg steel, climbing barrier, fittings, insulators) and insulator and conductor. 85% suspension, 15% strain and 400m span. Sag and OPGW has been appropriately assigned
2. Civil and structural works includes: Tower concrete footing, soil tests, installation of tower and foundations
3. Electrical works includes: installation of conductor (setup, draw wires,stringing, clamping off), installation of OHEW/OPGW (draw wire, stringing, clamping off)
4. Secondary system and testing and commissioning is accounted in the terminating end in the substation switchbay cost", 132,km,290297.74957467295,306744.04074702883,157067.44991511034,0.0,44410.0,0.0,81082.0,167030.59255137655,113869.5652173913,1160501.39800558
816,Overhead line,HVAC,Stage 1 development: 1 x Neon DCST 256 MVA,"Construction of a double circuit tower with initially a single circuit strung. This reflects stage 1 of developing an Overhead lines double circuit single tower, single conductor per phase. Ratings calculated for summer day, 1m/s wind speed, and air temperatures of 35oC (256 MVA), 30oC (262 MVA), 40oC (248 MVA), 45oC (240 MVA)","1. Plant amount includes: Strain + Structural tower associated costs (steel tower with single earth peak, structural foundation steel, foundation leg steel, climbing barrier, fittings, insulators) and insulator and conductor. 85% suspension, 15% strain and 400m span. Sag and OPGW has been appropriately assigned
2. Civil and structural works includes: Tower concrete footing, soil tests, installation of tower and foundations
3. Electrical works includes: installation of conductor (setup, draw wires,stringing, clamping off), installation of OHEW/OPGW (draw wire, stringing, clamping off)
4. Secondary system and testing and commissioning is accounted in the terminating end in the substation switchbay cost", 132,km,217723.31218100473,306744.04074702883,78533.72495755517,0.0,44410.0,0.0,81082.0,167030.59255137655,113869.5652173913,1009393.2356543567
817,Overhead line,HVAC,Stage 2 development: 1 x Neon DCST 256 MVA,"Second circuit strung on the vacant side of the double circuit tower. This reflects stage 2 of developing an Overhead lines double circuit single tower, single conductor per phase. Ratings calculated for summer day, 1m/s wind speed, and air temperatures of 35oC (256 MVA), 30oC (262 MVA), 40oC (248 MVA), 45oC (240 MVA)","1. Plant amount includes: Strain + Structural tower associated costs (steel tower with single earth peak, structural foundation steel, foundation leg steel, climbing barrier, fittings, insulators) and insulator and conductor. 85% suspension, 15% strain and 400m span. Sag and OPGW has been appropriately assigned
2. Civil and structural works includes: Tower concrete footing, soil tests, installation of tower and foundations
3. Electrical works includes: installation of conductor (setup, draw wires,stringing, clamping off), installation of OHEW/OPGW (draw wire, stringing, clamping off)
4. Secondary system and testing and commissioning is accounted in the terminating end in the substation switchbay cost", 132,km,72574.43739366824,0.0,78533.72495755517,0.0,0.0,0.0,81082.0,0.0,0.0,232190.1623512234
818,Overhead line,HVAC,1 x Mango SCST 183 MVA,"Overhead lines single circuit single tower, single conductor per phase. Ratings calculated for summer day, 1m/s wind speed, and air temperatures of 35oC (183 MVA), 30oC (190 MVA), 40oC (177 MVA), 45oC (170 MVA)","1. Plant amount includes: Strain + Structural tower associated costs (steel tower with single earth peak, structural foundation steel, foundation leg steel, climbing barrier, fittings, insulators) and insulator and conductor. 85% suspension, 15% strain and 400m span. Sag and OPGW has been appropriately assigned
2. Civil and structural works includes: Tower concrete footing, soil tests, installation of tower and foundations
3. Electrical works includes: installation of conductor (setup, draw wires,stringing, clamping off), installation of OHEW/OPGW (draw wire, stringing, clamping off)
4. Secondary system and testing and commissioning is accounted in the terminating end in the substation switchbay cost", 132,km,296258.32,306744.04074702883,78533.72495755517,0.0,38958.31178556467,0.0,75630.61741559149,167030.59255137655,113869.5652173913,1077025.172674508
819,Overhead line,HVAC,1 x Mango DCST 366 MVA,"Overhead lines double circuit single tower, single conductor per phase. Ratings calculated for summer day, 1m/s wind speed, and air temperatures of 35oC (366 MVA), 30oC (380 MVA), 40oC (354 MVA), 45oC (340 MVA)","1. Plant amount includes: Strain + Structural tower associated costs (steel tower with single earth peak, structural foundation steel, foundation leg steel, climbing barrier, fittings, insulators) and insulator and conductor. 85% suspension, 15% strain and 400m span. Sag and OPGW has been appropriately assigned
2. Civil and structural works includes: Tower concrete footing, soil tests, installation of tower and foundations
3. Electrical works includes: installation of conductor (setup, draw wires,stringing, clamping off), installation of OHEW/OPGW (draw wire, stringing, clamping off)
4. Secondary system and testing and commissioning is accounted in the terminating end in the substation switchbay cost", 132,km,348539.2,306744.04074702883,157067.44991511034,0.0,44410.0,0.0,81082.0,167030.59255137655,113869.5652173913,1218742.8484309071
820,Overhead line,HVAC,Stage 1 development: 1 x Mango DCST 366 MVA,"Construction of a double circuit tower with initially a single circuit strung. This reflects stage 1 of developing an Overhead lines double circuit single tower, single conductor per phase. Ratings calculated for summer day, 1m/s wind speed, and air temperatures of 35oC (366 MVA), 30oC (380 MVA), 40oC (354 MVA), 45oC (340 MVA)","1. Plant amount includes: Strain + Structural tower associated costs (steel tower with single earth peak, structural foundation steel, foundation leg steel, climbing barrier, fittings, insulators) and insulator and conductor. 85% suspension, 15% strain and 400m span. Sag and OPGW has been appropriately assigned
2. Civil and structural works includes: Tower concrete footing, soil tests, installation of tower and foundations
3. Electrical works includes: installation of conductor (setup, draw wires,stringing, clamping off), installation of OHEW/OPGW (draw wire, stringing, clamping off)
4. Secondary system and testing and commissioning is accounted in the terminating end in the substation switchbay cost", 132,km,261404.40000000002,306744.04074702883,78533.72495755517,0.0,44410.0,0.0,81082.0,167030.59255137655,113869.5652173913,1053074.323473352
821,Overhead line,HVAC,Stage 2 development: 1 x Mango DCST 366 MVA,"Second circuit strung on the vacant side of the double circuit tower. This reflects stage 2 of developing an Overhead lines double circuit single tower, single conductor per phase. Ratings calculated for summer day, 1m/s wind speed, and air temperatures of 35oC (366 MVA), 30oC (380 MVA), 40oC (354 MVA), 45oC (340 MVA)","1. Plant amount includes: Strain + Structural tower associated costs (steel tower with single earth peak, structural foundation steel, foundation leg steel, climbing barrier, fittings, insulators) and insulator and conductor. 85% suspension, 15% strain and 400m span. Sag and OPGW has been appropriately assigned
2. Civil and structural works includes: Tower concrete footing, soil tests, installation of tower and foundations
3. Electrical works includes: installation of conductor (setup, draw wires,stringing, clamping off), installation of OHEW/OPGW (draw wire, stringing, clamping off)
4. Secondary system and testing and commissioning is accounted in the terminating end in the substation switchbay cost", 132,km,87134.8,0.0,78533.72495755517,0.0,0.0,0.0,81082.0,0.0,0.0,246750.52495755517
822,Overhead line,HVAC,1 x Lemon SCST 134 MVA,"Overhead lines single circuit single tower, single conductor per phase. Ratings calculated for summer day, 1m/s wind speed, and air temperatures of 35oC (134 MVA), 30oC (138 MVA), 40oC (130 MVA), 45oC (125 MVA)","1. Plant amount includes: Strain + Structural tower associated costs (steel tower with single earth peak, structural foundation steel, foundation leg steel, climbing barrier, fittings, insulators) and insulator and conductor. 85% suspension, 15% strain and 400m span. Sag and OPGW has been appropriately assigned
2. Civil and structural works includes: Tower concrete footing, soil tests, installation of tower and foundations
3. Electrical works includes: installation of conductor (setup, draw wires,stringing, clamping off), installation of OHEW/OPGW (draw wire, stringing, clamping off)
4. Secondary system and testing and commissioning is accounted in the terminating end in the substation switchbay cost", 132,km,263470.014076074,306744.04074702883,78533.72495755517,0.0,38958.31178556467,0.0,75630.61741559149,167030.59255137655,113869.5652173913,1044236.8667505821
823,Overhead line,HVAC,1 x Lemon DCST 268 MVA,"Overhead lines double circuit single tower, single conductor per phase. Ratings calculated for summer day, 1m/s wind speed, and air temperatures of 35oC (268 MVA), 30oC (276 MVA), 40oC (260 MVA), 45oC (250 MVA)","1. Plant amount includes: Strain + Structural tower associated costs (steel tower with single earth peak, structural foundation steel, foundation leg steel, climbing barrier, fittings, insulators) and insulator and conductor. 85% suspension, 15% strain and 400m span. Sag and OPGW has been appropriately assigned
2. Civil and structural works includes: Tower concrete footing, soil tests, installation of tower and foundations
3. Electrical works includes: installation of conductor (setup, draw wires,stringing, clamping off), installation of OHEW/OPGW (draw wire, stringing, clamping off)
4. Secondary system and testing and commissioning is accounted in the terminating end in the substation switchbay cost", 132,km,333295.40047574195,306744.04074702883,157067.44991511034,0.0,44410.0,0.0,81082.0,167030.59255137655,113869.5652173913,1203499.0489066492
824,Overhead line,HVAC,Stage 1 development: 1 x Lemon DCST 268 MVA,"Construction of a double circuit tower with initially a single circuit strung. This reflects stage 1 of developing an Overhead lines double circuit single tower, single conductor per phase. Ratings calculated for summer day, 1m/s wind speed, and air temperatures of 35oC (268 MVA), 30oC (276 MVA), 40oC (260 MVA), 45oC (250 MVA)","1. Plant amount includes: Strain + Structural tower associated costs (steel tower with single earth peak, structural foundation steel, foundation leg steel, climbing barrier, fittings, insulators) and insulator and conductor. 85% suspension, 15% strain and 400m span. Sag and OPGW has been appropriately assigned
2. Civil and structural works includes: Tower concrete footing, soil tests, installation of tower and foundations
3. Electrical works includes: installation of conductor (setup, draw wires,stringing, clamping off), installation of OHEW/OPGW (draw wire, stringing, clamping off)
4. Secondary system and testing and commissioning is accounted in the terminating end in the substation switchbay cost", 132,km,249971.55035680646,306744.04074702883,78533.72495755517,0.0,44410.0,0.0,81082.0,167030.59255137655,113869.5652173913,1041641.4738301584
825,Overhead line,HVAC,Stage 2 development: 1 x Lemon DCST 268 MVA,"Second circuit strung on the vacant side of the double circuit tower. This reflects stage 2 of developing an Overhead lines double circuit single tower, single conductor per phase. Ratings calculated for summer day, 1m/s wind speed, and air temperatures of 35oC (268 MVA), 30oC (276 MVA), 40oC (260 MVA), 45oC (250 MVA)","1. Plant amount includes: Strain + Structural tower associated costs (steel tower with single earth peak, structural foundation steel, foundation leg steel, climbing barrier, fittings, insulators) and insulator and conductor. 85% suspension, 15% strain and 400m span. Sag and OPGW has been appropriately assigned
2. Civil and structural works includes: Tower concrete footing, soil tests, installation of tower and foundations
3. Electrical works includes: installation of conductor (setup, draw wires,stringing, clamping off), installation of OHEW/OPGW (draw wire, stringing, clamping off)
4. Secondary system and testing and commissioning is accounted in the terminating end in the substation switchbay cost", 132,km,83323.85011893549,0.0,78533.72495755517,0.0,0.0,0.0,81082.0,0.0,0.0,242939.57507649064
826,Overhead line,HVAC,1 × Sulfur SCST 215 MVA,"Overhead lines single circuit single tower, single conductor per phase. Ratings calculated for summer day, 1m/s wind speed, and air temperatures of 35oC (215 MVA), 30oC (224 MVA), 40oC (207 MVA), 45oC (198 MVA)","1. Plant amount includes: Strain + Structural tower associated costs (steel tower with single earth peak, structural foundation steel, foundation leg steel, climbing barrier, fittings, insulators) and insulator and conductor. 85% suspension, 15% strain and 400m span. Sag and OPGW has been appropriately assigned
2. Civil and structural works includes: Tower concrete footing, soil tests, installation of tower and foundations
3. Electrical works includes: installation of conductor (setup, draw wires,stringing, clamping off), installation of OHEW/OPGW (draw wire, stringing, clamping off)
4. Secondary system and testing and commissioning is accounted in the terminating end in the substation switchbay cost", 110,km,342147.55017620226,282204.51748726657,72251.02696095075,0.0,35841.6468427195,0.0,69580.16802234418,158679.0629238077,108176.08695652173,1068880.0593698127
827,Overhead line,HVAC,1 × Sulfur DCST 430 MVA,"Overhead lines double circuit single tower, single conductor per phase. Ratings calculated for summer day, 1m/s wind speed, and air temperatures of 35oC (430 MVA), 30oC (448 MVA), 40oC (414 MVA), 45oC (396 MVA)","1. Plant amount includes: Strain + Structural tower associated costs (steel tower with single earth peak, structural foundation steel, foundation leg steel, climbing barrier, fittings, insulators) and insulator and conductor. 85% suspension, 15% strain and 400m span. Sag and OPGW has been appropriately assigned
2. Civil and structural works includes: Tower concrete footing, soil tests, installation of tower and foundations
3. Electrical works includes: installation of conductor (setup, draw wires,stringing, clamping off), installation of OHEW/OPGW (draw wire, stringing, clamping off)
4. Secondary system and testing and commissioning is accounted in the terminating end in the substation switchbay cost", 110,km,408470.04569580115,282204.51748726657,144502.0539219015,0.0,40857.200000000004,0.0,74595.44,158679.0629238077,108176.08695652173,1217484.4069852985
828,Overhead line,HVAC,Stage 1 development: 1 × Sulfur DCST 430 MVA,"Construction of a double circuit tower with initially a single circuit strung. This reflects stage 1 of developing an Overhead lines double circuit single tower, single conductor per phase. Ratings calculated for summer day, 1m/s wind speed, and air temperatures of 35oC (430 MVA), 30oC (448 MVA), 40oC (414 MVA), 45oC (396 MVA)","1. Plant amount includes: Strain + Structural tower associated costs (steel tower with single earth peak, structural foundation steel, foundation leg steel, climbing barrier, fittings, insulators) and insulator and conductor. 85% suspension, 15% strain and 400m span. Sag and OPGW has been appropriately assigned
2. Civil and structural works includes: Tower concrete footing, soil tests, installation of tower and foundations
3. Electrical works includes: installation of conductor (setup, draw wires,stringing, clamping off), installation of OHEW/OPGW (draw wire, stringing, clamping off)
4. Secondary system and testing and commissioning is accounted in the terminating end in the substation switchbay cost", 110,km,306352.53427185083,282204.51748726657,72251.02696095075,0.0,40857.200000000004,0.0,74595.44,158679.0629238077,108176.08695652173,1043115.8686003974
829,Overhead line,HVAC,Stage 2 development: 1 × Sulfur DCST 430 MVA,"Second circuit strung on the vacant side of the double circuit tower. This reflects stage 2 of developing an Overhead lines double circuit single tower, single conductor per phase. Ratings calculated for summer day, 1m/s wind speed, and air temperatures of 35oC (430 MVA), 30oC (448 MVA), 40oC (414 MVA), 45oC (396 MVA)","1. Plant amount includes: Strain + Structural tower associated costs (steel tower with single earth peak, structural foundation steel, foundation leg steel, climbing barrier, fittings, insulators) and insulator and conductor. 85% suspension, 15% strain and 400m span. Sag and OPGW has been appropriately assigned
2. Civil and structural works includes: Tower concrete footing, soil tests, installation of tower and foundations
3. Electrical works includes: installation of conductor (setup, draw wires,stringing, clamping off), installation of OHEW/OPGW (draw wire, stringing, clamping off)
4. Secondary system and testing and commissioning is accounted in the terminating end in the substation switchbay cost", 110,km,102117.51142395029,0.0,72251.02696095075,0.0,0.0,0.0,74595.44,0.0,0.0,248963.97838490104
830,Overhead line,HVAC,1 × Phosphorus SCST 159 MVA,"Overhead lines single circuit single tower, single conductor per phase. Ratings calculated for summer day, 1m/s wind speed, and air temperatures of 35oC (159 MVA), 30oC (165 MVA), 40oC (154 MVA), 45oC (148 MVA)","1. Plant amount includes: Strain + Structural tower associated costs (steel tower with single earth peak, structural foundation steel, foundation leg steel, climbing barrier, fittings, insulators) and insulator and conductor. 85% suspension, 15% strain and 400m span. Sag and OPGW has been appropriately assigned
2. Civil and structural works includes: Tower concrete footing, soil tests, installation of tower and foundations
3. Electrical works includes: installation of conductor (setup, draw wires,stringing, clamping off), installation of OHEW/OPGW (draw wire, stringing, clamping off)
4. Secondary system and testing and commissioning is accounted in the terminating end in the substation switchbay cost", 110,km,267909.62943517405,282204.51748726657,72251.02696095075,0.0,35841.6468427195,0.0,69580.16802234418,158679.0629238077,108541.1896629683,995007.2413352309
831,Overhead line,HVAC,1 × Phosphorus DCST 318 MVA,"Overhead lines double circuit single tower, single conductor per phase. Ratings calculated for summer day, 1m/s wind speed, and air temperatures of 35oC (318 MVA), 30oC (330 MVA), 40oC (308 MVA), 45oC (296 MVA)","1. Plant amount includes: Strain + Structural tower associated costs (steel tower with single earth peak, structural foundation steel, foundation leg steel, climbing barrier, fittings, insulators) and insulator and conductor. 85% suspension, 15% strain and 400m span. Sag and OPGW has been appropriately assigned
2. Civil and structural works includes: Tower concrete footing, soil tests, installation of tower and foundations
3. Electrical works includes: installation of conductor (setup, draw wires,stringing, clamping off), installation of OHEW/OPGW (draw wire, stringing, clamping off)
4. Secondary system and testing and commissioning is accounted in the terminating end in the substation switchbay cost", 110,km,310017.1273058005,282204.51748726657,144502.0539219015,0.0,40857.200000000004,0.0,74595.44,158679.0629238077,108176.08695652173,1119031.488595298
832,Overhead line,HVAC,Stage 1 development: 1 × Phosphorus DCST 318 MVA,"Construction of a double circuit tower with initially a single circuit strung. This reflects stage 1 of developing an Overhead lines double circuit single tower, single conductor per phase. Ratings calculated for summer day, 1m/s wind speed, and air temperatures of 35oC (318 MVA), 30oC (330 MVA), 40oC (308 MVA), 45oC (296 MVA)","1. Plant amount includes: Strain + Structural tower associated costs (steel tower with single earth peak, structural foundation steel, foundation leg steel, climbing barrier, fittings, insulators) and insulator and conductor. 85% suspension, 15% strain and 400m span. Sag and OPGW has been appropriately assigned
2. Civil and structural works includes: Tower concrete footing, soil tests, installation of tower and foundations
3. Electrical works includes: installation of conductor (setup, draw wires,stringing, clamping off), installation of OHEW/OPGW (draw wire, stringing, clamping off)
4. Secondary system and testing and commissioning is accounted in the terminating end in the substation switchbay cost", 110,km,232512.84547935036,282204.51748726657,72251.02696095075,0.0,40857.200000000004,0.0,74595.44,158679.0629238077,108176.08695652173,969276.179807897
833,Overhead line,HVAC,Stage 2 development: 1 × Phosphorus DCST 318 MVA,"Second circuit strung on the vacant side of the double circuit tower. This reflects stage 2 of developing an Overhead lines double circuit single tower, single conductor per phase. Ratings calculated for summer day, 1m/s wind speed, and air temperatures of 35oC (318 MVA), 30oC (330 MVA), 40oC (308 MVA), 45oC (296 MVA)","1. Plant amount includes: Strain + Structural tower associated costs (steel tower with single earth peak, structural foundation steel, foundation leg steel, climbing barrier, fittings, insulators) and insulator and conductor. 85% suspension, 15% strain and 400m span. Sag and OPGW has been appropriately assigned
2. Civil and structural works includes: Tower concrete footing, soil tests, installation of tower and foundations
3. Electrical works includes: installation of conductor (setup, draw wires,stringing, clamping off), installation of OHEW/OPGW (draw wire, stringing, clamping off)
4. Secondary system and testing and commissioning is accounted in the terminating end in the substation switchbay cost", 110,km,77504.28182645013,0.0,72251.02696095075,0.0,0.0,0.0,74595.44,0.0,0.0,224350.7487874009
834,Overhead line,HVAC,1 × Nitrogen SCST 122 MVA,"Overhead lines single circuit single tower, single conductor per phase. Ratings calculated for summer day, 1m/s wind speed, and air temperatures of 35oC (122 MVA), 30oC (125 MVA), 40oC (118 MVA), 45oC (114 MVA)","1. Plant amount includes: Strain + Structural tower associated costs (steel tower with single earth peak, structural foundation steel, foundation leg steel, climbing barrier, fittings, insulators) and insulator and conductor. 85% suspension, 15% strain and 400m span. Sag and OPGW has been appropriately assigned
2. Civil and structural works includes: Tower concrete footing, soil tests, installation of tower and foundations
3. Electrical works includes: installation of conductor (setup, draw wires,stringing, clamping off), installation of OHEW/OPGW (draw wire, stringing, clamping off)
4. Secondary system and testing and commissioning is accounted in the terminating end in the substation switchbay cost", 110,km,244816.33707948797,282204.51748726657,72251.02696095075,0.0,35841.6468427195,0.0,69580.16802234418,158679.0629238077,108176.08695652173,971548.8462730984
835,Overhead line,HVAC,1 × Nitrogen DCST 244 MVA,"Overhead lines double circuit single tower, single conductor per phase. Ratings calculated for summer day, 1m/s wind speed, and air temperatures of 35oC (244 MVA), 30oC (250 MVA), 40oC (236 MVA), 45oC (228 MVA)","1. Plant amount includes: Strain + Structural tower associated costs (steel tower with single earth peak, structural foundation steel, foundation leg steel, climbing barrier, fittings, insulators) and insulator and conductor. 85% suspension, 15% strain and 400m span. Sag and OPGW has been appropriately assigned
2. Civil and structural works includes: Tower concrete footing, soil tests, installation of tower and foundations
3. Electrical works includes: installation of conductor (setup, draw wires,stringing, clamping off), installation of OHEW/OPGW (draw wire, stringing, clamping off)
4. Secondary system and testing and commissioning is accounted in the terminating end in the substation switchbay cost", 110,km,306631.7684376826,282204.51748726657,144502.0539219015,0.0,40857.200000000004,0.0,74595.44,158679.0629238077,108176.08695652173,1115646.12972718
836,Overhead line,HVAC,Stage 1 development: 1 × Nitrogen DCST 244 MVA,"Construction of a double circuit tower with initially a single circuit strung. This reflects stage 1 of developing an Overhead lines double circuit single tower, single conductor per phase. Ratings calculated for summer day, 1m/s wind speed, and air temperatures of 35oC (244 MVA), 30oC (250 MVA), 40oC (236 MVA), 45oC (228 MVA)","1. Plant amount includes: Strain + Structural tower associated costs (steel tower with single earth peak, structural foundation steel, foundation leg steel, climbing barrier, fittings, insulators) and insulator and conductor. 85% suspension, 15% strain and 400m span. Sag and OPGW has been appropriately assigned
2. Civil and structural works includes: Tower concrete footing, soil tests, installation of tower and foundations
3. Electrical works includes: installation of conductor (setup, draw wires,stringing, clamping off), installation of OHEW/OPGW (draw wire, stringing, clamping off)
4. Secondary system and testing and commissioning is accounted in the terminating end in the substation switchbay cost", 110,km,229973.82632826193,282204.51748726657,72251.02696095075,0.0,40857.200000000004,0.0,74595.44,158679.0629238077,108176.08695652173,966737.1606568086
837,Overhead line,HVAC,Stage 2 development: 1 × Nitrogen DCST 244 MVA,"Second circuit strung on the vacant side of the double circuit tower. This reflects stage 2 of developing an Overhead lines double circuit single tower, single conductor per phase. Ratings calculated for summer day, 1m/s wind speed, and air temperatures of 35oC (244 MVA), 30oC (250 MVA), 40oC (236 MVA), 45oC (228 MVA)","1. Plant amount includes: Strain + Structural tower associated costs (steel tower with single earth peak, structural foundation steel, foundation leg steel, climbing barrier, fittings, insulators) and insulator and conductor. 85% suspension, 15% strain and 400m span. Sag and OPGW has been appropriately assigned
2. Civil and structural works includes: Tower concrete footing, soil tests, installation of tower and foundations
3. Electrical works includes: installation of conductor (setup, draw wires,stringing, clamping off), installation of OHEW/OPGW (draw wire, stringing, clamping off)
4. Secondary system and testing and commissioning is accounted in the terminating end in the substation switchbay cost", 110,km,76657.94210942065,0.0,72251.02696095075,0.0,0.0,0.0,74595.44,0.0,0.0,223504.40907037142
838,Overhead line,HVAC,1 × Krypton SCST 89 MVA,"Overhead lines single circuit single tower, single conductor per phase. Ratings calculated for summer day, 1m/s wind speed, and air temperatures of 35oC (89 MVA), 30oC (92 MVA), 40oC (87 MVA), 45oC (84 MVA)","1. Plant amount includes: Strain + Structural tower associated costs (steel tower with single earth peak, structural foundation steel, foundation leg steel, climbing barrier, fittings, insulators) and insulator and conductor. 85% suspension, 15% strain and 400m span. Sag and OPGW has been appropriately assigned
2. Civil and structural works includes: Tower concrete footing, soil tests, installation of tower and foundations
3. Electrical works includes: installation of conductor (setup, draw wires,stringing, clamping off), installation of OHEW/OPGW (draw wire, stringing, clamping off)
4. Secondary system and testing and commissioning is accounted in the terminating end in the substation switchbay cost", 110,km,193821.41417184164,282204.51748726657,72251.02696095075,0.0,35841.6468427195,0.0,69580.16802234418,158679.0629238077,108176.08695652173,920553.9233654521
839,Overhead line,HVAC,1 × Krypton DCST 178 MVA,"Overhead lines double circuit single tower, single conductor per phase. Ratings calculated for summer day, 1m/s wind speed, and air temperatures of 35oC (178 MVA), 30oC (184 MVA), 40oC (174 MVA), 45oC (168 MVA)","1. Plant amount includes: Strain + Structural tower associated costs (steel tower with single earth peak, structural foundation steel, foundation leg steel, climbing barrier, fittings, insulators) and insulator and conductor. 85% suspension, 15% strain and 400m span. Sag and OPGW has been appropriately assigned
2. Civil and structural works includes: Tower concrete footing, soil tests, installation of tower and foundations
3. Electrical works includes: installation of conductor (setup, draw wires,stringing, clamping off), installation of OHEW/OPGW (draw wire, stringing, clamping off)
4. Secondary system and testing and commissioning is accounted in the terminating end in the substation switchbay cost", 110,km,227516.09077971565,282204.51748726657,144502.0539219015,0.0,40857.200000000004,0.0,74595.44,158679.0629238077,108176.08695652173,1036530.4520692131
840,Overhead line,HVAC,Stage 1 development: 1 × Krypton DCST 178 MVA,"Construction of a double circuit tower with initially a single circuit strung. This reflects stage 1 of developing an Overhead lines double circuit single tower, single conductor per phase. Ratings calculated for summer day, 1m/s wind speed, and air temperatures of 35oC (178 MVA), 30oC (184 MVA), 40oC (174 MVA), 45oC (168 MVA)","1. Plant amount includes: Strain + Structural tower associated costs (steel tower with single earth peak, structural foundation steel, foundation leg steel, climbing barrier, fittings, insulators) and insulator and conductor. 85% suspension, 15% strain and 400m span. Sag and OPGW has been appropriately assigned
2. Civil and structural works includes: Tower concrete footing, soil tests, installation of tower and foundations
3. Electrical works includes: installation of conductor (setup, draw wires,stringing, clamping off), installation of OHEW/OPGW (draw wire, stringing, clamping off)
4. Secondary system and testing and commissioning is accounted in the terminating end in the substation switchbay cost", 110,km,170637.06808478673,282204.51748726657,72251.02696095075,0.0,40857.200000000004,0.0,74595.44,158679.0629238077,108176.08695652173,907400.4024133333
841,Overhead line,HVAC,Stage 2 development: 1 × Krypton DCST 178 MVA,"Second circuit strung on the vacant side of the double circuit tower. This reflects stage 2 of developing an Overhead lines double circuit single tower, single conductor per phase. Ratings calculated for summer day, 1m/s wind speed, and air temperatures of 35oC (178 MVA), 30oC (184 MVA), 40oC (174 MVA), 45oC (168 MVA)","1. Plant amount includes: Strain + Structural tower associated costs (steel tower with single earth peak, structural foundation steel, foundation leg steel, climbing barrier, fittings, insulators) and insulator and conductor. 85% suspension, 15% strain and 400m span. Sag and OPGW has been appropriately assigned
2. Civil and structural works includes: Tower concrete footing, soil tests, installation of tower and foundations
3. Electrical works includes: installation of conductor (setup, draw wires,stringing, clamping off), installation of OHEW/OPGW (draw wire, stringing, clamping off)
4. Secondary system and testing and commissioning is accounted in the terminating end in the substation switchbay cost", 110,km,56879.02269492891,0.0,72251.02696095075,0.0,0.0,0.0,74595.44,0.0,0.0,203725.48965587968
842,Overhead line,HVAC,1 × Neon SCST 106 MVA,"Overhead lines single circuit single tower, single conductor per phase. Ratings calculated for summer day, 1m/s wind speed, and air temperatures of 35oC (106 MVA), 30oC (109 MVA), 40oC (103 MVA), 45oC (100 MVA)","1. Plant amount includes: Strain + Structural tower associated costs (steel tower with single earth peak, structural foundation steel, foundation leg steel, climbing barrier, fittings, insulators) and insulator and conductor. 85% suspension, 15% strain and 400m span. Sag and OPGW has been appropriately assigned
2. Civil and structural works includes: Tower concrete footing, soil tests, installation of tower and foundations
3. Electrical works includes: installation of conductor (setup, draw wires,stringing, clamping off), installation of OHEW/OPGW (draw wire, stringing, clamping off)
4. Secondary system and testing and commissioning is accounted in the terminating end in the substation switchbay cost", 110,km,219318.87562566483,282204.51748726657,72251.02696095075,0.0,35841.6468427195,0.0,69580.16802234418,158679.0629238077,108176.08695652173,946051.3848192752
843,Overhead line,HVAC,1 × Neon DCST 212 MVA,"Overhead lines double circuit single tower, single conductor per phase. Ratings calculated for summer day, 1m/s wind speed, and air temperatures of 35oC (212 MVA), 30oC (218 MVA), 40oC (206 MVA), 45oC (200 MVA)","1. Plant amount includes: Strain + Structural tower associated costs (steel tower with single earth peak, structural foundation steel, foundation leg steel, climbing barrier, fittings, insulators) and insulator and conductor. 85% suspension, 15% strain and 400m span. Sag and OPGW has been appropriately assigned
2. Civil and structural works includes: Tower concrete footing, soil tests, installation of tower and foundations
3. Electrical works includes: installation of conductor (setup, draw wires,stringing, clamping off), installation of OHEW/OPGW (draw wire, stringing, clamping off)
4. Secondary system and testing and commissioning is accounted in the terminating end in the substation switchbay cost", 110,km,267073.9296086991,282204.51748726657,144502.0539219015,0.0,40857.200000000004,0.0,74595.44,158679.0629238077,108176.08695652173,1076088.2908981966
844,Overhead line,HVAC,Stage 1 development: 1 × Neon DCST 212 MVA,"Construction of a double circuit tower with initially a single circuit strung. This reflects stage 1 of developing an Overhead lines double circuit single tower, single conductor per phase. Ratings calculated for summer day, 1m/s wind speed, and air temperatures of 35oC (212 MVA), 30oC (218 MVA), 40oC (206 MVA), 45oC (200 MVA)","1. Plant amount includes: Strain + Structural tower associated costs (steel tower with single earth peak, structural foundation steel, foundation leg steel, climbing barrier, fittings, insulators) and insulator and conductor. 85% suspension, 15% strain and 400m span. Sag and OPGW has been appropriately assigned
2. Civil and structural works includes: Tower concrete footing, soil tests, installation of tower and foundations
3. Electrical works includes: installation of conductor (setup, draw wires,stringing, clamping off), installation of OHEW/OPGW (draw wire, stringing, clamping off)
4. Secondary system and testing and commissioning is accounted in the terminating end in the substation switchbay cost", 110,km,200305.44720652432,282204.51748726657,72251.02696095075,0.0,40857.200000000004,0.0,74595.44,158679.0629238077,108176.08695652173,937068.7815350709
845,Overhead line,HVAC,Stage 2 development: 1 × Neon DCST 212 MVA,"Second circuit strung on the vacant side of the double circuit tower. This reflects stage 2 of developing an Overhead lines double circuit single tower, single conductor per phase. Ratings calculated for summer day, 1m/s wind speed, and air temperatures of 35oC (212 MVA), 30oC (218 MVA), 40oC (206 MVA), 45oC (200 MVA)","1. Plant amount includes: Strain + Structural tower associated costs (steel tower with single earth peak, structural foundation steel, foundation leg steel, climbing barrier, fittings, insulators) and insulator and conductor. 85% suspension, 15% strain and 400m span. Sag and OPGW has been appropriately assigned
2. Civil and structural works includes: Tower concrete footing, soil tests, installation of tower and foundations
3. Electrical works includes: installation of conductor (setup, draw wires,stringing, clamping off), installation of OHEW/OPGW (draw wire, stringing, clamping off)
4. Secondary system and testing and commissioning is accounted in the terminating end in the substation switchbay cost", 110,km,66768.48240217478,0.0,72251.02696095075,0.0,0.0,0.0,74595.44,0.0,0.0,213614.94936312555
846,Overhead line,HVAC,1 × Uranus SCST 111 MVA,"Overhead lines single circuit single tower, single conductor per phase. Ratings calculated for summer day, 1m/s wind speed, and air temperatures of 35oC (111 MVA), 30oC (114 MVA), 40oC (106 MVA), 45oC (102 MVA)","1. Plant amount includes: Strain + Structural tower associated costs (steel tower with single earth peak, structural foundation steel, foundation leg steel, climbing barrier, fittings, insulators) and insulator and conductor. 85% suspension, 15% strain and 400m span. Sag and OPGW has been appropriately assigned
2. Civil and structural works includes: Tower concrete footing, soil tests, installation of tower and foundations
3. Electrical works includes: installation of conductor (setup, draw wires,stringing, clamping off), installation of OHEW/OPGW (draw wire, stringing, clamping off)
4. Secondary system and testing and commissioning is accounted in the terminating end in the substation switchbay cost", 66,km,244908.02349048725,230058.03056027164,58900.29371816637,0.0,29218.733839173503,0.0,56722.96306169362,125272.94441353242,85402.17391304347,830483.1629963681
847,Overhead line,HVAC,1 × Uranus DCST 222 MVA,"Overhead lines double circuit single tower, single conductor per phase. Ratings calculated for summer day, 1m/s wind speed, and air temperatures of 35oC (222 MVA), 30oC (228 MVA), 40oC (212 MVA), 45oC (204 MVA)","1. Plant amount includes: Strain + Structural tower associated costs (steel tower with single earth peak, structural foundation steel, foundation leg steel, climbing barrier, fittings, insulators) and insulator and conductor. 85% suspension, 15% strain and 400m span. Sag and OPGW has been appropriately assigned
2. Civil and structural works includes: Tower concrete footing, soil tests, installation of tower and foundations
3. Electrical works includes: installation of conductor (setup, draw wires,stringing, clamping off), installation of OHEW/OPGW (draw wire, stringing, clamping off)
4. Secondary system and testing and commissioning is accounted in the terminating end in the substation switchbay cost", 66,km,290971.6030162413,230058.03056027164,117800.58743633275,0.0,33307.5,0.0,60811.5,125272.94441353242,85402.17391304347,943624.3393394215
848,Overhead line,HVAC,Stage 1 development: 1 × Uranus DCST 222 MVA,"Construction of a double circuit tower with initially a single circuit strung. This reflects stage 1 of developing an Overhead lines double circuit single tower, single conductor per phase. Ratings calculated for summer day, 1m/s wind speed, and air temperatures of 35oC (222 MVA), 30oC (228 MVA), 40oC (212 MVA), 45oC (204 MVA)","1. Plant amount includes: Strain + Structural tower associated costs (steel tower with single earth peak, structural foundation steel, foundation leg steel, climbing barrier, fittings, insulators) and insulator and conductor. 85% suspension, 15% strain and 400m span. Sag and OPGW has been appropriately assigned
2. Civil and structural works includes: Tower concrete footing, soil tests, installation of tower and foundations
3. Electrical works includes: installation of conductor (setup, draw wires,stringing, clamping off), installation of OHEW/OPGW (draw wire, stringing, clamping off)
4. Secondary system and testing and commissioning is accounted in the terminating end in the substation switchbay cost", 66,km,218228.70226218097,230058.03056027164,58900.29371816637,0.0,33307.5,0.0,60811.5,125272.94441353242,85402.17391304347,811981.1448671948
849,Overhead line,HVAC,Stage 2 development: 1 × Uranus DCST 222 MVA,"Second circuit strung on the vacant side of the double circuit tower. This reflects stage 2 of developing an Overhead lines double circuit single tower, single conductor per phase. Ratings calculated for summer day, 1m/s wind speed, and air temperatures of 35oC (222 MVA), 30oC (228 MVA), 40oC (212 MVA), 45oC (204 MVA)","1. Plant amount includes: Strain + Structural tower associated costs (steel tower with single earth peak, structural foundation steel, foundation leg steel, climbing barrier, fittings, insulators) and insulator and conductor. 85% suspension, 15% strain and 400m span. Sag and OPGW has been appropriately assigned
2. Civil and structural works includes: Tower concrete footing, soil tests, installation of tower and foundations
3. Electrical works includes: installation of conductor (setup, draw wires,stringing, clamping off), installation of OHEW/OPGW (draw wire, stringing, clamping off)
4. Secondary system and testing and commissioning is accounted in the terminating end in the substation switchbay cost", 66,km,72742.90075406032,0.0,58900.29371816637,0.0,0.0,0.0,60811.5,0.0,0.0,192454.6944722267
850,Overhead line,HVAC,1 × Taurus SCST 86 MVA,"Overhead lines single circuit single tower, single conductor per phase. Ratings calculated for summer day, 1m/s wind speed, and air temperatures of 35oC (86 MVA), 30oC (89 MVA), 40oC (84 MVA), 45oC (81 MVA)","1. Plant amount includes: Strain + Structural tower associated costs (steel tower with single earth peak, structural foundation steel, foundation leg steel, climbing barrier, fittings, insulators) and insulator and conductor. 85% suspension, 15% strain and 400m span. Sag and OPGW has been appropriately assigned
2. Civil and structural works includes: Tower concrete footing, soil tests, installation of tower and foundations
3. Electrical works includes: installation of conductor (setup, draw wires,stringing, clamping off), installation of OHEW/OPGW (draw wire, stringing, clamping off)
4. Secondary system and testing and commissioning is accounted in the terminating end in the substation switchbay cost", 66,km,231626.10620521175,230058.03056027164,58900.29371816637,0.0,29218.733839173503,0.0,56722.96306169362,125272.94441353242,85402.17391304347,817201.2457110927
851,Overhead line,HVAC,1 × Taurus DCST 172 MVA,"Overhead lines double circuit single tower, single conductor per phase. Ratings calculated for summer day, 1m/s wind speed, and air temperatures of 35oC (172 MVA), 30oC (178 MVA), 40oC (168 MVA), 45oC (162 MVA)","1. Plant amount includes: Strain + Structural tower associated costs (steel tower with single earth peak, structural foundation steel, foundation leg steel, climbing barrier, fittings, insulators) and insulator and conductor. 85% suspension, 15% strain and 400m span. Sag and OPGW has been appropriately assigned
2. Civil and structural works includes: Tower concrete footing, soil tests, installation of tower and foundations
3. Electrical works includes: installation of conductor (setup, draw wires,stringing, clamping off), installation of OHEW/OPGW (draw wire, stringing, clamping off)
4. Secondary system and testing and commissioning is accounted in the terminating end in the substation switchbay cost", 66,km,255407.9054145977,230058.03056027164,117800.58743633275,0.0,33307.5,0.0,60811.5,125272.94441353242,85402.17391304347,908060.641737778
852,Overhead line,HVAC,Stage 1 development: 1 × Taurus DCST 172 MVA,"Construction of a double circuit tower with initially a single circuit strung. This reflects stage 1 of developing an Overhead lines double circuit single tower, single conductor per phase. Ratings calculated for summer day, 1m/s wind speed, and air temperatures of 35oC (172 MVA), 30oC (178 MVA), 40oC (168 MVA), 45oC (162 MVA)","1. Plant amount includes: Strain + Structural tower associated costs (steel tower with single earth peak, structural foundation steel, foundation leg steel, climbing barrier, fittings, insulators) and insulator and conductor. 85% suspension, 15% strain and 400m span. Sag and OPGW has been appropriately assigned
2. Civil and structural works includes: Tower concrete footing, soil tests, installation of tower and foundations
3. Electrical works includes: installation of conductor (setup, draw wires,stringing, clamping off), installation of OHEW/OPGW (draw wire, stringing, clamping off)
4. Secondary system and testing and commissioning is accounted in the terminating end in the substation switchbay cost", 66,km,191555.92906094829,230058.03056027164,58900.29371816637,0.0,33307.5,0.0,60811.5,125272.94441353242,85402.17391304347,785308.3716659623
853,Overhead line,HVAC,Stage 2 development: 1 × Taurus DCST 172 MVA,"Second circuit strung on the vacant side of the double circuit tower. This reflects stage 2 of developing an Overhead lines double circuit single tower, single conductor per phase. Ratings calculated for summer day, 1m/s wind speed, and air temperatures of 35oC (172 MVA), 30oC (178 MVA), 40oC (168 MVA), 45oC (162 MVA)","1. Plant amount includes: Strain + Structural tower associated costs (steel tower with single earth peak, structural foundation steel, foundation leg steel, climbing barrier, fittings, insulators) and insulator and conductor. 85% suspension, 15% strain and 400m span. Sag and OPGW has been appropriately assigned
2. Civil and structural works includes: Tower concrete footing, soil tests, installation of tower and foundations
3. Electrical works includes: installation of conductor (setup, draw wires,stringing, clamping off), installation of OHEW/OPGW (draw wire, stringing, clamping off)
4. Secondary system and testing and commissioning is accounted in the terminating end in the substation switchbay cost", 66,km,63851.97635364943,0.0,58900.29371816637,0.0,0.0,0.0,60811.5,0.0,0.0,183563.77007181582
854,Overhead line,HVAC,1 × Neptune SCST 55 MVA,"Overhead lines single circuit single tower, single conductor per phase. Ratings calculated for summer day, 1m/s wind speed, and air temperatures of 35oC (55 MVA), 30oC (56 MVA), 40oC (53 MVA), 45oC (51 MVA)","1. Plant amount includes: Strain + Structural tower associated costs (steel tower with single earth peak, structural foundation steel, foundation leg steel, climbing barrier, fittings, insulators) and insulator and conductor. 85% suspension, 15% strain and 400m span. Sag and OPGW has been appropriately assigned
2. Civil and structural works includes: Tower concrete footing, soil tests, installation of tower and foundations
3. Electrical works includes: installation of conductor (setup, draw wires,stringing, clamping off), installation of OHEW/OPGW (draw wire, stringing, clamping off)
4. Secondary system and testing and commissioning is accounted in the terminating end in the substation switchbay cost", 66,km,158006.58764008828,230058.03056027164,58900.29371816637,0.0,29218.733839173503,0.0,56722.96306169362,125272.94441353242,85402.17391304347,743581.7271459693
855,Overhead line,HVAC,1 × Neptune DCST 110 MVA,"Overhead lines double circuit single tower, single conductor per phase. Ratings calculated for summer day, 1m/s wind speed, and air temperatures of 35oC (110 MVA), 30oC (112 MVA), 40oC (106 MVA), 45oC (102 MVA)","1. Plant amount includes: Strain + Structural tower associated costs (steel tower with single earth peak, structural foundation steel, foundation leg steel, climbing barrier, fittings, insulators) and insulator and conductor. 85% suspension, 15% strain and 400m span. Sag and OPGW has been appropriately assigned
2. Civil and structural works includes: Tower concrete footing, soil tests, installation of tower and foundations
3. Electrical works includes: installation of conductor (setup, draw wires,stringing, clamping off), installation of OHEW/OPGW (draw wire, stringing, clamping off)
4. Secondary system and testing and commissioning is accounted in the terminating end in the substation switchbay cost", 66,km,185475.07400520297,230058.03056027164,117800.58743633275,0.0,33307.5,0.0,60811.5,125272.94441353242,85402.17391304347,838127.8103283832
856,Overhead line,HVAC,Stage 1 development: 1 × Neptune DCST 110 MVA,"Construction of a double circuit tower with initially a single circuit strung. This reflects stage 1 of developing an Overhead lines double circuit single tower, single conductor per phase. Ratings calculated for summer day, 1m/s wind speed, and air temperatures of 35oC (110 MVA), 30oC (112 MVA), 40oC (106 MVA), 45oC (102 MVA)","1. Plant amount includes: Strain + Structural tower associated costs (steel tower with single earth peak, structural foundation steel, foundation leg steel, climbing barrier, fittings, insulators) and insulator and conductor. 85% suspension, 15% strain and 400m span. Sag and OPGW has been appropriately assigned
2. Civil and structural works includes: Tower concrete footing, soil tests, installation of tower and foundations
3. Electrical works includes: installation of conductor (setup, draw wires,stringing, clamping off), installation of OHEW/OPGW (draw wire, stringing, clamping off)
4. Secondary system and testing and commissioning is accounted in the terminating end in the substation switchbay cost", 66,km,139106.30550390223,230058.03056027164,58900.29371816637,0.0,33307.5,0.0,60811.5,125272.94441353242,85402.17391304347,732858.7481089161
857,Overhead line,HVAC,Stage 2 development: 1 × Neptune DCST 110 MVA,"Second circuit strung on the vacant side of the double circuit tower. This reflects stage 2 of developing an Overhead lines double circuit single tower, single conductor per phase. Ratings calculated for summer day, 1m/s wind speed, and air temperatures of 35oC (110 MVA), 30oC (112 MVA), 40oC (106 MVA), 45oC (102 MVA)","1. Plant amount includes: Strain + Structural tower associated costs (steel tower with single earth peak, structural foundation steel, foundation leg steel, climbing barrier, fittings, insulators) and insulator and conductor. 85% suspension, 15% strain and 400m span. Sag and OPGW has been appropriately assigned
2. Civil and structural works includes: Tower concrete footing, soil tests, installation of tower and foundations
3. Electrical works includes: installation of conductor (setup, draw wires,stringing, clamping off), installation of OHEW/OPGW (draw wire, stringing, clamping off)
4. Secondary system and testing and commissioning is accounted in the terminating end in the substation switchbay cost", 66,km,46368.76850130074,0.0,58900.29371816637,0.0,0.0,0.0,60811.5,0.0,0.0,166080.56221946713
858,Overhead line,HVAC,3 × Neptune SCST 82 MVA,"Overhead lines single circuit single tower, triple conductor per phase. Ratings calculated for summer day, 1m/s wind speed, and air temperatures of 35oC (82 MVA), 30oC (84 MVA), 40oC (79 MVA), 45oC (77 MVA)","1. Plant amount includes: Strain + Structural tower associated costs (steel tower with single earth peak, structural foundation steel, foundation leg steel, climbing barrier, fittings, insulators) and insulator and conductor. 85% suspension, 15% strain and 400m span. Sag and OPGW has been appropriately assigned
2. Civil and structural works includes: Tower concrete footing, soil tests, installation of tower and foundations
3. Electrical works includes: installation of conductor (setup, draw wires,stringing, clamping off), installation of OHEW/OPGW (draw wire, stringing, clamping off)
4. Secondary system and testing and commissioning is accounted in the terminating end in the substation switchbay cost", 33,km,136344.394173302,172543.52292020374,53010.26434634974,0.0,21914.050379380125,0.0,42542.222296270214,100218.35553082594,68321.73913043478,594894.5487767665
859,Overhead line,HVAC,3 × Neptune DCST 164 MVA,"Overhead lines double circuit single tower, triple conductor per phase. Ratings calculated for summer day, 1m/s wind speed, and air temperatures of 35oC (164 MVA), 30oC (168 MVA), 40oC (158 MVA), 45oC (154 MVA)","1. Plant amount includes: Strain + Structural tower associated costs (steel tower with single earth peak, structural foundation steel, foundation leg steel, climbing barrier, fittings, insulators) and insulator and conductor. 85% suspension, 15% strain and 400m span. Sag and OPGW has been appropriately assigned
2. Civil and structural works includes: Tower concrete footing, soil tests, installation of tower and foundations
3. Electrical works includes: installation of conductor (setup, draw wires,stringing, clamping off), installation of OHEW/OPGW (draw wire, stringing, clamping off)
4. Secondary system and testing and commissioning is accounted in the terminating end in the substation switchbay cost", 33,km,175038.26482020086,172543.52292020374,106020.52869269947,0.0,24980.625,0.0,45608.625,100218.35553082594,68321.73913043478,692731.6610943648
860,Overhead line,HVAC,Stage 1 development: 3 × Neptune DCST 164 MVA,"Construction of a double circuit tower with initially a single circuit strung. This reflects stage 1 of developing an Overhead lines double circuit single tower, triple conductor per phase. Ratings calculated for summer day, 1m/s wind speed, and air temperatures of 35oC (164 MVA), 30oC (168 MVA), 40oC (158 MVA), 45oC (154 MVA)","1. Plant amount includes: Strain + Structural tower associated costs (steel tower with single earth peak, structural foundation steel, foundation leg steel, climbing barrier, fittings, insulators) and insulator and conductor. 85% suspension, 15% strain and 400m span. Sag and OPGW has been appropriately assigned
2. Civil and structural works includes: Tower concrete footing, soil tests, installation of tower and foundations
3. Electrical works includes: installation of conductor (setup, draw wires,stringing, clamping off), installation of OHEW/OPGW (draw wire, stringing, clamping off)
4. Secondary system and testing and commissioning is accounted in the terminating end in the substation switchbay cost", 33,km,131278.69861515064,172543.52292020374,53010.26434634974,0.0,24980.625,0.0,45608.625,100218.35553082594,68321.73913043478,595961.8305429649
861,Overhead line,HVAC,Stage 2 development: 3 × Neptune DCST 164 MVA,"Second circuit strung on the vacant side of the double circuit tower. This reflects stage 2 of developing an Overhead lines double circuit single tower, triple conductor per phase. Ratings calculated for summer day, 1m/s wind speed, and air temperatures of 35oC (164 MVA), 30oC (168 MVA), 40oC (158 MVA), 45oC (154 MVA)","1. Plant amount includes: Strain + Structural tower associated costs (steel tower with single earth peak, structural foundation steel, foundation leg steel, climbing barrier, fittings, insulators) and insulator and conductor. 85% suspension, 15% strain and 400m span. Sag and OPGW has been appropriately assigned
2. Civil and structural works includes: Tower concrete footing, soil tests, installation of tower and foundations
3. Electrical works includes: installation of conductor (setup, draw wires,stringing, clamping off), installation of OHEW/OPGW (draw wire, stringing, clamping off)
4. Secondary system and testing and commissioning is accounted in the terminating end in the substation switchbay cost", 33,km,43759.566205050214,0.0,53010.26434634974,0.0,0.0,0.0,45608.625,0.0,0.0,142378.45555139997
862,Overhead line,HVAC,1 × Uranus SCST 55 MVA,"Overhead lines single circuit single tower, single conductor per phase. Ratings calculated for summer day, 1m/s wind speed, and air temperatures of 35oC (55 MVA), 30oC (57 MVA), 40oC (53 MVA), 45oC (51 MVA)","1. Plant amount includes: Strain + Structural tower associated costs (steel tower with single earth peak, structural foundation steel, foundation leg steel, climbing barrier, fittings, insulators) and insulator and conductor. 85% suspension, 15% strain and 400m span. Sag and OPGW has been appropriately assigned
2. Civil and structural works includes: Tower concrete footing, soil tests, installation of tower and foundations
3. Electrical works includes: installation of conductor (setup, draw wires,stringing, clamping off), installation of OHEW/OPGW (draw wire, stringing, clamping off)
4. Secondary system and testing and commissioning is accounted in the terminating end in the substation switchbay cost", 33,km,183681.01761786544,172543.52292020374,44175.22028862478,0.0,21914.050379380125,0.0,42542.222296270214,100218.35553082594,68321.73913043478,633396.128163605
863,Overhead line,HVAC,1 × Uranus DCST 110 MVA,"Overhead lines double circuit single tower, single conductor per phase. Ratings calculated for summer day, 1m/s wind speed, and air temperatures of 35oC (110 MVA), 30oC (114 MVA), 40oC (106 MVA), 45oC (102 MVA)","1. Plant amount includes: Strain + Structural tower associated costs (steel tower with single earth peak, structural foundation steel, foundation leg steel, climbing barrier, fittings, insulators) and insulator and conductor. 85% suspension, 15% strain and 400m span. Sag and OPGW has been appropriately assigned
2. Civil and structural works includes: Tower concrete footing, soil tests, installation of tower and foundations
3. Electrical works includes: installation of conductor (setup, draw wires,stringing, clamping off), installation of OHEW/OPGW (draw wire, stringing, clamping off)
4. Secondary system and testing and commissioning is accounted in the terminating end in the substation switchbay cost", 33,km,218228.70226218097,172543.52292020374,88350.44057724957,0.0,24980.625,0.0,45608.625,100218.35553082594,68321.73913043478,718252.010420895
864,Overhead line,HVAC,Stage 1 development: 1 × Uranus DCST 110 MVA,"Construction of a double circuit tower with initially a single circuit strung. This reflects stage 1 of developing an Overhead lines double circuit single tower, single conductor per phase. Ratings calculated for summer day, 1m/s wind speed, and air temperatures of 35oC (110 MVA), 30oC (114 MVA), 40oC (106 MVA), 45oC (102 MVA)","1. Plant amount includes: Strain + Structural tower associated costs (steel tower with single earth peak, structural foundation steel, foundation leg steel, climbing barrier, fittings, insulators) and insulator and conductor. 85% suspension, 15% strain and 400m span. Sag and OPGW has been appropriately assigned
2. Civil and structural works includes: Tower concrete footing, soil tests, installation of tower and foundations
3. Electrical works includes: installation of conductor (setup, draw wires,stringing, clamping off), installation of OHEW/OPGW (draw wire, stringing, clamping off)
4. Secondary system and testing and commissioning is accounted in the terminating end in the substation switchbay cost", 33,km,163671.52669663573,172543.52292020374,44175.22028862478,0.0,24980.625,0.0,45608.625,100218.35553082594,68321.73913043478,619519.614566725
865,Overhead line,HVAC,Stage 2 development: 1 × Uranus DCST 110 MVA,"Second circuit strung on the vacant side of the double circuit tower. This reflects stage 2 of developing an Overhead lines double circuit single tower, single conductor per phase. Ratings calculated for summer day, 1m/s wind speed, and air temperatures of 35oC (110 MVA), 30oC (114 MVA), 40oC (106 MVA), 45oC (102 MVA)","1. Plant amount includes: Strain + Structural tower associated costs (steel tower with single earth peak, structural foundation steel, foundation leg steel, climbing barrier, fittings, insulators) and insulator and conductor. 85% suspension, 15% strain and 400m span. Sag and OPGW has been appropriately assigned
2. Civil and structural works includes: Tower concrete footing, soil tests, installation of tower and foundations
3. Electrical works includes: installation of conductor (setup, draw wires,stringing, clamping off), installation of OHEW/OPGW (draw wire, stringing, clamping off)
4. Secondary system and testing and commissioning is accounted in the terminating end in the substation switchbay cost", 33,km,54557.17556554524,0.0,44175.22028862478,0.0,0.0,0.0,45608.625,0.0,0.0,144341.02085417003
866,Overhead line,HVAC,1 × Taurus SCST 43 MVA,"Overhead lines single circuit single tower, single conductor per phase. Ratings calculated for summer day, 1m/s wind speed, and air temperatures of 35oC (43 MVA), 30oC (45 MVA), 40oC (42 MVA), 45oC (41 MVA)","1. Plant amount includes: Strain + Structural tower associated costs (steel tower with single earth peak, structural foundation steel, foundation leg steel, climbing barrier, fittings, insulators) and insulator and conductor. 85% suspension, 15% strain and 400m span. Sag and OPGW has been appropriately assigned
2. Civil and structural works includes: Tower concrete footing, soil tests, installation of tower and foundations
3. Electrical works includes: installation of conductor (setup, draw wires,stringing, clamping off), installation of OHEW/OPGW (draw wire, stringing, clamping off)
4. Secondary system and testing and commissioning is accounted in the terminating end in the substation switchbay cost", 33,km,173719.57965390882,172543.52292020374,44175.22028862478,0.0,21914.050379380125,0.0,42542.222296270214,100218.35553082594,68321.73913043478,623434.6901996484
867,Overhead line,HVAC,1 × Taurus DCST 86 MVA,"Overhead lines double circuit single tower, single conductor per phase. Ratings calculated for summer day, 1m/s wind speed, and air temperatures of 35oC (86 MVA), 30oC (90 MVA), 40oC (84 MVA), 45oC (82 MVA)","1. Plant amount includes: Strain + Structural tower associated costs (steel tower with single earth peak, structural foundation steel, foundation leg steel, climbing barrier, fittings, insulators) and insulator and conductor. 85% suspension, 15% strain and 400m span. Sag and OPGW has been appropriately assigned
2. Civil and structural works includes: Tower concrete footing, soil tests, installation of tower and foundations
3. Electrical works includes: installation of conductor (setup, draw wires,stringing, clamping off), installation of OHEW/OPGW (draw wire, stringing, clamping off)
4. Secondary system and testing and commissioning is accounted in the terminating end in the substation switchbay cost", 33,km,191555.92906094829,172543.52292020374,88350.44057724957,0.0,24980.625,0.0,45608.625,100218.35553082594,68321.73913043478,691579.2372196624
868,Overhead line,HVAC,Stage 1 development: 1 × Taurus DCST 86 MVA,"Construction of a double circuit tower with initially a single circuit strung. This reflects stage 1 of developing an Overhead lines double circuit single tower, single conductor per phase. Ratings calculated for summer day, 1m/s wind speed, and air temperatures of 35oC (86 MVA), 30oC (90 MVA), 40oC (84 MVA), 45oC (82 MVA)","1. Plant amount includes: Strain + Structural tower associated costs (steel tower with single earth peak, structural foundation steel, foundation leg steel, climbing barrier, fittings, insulators) and insulator and conductor. 85% suspension, 15% strain and 400m span. Sag and OPGW has been appropriately assigned
2. Civil and structural works includes: Tower concrete footing, soil tests, installation of tower and foundations
3. Electrical works includes: installation of conductor (setup, draw wires,stringing, clamping off), installation of OHEW/OPGW (draw wire, stringing, clamping off)
4. Secondary system and testing and commissioning is accounted in the terminating end in the substation switchbay cost", 33,km,143666.9467957112,172543.52292020374,44175.22028862478,0.0,24980.625,0.0,45608.625,100218.35553082594,68321.73913043478,599515.0346658004
869,Overhead line,HVAC,Stage 2 development: 1 × Taurus DCST 86 MVA,"Second circuit strung on the vacant side of the double circuit tower. This reflects stage 2 of developing an Overhead lines double circuit single tower, single conductor per phase. Ratings calculated for summer day, 1m/s wind speed, and air temperatures of 35oC (86 MVA), 30oC (90 MVA), 40oC (84 MVA), 45oC (82 MVA)","1. Plant amount includes: Strain + Structural tower associated costs (steel tower with single earth peak, structural foundation steel, foundation leg steel, climbing barrier, fittings, insulators) and insulator and conductor. 85% suspension, 15% strain and 400m span. Sag and OPGW has been appropriately assigned
2. Civil and structural works includes: Tower concrete footing, soil tests, installation of tower and foundations
3. Electrical works includes: installation of conductor (setup, draw wires,stringing, clamping off), installation of OHEW/OPGW (draw wire, stringing, clamping off)
4. Secondary system and testing and commissioning is accounted in the terminating end in the substation switchbay cost", 33,km,47888.98226523707,0.0,44175.22028862478,0.0,0.0,0.0,45608.625,0.0,0.0,137672.82755386186
870,Overhead line,HVAC,3 × Neptune SCST 55 MVA,"Overhead lines single circuit single tower, triple conductor per phase. Ratings calculated for summer day, 1m/s wind speed, and air temperatures of 35oC (55 MVA), 30oC (56 MVA), 40oC (53 MVA), 45oC (51 MVA)","1. Plant amount includes: Strain + Structural tower associated costs (steel tower with single earth peak, structural foundation steel, foundation leg steel, climbing barrier, fittings, insulators) and insulator and conductor. 85% suspension, 15% strain and 400m span. Sag and OPGW has been appropriately assigned
2. Civil and structural works includes: Tower concrete footing, soil tests, installation of tower and foundations
3. Electrical works includes: installation of conductor (setup, draw wires,stringing, clamping off), installation of OHEW/OPGW (draw wire, stringing, clamping off)
4. Secondary system and testing and commissioning is accounted in the terminating end in the substation switchbay cost", 22,km,122709.95475597179,155289.17062818338,47709.237911714765,0.0,19722.645341442112,0.0,38288.000066643195,95207.43775428463,64905.65217391304,543832.098632153
871,Overhead line,HVAC,3 × Neptune DCST 110 MVA,"Overhead lines double circuit single tower, triple conductor per phase. Ratings calculated for summer day, 1m/s wind speed, and air temperatures of 35oC (110 MVA), 30oC (112 MVA), 40oC (106 MVA), 45oC (102 MVA)","1. Plant amount includes: Strain + Structural tower associated costs (steel tower with single earth peak, structural foundation steel, foundation leg steel, climbing barrier, fittings, insulators) and insulator and conductor. 85% suspension, 15% strain and 400m span. Sag and OPGW has been appropriately assigned
2. Civil and structural works includes: Tower concrete footing, soil tests, installation of tower and foundations
3. Electrical works includes: installation of conductor (setup, draw wires,stringing, clamping off), installation of OHEW/OPGW (draw wire, stringing, clamping off)
4. Secondary system and testing and commissioning is accounted in the terminating end in the substation switchbay cost", 22,km,157534.43833818077,155289.17062818338,95418.47582342953,0.0,22482.5625,0.0,41047.762500000004,95207.43775428463,64905.65217391304,631885.4997179914
872,Overhead line,HVAC,Stage 1 development: 3 × Neptune DCST 110 MVA,"Construction of a double circuit tower with initially a single circuit strung. This reflects stage 1 of developing an Overhead lines double circuit single tower, triple conductor per phase. Ratings calculated for summer day, 1m/s wind speed, and air temperatures of 35oC (110 MVA), 30oC (112 MVA), 40oC (106 MVA), 45oC (102 MVA)","1. Plant amount includes: Strain + Structural tower associated costs (steel tower with single earth peak, structural foundation steel, foundation leg steel, climbing barrier, fittings, insulators) and insulator and conductor. 85% suspension, 15% strain and 400m span. Sag and OPGW has been appropriately assigned
2. Civil and structural works includes: Tower concrete footing, soil tests, installation of tower and foundations
3. Electrical works includes: installation of conductor (setup, draw wires,stringing, clamping off), installation of OHEW/OPGW (draw wire, stringing, clamping off)
4. Secondary system and testing and commissioning is accounted in the terminating end in the substation switchbay cost", 22,km,118150.82875363558,155289.17062818338,47709.237911714765,0.0,22482.5625,0.0,41047.762500000004,95207.43775428463,64905.65217391304,544792.6522217314
873,Overhead line,HVAC,Stage 2 development: 3 × Neptune DCST 110 MVA,"Second circuit strung on the vacant side of the double circuit tower. This reflects stage 2 of developing an Overhead lines double circuit single tower, triple conductor per phase. Ratings calculated for summer day, 1m/s wind speed, and air temperatures of 35oC (110 MVA), 30oC (112 MVA), 40oC (106 MVA), 45oC (102 MVA)","1. Plant amount includes: Strain + Structural tower associated costs (steel tower with single earth peak, structural foundation steel, foundation leg steel, climbing barrier, fittings, insulators) and insulator and conductor. 85% suspension, 15% strain and 400m span. Sag and OPGW has been appropriately assigned
2. Civil and structural works includes: Tower concrete footing, soil tests, installation of tower and foundations
3. Electrical works includes: installation of conductor (setup, draw wires,stringing, clamping off), installation of OHEW/OPGW (draw wire, stringing, clamping off)
4. Secondary system and testing and commissioning is accounted in the terminating end in the substation switchbay cost", 22,km,39383.60958454519,0.0,47709.237911714765,0.0,0.0,0.0,41047.762500000004,0.0,0.0,128140.60999625997
874,Overhead line,HVAC,3 × Flourine SCST 26 MVA,"Overhead lines single circuit single tower, triple conductor per phase. Ratings calculated for summer day, 1m/s wind speed, and air temperatures of 35oC (26 MVA), 30oC (27 MVA), 40oC (26 MVA), 45oC (25 MVA)","1. Plant amount includes: Strain + Structural tower associated costs (steel tower with single earth peak, structural foundation steel, foundation leg steel, climbing barrier, fittings, insulators) and insulator and conductor. 85% suspension, 15% strain and 400m span. Sag and OPGW has been appropriately assigned
2. Civil and structural works includes: Tower concrete footing, soil tests, installation of tower and foundations
3. Electrical works includes: installation of conductor (setup, draw wires,stringing, clamping off), installation of OHEW/OPGW (draw wire, stringing, clamping off)
4. Secondary system and testing and commissioning is accounted in the terminating end in the substation switchbay cost", 22,km,99224.20139001872,155289.17062818338,47709.237911714765,0.0,19722.645341442112,0.0,38288.000066643195,95207.43775428463,64905.65217391304,520346.34526619985
875,Overhead line,HVAC,3 × Flourine DCST 52 MVA,"Overhead lines double circuit single tower, triple conductor per phase. Ratings calculated for summer day, 1m/s wind speed, and air temperatures of 35oC (52 MVA), 30oC (54 MVA), 40oC (52 MVA), 45oC (50 MVA)","1. Plant amount includes: Strain + Structural tower associated costs (steel tower with single earth peak, structural foundation steel, foundation leg steel, climbing barrier, fittings, insulators) and insulator and conductor. 85% suspension, 15% strain and 400m span. Sag and OPGW has been appropriately assigned
2. Civil and structural works includes: Tower concrete footing, soil tests, installation of tower and foundations
3. Electrical works includes: installation of conductor (setup, draw wires,stringing, clamping off), installation of OHEW/OPGW (draw wire, stringing, clamping off)
4. Secondary system and testing and commissioning is accounted in the terminating end in the substation switchbay cost", 22,km,115538.54882676195,155289.17062818338,95418.47582342953,0.0,22482.5625,0.0,41047.762500000004,95207.43775428463,64905.65217391304,589889.6102065726
876,Overhead line,HVAC,Stage 1 development: 3 × Flourine DCST 52 MVA,"Construction of a double circuit tower with initially a single circuit strung. This reflects stage 1 of developing an Overhead lines double circuit single tower, triple conductor per phase. Ratings calculated for summer day, 1m/s wind speed, and air temperatures of 35C (52 MVA), 30oC (54 MVA), 40oC (52 MVA), 45oC (50 MVA)","1. Plant amount includes: Strain + Structural tower associated costs (steel tower with single earth peak, structural foundation steel, foundation leg steel, climbing barrier, fittings, insulators) and insulator and conductor. 85% suspension, 15% strain and 400m span. Sag and OPGW has been appropriately assigned
2. Civil and structural works includes: Tower concrete footing, soil tests, installation of tower and foundations
3. Electrical works includes: installation of conductor (setup, draw wires,stringing, clamping off), installation of OHEW/OPGW (draw wire, stringing, clamping off)
4. Secondary system and testing and commissioning is accounted in the terminating end in the substation switchbay cost", 22,km,86653.91162007146,155289.17062818338,47709.237911714765,0.0,22482.5625,0.0,41047.762500000004,95207.43775428463,64905.65217391304,513295.7350881673
877,Overhead line,HVAC,Stage 2 development: 3 × Flourine DCST 52 MVA,"Second circuit strung on the vacant side of the double circuit tower. This reflects stage 2 of developing an Overhead lines double circuit single tower, triple conductor per phase. Ratings calculated for summer day, 1m/s wind speed, and air temperatures of 35oC (52 MVA), 30oC (54 MVA), 40oC (52 MVA), 45oC (50 MVA)","1. Plant amount includes: Strain + Structural tower associated costs (steel tower with single earth peak, structural foundation steel, foundation leg steel, climbing barrier, fittings, insulators) and insulator and conductor. 85% suspension, 15% strain and 400m span. Sag and OPGW has been appropriately assigned
2. Civil and structural works includes: Tower concrete footing, soil tests, installation of tower and foundations
3. Electrical works includes: installation of conductor (setup, draw wires,stringing, clamping off), installation of OHEW/OPGW (draw wire, stringing, clamping off)
4. Secondary system and testing and commissioning is accounted in the terminating end in the substation switchbay cost", 22,km,28884.637206690488,0.0,47709.237911714765,0.0,0.0,0.0,41047.762500000004,0.0,0.0,117641.63761840525
878,Overhead line,HVAC with HTLS conductor,1 × HTLS Conductor SCST 1045 MVA,"Overhead lines single circuit single tower, single HTLS conductor per phase. Ratings calculated for summer day, 1m/s wind speed, and air temperatures of 35oC (1045 MVA), 30oC (1103 MVA), 40oC (994 MVA), 45oC (941 MVA)","1. Plant amount includes: Strain + Structural tower associated costs (steel tower with single earth peak, structural foundation steel, foundation leg steel, climbing barrier, fittings, insulators) and insulator and conductor. 85% suspension, 15% strain and 400m span. Sag and OPGW has been appropriately assigned
2. Civil and structural works includes: Tower concrete footing, soil tests, installation of tower and foundations
3. Electrical works includes: installation of conductor (setup, draw wires,stringing, clamping off), installation of OHEW/OPGW (draw wire, stringing, clamping off)
4. Secondary system and testing and commisioning is accounted in the terminating end in the substation switchbay cost", 330,km,599944.7291174299,432979.4906621391,108984.0,0.0,57230.7,0.0,104973.7,256113.57524544402,176010.0,1736236.1950250128
879,Overhead line,HVAC with HTLS conductor,2 × HTLS Conductor SCST 1302 MVA,"Overhead lines single circuit single tower, twin HTLS conductor per phase. Ratings calculated for summer day, 1m/s wind speed, and air temperatures of 35oC (1302 MVA), 30oC (1375 MVA), 40oC (1237 MVA), 45oC (1172 MVA)","1. Plant amount includes: Strain + Structural tower associated costs (steel tower with single earth peak, structural foundation steel, foundation leg steel, climbing barrier, fittings, insulators) and insulator and conductor. 85% suspension, 15% strain and 400m span. Sag and OPGW has been appropriately assigned
2. Civil and structural works includes: Tower concrete footing, soil tests, installation of tower and foundations
3. Electrical works includes: installation of conductor (setup, draw wires,stringing, clamping off), installation of OHEW/OPGW (draw wire, stringing, clamping off)
4. Secondary system and testing and commisioning is accounted in the terminating end in the substation switchbay cost", 330,km,756246.6674995617,432979.4906621391,193951.2448217317,0.0,63407.2669319705,0.0,111150.45728049596,256113.57524544402,176010.0,1989858.7024413429
880,Overhead line,HVAC with HTLS conductor,2 × HTLS Conductor DCST 2090 MVA,"Overhead lines double circuit single tower, twin HTLS conductor per phase. Ratings calculated for summer day, 1m/s wind speed, and air temperatures of 35oC (2090 MVA), 30oC (2206 MVA), 40oC (1987 MVA), 45oC (1882 MVA)","1. Plant amount includes: Strain + Structural tower associated costs (steel tower with single earth peak, structural foundation steel, foundation leg steel, climbing barrier, fittings, insulators) and insulator and conductor. 85% suspension, 15% strain and 400m span. Sag and OPGW has been appropriately assigned
2. Civil and structural works includes: Tower concrete footing, soil tests, installation of tower and foundations
3. Electrical works includes: installation of conductor (setup, draw wires,stringing, clamping off), installation of OHEW/OPGW (draw wire, stringing, clamping off)
4. Secondary system and testing and commisioning is accounted in the terminating end in the substation switchbay cost", 330,km,742026.4267711316,432979.4906621391,387902.4896434634,0.0,78364.82639633601,0.0,126108.01674486147,256113.57524544402,176010.0,2199504.8254633755
881,Overhead line,HVAC with HTLS conductor,Stage 1 development:2 × HTLS Conductor DCST 2090 MVA,"Construction of a double circuit tower with initially a single circuit strung. This reflects stage 1 of developing an Overhead lines double circuit single tower, twin conductor per phase. Ratings calculated for summer day, 1m/s wind speed, and air temperatures of 35oC (2090 MVA), 30oC (2206 MVA), 40oC (1987 MVA), 45oC (1882 MVA)","1. Plant amount includes: Strain + Structural tower associated costs (steel tower with single earth peak, structural foundation steel, foundation leg steel, climbing barrier, fittings, insulators) and insulator and conductor. 85% suspension, 15% strain and 400m span. Sag and OPGW has been appropriately assigned
2. Civil and structural works includes: Tower concrete footing, soil tests, installation of tower and foundations
3. Electrical works includes: installation of conductor (setup, draw wires,stringing, clamping off), installation of OHEW/OPGW (draw wire, stringing, clamping off)
4. Secondary system and testing and commissioning is accounted in the terminating end in the substation switchbay cost", 330,km,556519.8200783487,432979.4906621391,193951.2448217317,0.0,78364.82639633601,0.0,126108.01674486147,256113.57524544402,176010.0,1820046.973948861
882,Overhead line,HVAC with HTLS conductor,Stage 2 development: 2 × HTLS Conductor DCST 2090 MVA,"Second circuit strung on the vacant side of the double circuit tower. This reflects stage 2 of developing an Overhead lines double circuit single tower, twin conductors per phase. Ratings calculated for summer day, 1m/s wind speed, and air temperatures of 35oC (2090 MVA), 30oC (2206 MVA), 40oC (1987 MVA), 45oC (1882 MVA)","1. Plant amount includes: Strain + Structural tower associated costs (steel tower with single earth peak, structural foundation steel, foundation leg steel, climbing barrier, fittings, insulators) and insulator and conductor. 85% suspension, 15% strain and 400m span. Sag and OPGW has been appropriately assigned
2. Civil and structural works includes: Tower concrete footing, soil tests, installation of tower and foundations
3. Electrical works includes: installation of conductor (setup, draw wires,stringing, clamping off), installation of OHEW/OPGW (draw wire, stringing, clamping off)
4. Secondary system and testing and commissioning is accounted in the terminating end in the substation switchbay cost", 330,km,185506.6066927829,0.0,193951.2448217317,0.0,0.0,0.0,126108.01674486147,0.0,0.0,505565.86825937603
883,Overhead line,HVAC with HTLS conductor,2 × HTLS Conductor DCST 2604 MVA,"Overhead lines double circuit single tower, twin HTLS conductor per phase. Ratings calculated for summer day, 1m/s wind speed, and air temperatures of 35oC (2604 MVA), 30oC (2750 MVA), 40oC (2474 MVA), 45oC (2343 MVA)","1. Plant amount includes: Strain + Structural tower associated costs (steel tower with single earth peak, structural foundation steel, foundation leg steel, climbing barrier, fittings, insulators) and insulator and conductor. 85% suspension, 15% strain and 400m span. Sag and OPGW has been appropriately assigned
2. Civil and structural works includes: Tower concrete footing, soil tests, installation of tower and foundations
3. Electrical works includes: installation of conductor (setup, draw wires,stringing, clamping off), installation of OHEW/OPGW (draw wire, stringing, clamping off)
4. Secondary system and testing and commisioning is accounted in the terminating end in the substation switchbay cost", 330,km,966330.4620279749,432979.4906621391,387902.4896434634,0.0,78364.82639633601,0.0,126108.01674486147,256113.57524544402,176010.0,2423808.860720219
884,Overhead line,HVAC with HTLS conductor,Stage 1 development:2 × HTLS Conductor DCST 2604 MVA,"Construction of a double circuit tower with initially a single circuit strung. This reflects stage 1 of developing an Overhead lines double circuit single tower, twin conductor per phase. Ratings calculated for summer day, 1m/s wind speed, and air temperatures of 35oC (2604 MVA), 30oC (2750 MVA), 40oC (2474 MVA), 45oC (2343 MVA)","1. Plant amount includes: Strain + Structural tower associated costs (steel tower with single earth peak, structural foundation steel, foundation leg steel, climbing barrier, fittings, insulators) and insulator and conductor. 85% suspension, 15% strain and 400m span. Sag and OPGW has been appropriately assigned
2. Civil and structural works includes: Tower concrete footing, soil tests, installation of tower and foundations
3. Electrical works includes: installation of conductor (setup, draw wires,stringing, clamping off), installation of OHEW/OPGW (draw wire, stringing, clamping off)
4. Secondary system and testing and commissioning is accounted in the terminating end in the substation switchbay cost", 330,km,724747.8465209812,432979.4906621391,193951.2448217317,0.0,78364.82639633601,0.0,126108.01674486147,256113.57524544402,176010.0,1988275.0003914933
885,Overhead line,HVAC with HTLS conductor,Stage 2 development: 2 × HTLS Conductor DCST 2604 MVA,"Second circuit strung on the vacant side of the double circuit tower. This reflects stage 2 of developing an Overhead lines double circuit single tower, twin conductors per phase. Ratings calculated for summer day, 1m/s wind speed, and air temperatures of 35oC (2604 MVA), 30oC (2750 MVA), 40oC (2474 MVA), 45oC (2343 MVA)","1. Plant amount includes: Strain + Structural tower associated costs (steel tower with single earth peak, structural foundation steel, foundation leg steel, climbing barrier, fittings, insulators) and insulator and conductor. 85% suspension, 15% strain and 400m span. Sag and OPGW has been appropriately assigned
2. Civil and structural works includes: Tower concrete footing, soil tests, installation of tower and foundations
3. Electrical works includes: installation of conductor (setup, draw wires,stringing, clamping off), installation of OHEW/OPGW (draw wire, stringing, clamping off)
4. Secondary system and testing and commissioning is accounted in the terminating end in the substation switchbay cost", 330,km,241582.61550699372,0.0,193951.2448217317,0.0,0.0,0.0,126108.01674486147,0.0,0.0,561641.8770735869
886,Overhead line,HVAC with HTLS conductor,2 × HTLS Conductor DCST 2206 MVA,"Overhead lines double circuit single tower, twin HTLS conductor per phase. Ratings calculated for summer day, 1m/s wind speed, and air temperatures of 35oC (2206 MVA), 30oC (2330 MVA), 40oC (2096 MVA), 45oC (1985 MVA)","1. Plant amount includes: Strain + Structural tower associated costs (steel tower with single earth peak, structural foundation steel, foundation leg steel, climbing barrier, fittings, insulators) and insulator and conductor. 85% suspension, 15% strain and 400m span. Sag and OPGW has been appropriately assigned
2. Civil and structural works includes: Tower concrete footing, soil tests, installation of tower and foundations
3. Electrical works includes: installation of conductor (setup, draw wires,stringing, clamping off), installation of OHEW/OPGW (draw wire, stringing, clamping off)
4. Secondary system and testing and commisioning is accounted in the terminating end in the substation switchbay cost", 275,km,1056315.3481000636,412224.7198641766,371037.16400679114,0.0,72995.23794403486,0.0,116246.37288594728,227479.75937949377,156198.63354037268,2412497.23572088
887,Overhead line,HVAC with HTLS conductor,Stage 1 development: 2 × HTLS Conductor DCST 2206 MVA,"Construction of a double circuit tower with initially a single circuit strung. This reflects stage 1 of developing an Overhead lines double circuit single tower, twin conductor per phase.  Ratings calculated for summer day, 1m/s wind speed, and air temperatures of 35oC (2206 MVA), 30oC (2330 MVA), 40oC (2096 MVA), 45oC (1985 MVA)","1. Plant amount includes: Strain + Structural tower associated costs (steel tower with single earth peak, structural foundation steel, foundation leg steel, climbing barrier, fittings, insulators) and insulator and conductor. 85% suspension, 15% strain and 400m span. Sag and OPGW has been appropriately assigned
2. Civil and structural works includes: Tower concrete footing, soil tests, installation of tower and foundations
3. Electrical works includes: installation of conductor (setup, draw wires,stringing, clamping off), installation of OHEW/OPGW (draw wire, stringing, clamping off)
4. Secondary system and testing and commissioning is accounted in the terminating end in the substation switchbay cost", 275,km,792236.5110750478,412224.7198641766,185518.58200339557,0.0,72995.23794403486,0.0,116246.37288594728,227479.75937949377,156198.63354037268,1962899.8166924685
888,Overhead line,HVAC with HTLS conductor,Stage 2 development: 2 × HTLS Conductor DCST 2206 MVA,"Second circuit strung on the vacant side of the double circuit tower. This reflects stage 2 of developing an Overhead lines double circuit single tower, twin conductors per phase.  Ratings calculated for summer day, 1m/s wind speed, and air temperatures of 35oC (2206 MVA), 30oC (2330 MVA), 40oC (2096 MVA), 45oC (1985 MVA)","1. Plant amount includes: Strain + Structural tower associated costs (steel tower with single earth peak, structural foundation steel, foundation leg steel, climbing barrier, fittings, insulators) and insulator and conductor. 85% suspension, 15% strain and 400m span. Sag and OPGW has been appropriately assigned
2. Civil and structural works includes: Tower concrete footing, soil tests, installation of tower and foundations
3. Electrical works includes: installation of conductor (setup, draw wires,stringing, clamping off), installation of OHEW/OPGW (draw wire, stringing, clamping off)
4. Secondary system and testing and commissioning is accounted in the terminating end in the substation switchbay cost", 275,km,264078.8370250159,0.0,185518.58200339557,0.0,0.0,0.0,116246.37288594728,0.0,0.0,565843.7919143587
889,Overhead line,HVAC with HTLS conductor,2 × HTLS Conductor SCST 912 MVA,"Overhead lines single circuit single tower, twin HTLS conductor per phase.  Ratings calculated for summer day, 1m/s wind speed, and air temperatures of 35oC (912 MVA), 30oC (962 MVA), 40oC (866 MVA), 45oC (820 MVA)","1. Plant amount includes: Strain + Structural tower associated costs (steel tower with single earth peak, structural foundation steel, foundation leg steel, climbing barrier, fittings, insulators) and insulator and conductor. 85% suspension, 15% strain and 400m span. Sag and OPGW has been appropriately assigned
2. Civil and structural works includes: Tower concrete footing, soil tests, installation of tower and foundations
3. Electrical works includes: installation of conductor (setup, draw wires,stringing, clamping off), installation of OHEW/OPGW (draw wire, stringing, clamping off)
4. Secondary system and testing and commisioning is accounted in the terminating end in the substation switchbay cost", 275,km,638991.2017011351,412224.7198641766,185518.58200339557,0.0,58736.8798774017,0.0,101988.01481931412,227479.75937949377,156198.63354037268,1781137.7911852896
890,Overhead line,HVAC with HTLS conductor,2 × HTLS Conductor SCST 1214 MVA,"Overhead lines single circuit single tower, twin HTLS conductor per phase.  Ratings calculated for summer day, 1m/s wind speed, and air temperatures of 35oC (1214 MVA), 30oC (1281 MVA), 40oC (1154 MVA), 45oC (1093 MVA)","1. Plant amount includes: Strain + Structural tower associated costs (steel tower with single earth peak, structural foundation steel, foundation leg steel, climbing barrier, fittings, insulators) and insulator and conductor. 85% suspension, 15% strain and 400m span. Sag and OPGW has been appropriately assigned
2. Civil and structural works includes: Tower concrete footing, soil tests, installation of tower and foundations
3. Electrical works includes: installation of conductor (setup, draw wires,stringing, clamping off), installation of OHEW/OPGW (draw wire, stringing, clamping off)
4. Secondary system and testing and commisioning is accounted in the terminating end in the substation switchbay cost", 275,km,903806.2012492749,412224.7198641766,185518.58200339557,0.0,58736.8798774017,0.0,101988.01481931412,227479.75937949377,156198.63354037268,2045952.7907334291
891,Overhead line,HVAC with HTLS conductor,2 × HTLS Conductor DCST 1724 MVA,"Overhead lines double circuit single tower, twin HTLS conductor per phase.  Ratings calculated for summer day, 1m/s wind speed, and air temperatures of 35oC (1724 MVA), 30oC (1820 MVA), 40oC (1638 MVA), 45oC (1552 MVA)","1. Plant amount includes: Strain + Structural tower associated costs (steel tower with single earth peak, structural foundation steel, foundation leg steel, climbing barrier, fittings, insulators) and insulator and conductor. 85% suspension, 15% strain and 400m span. Sag and OPGW has been appropriately assigned
2. Civil and structural works includes: Tower concrete footing, soil tests, installation of tower and foundations
3. Electrical works includes: installation of conductor (setup, draw wires,stringing, clamping off), installation of OHEW/OPGW (draw wire, stringing, clamping off)
4. Secondary system and testing and commisioning is accounted in the terminating end in the substation switchbay cost", 220,km,1052311.8162802493,410295.1443123939,371037.16400679114,0.0,69518.18044124219,0.0,110353.05086126007,209981.31635030193,143777.5155279503,2367274.1877801884
892,Overhead line,HVAC with HTLS conductor,Stage 1 development: 2 × HTLS Conductor DCST 1724 MVA,"Construction of a double circuit tower with initially a single circuit strung. This reflects stage 1 of developing an Overhead lines double circuit single tower, twin conductor per phase. Ratings calculated for summer day, 1m/s wind speed, and air temperatures of 35oC (1724 MVA), 30oC (1820 MVA), 40oC (1638 MVA), 45oC (1552 MVA)","1. Plant amount includes: Strain + Structural tower associated costs (steel tower with single earth peak, structural foundation steel, foundation leg steel, climbing barrier, fittings, insulators) and insulator and conductor. 85% suspension, 15% strain and 400m span. Sag and OPGW has been appropriately assigned
2. Civil and structural works includes: Tower concrete footing, soil tests, installation of tower and foundations
3. Electrical works includes: installation of conductor (setup, draw wires,stringing, clamping off), installation of OHEW/OPGW (draw wire, stringing, clamping off)
4. Secondary system and testing and commissioning is accounted in the terminating end in the substation switchbay cost", 220,km,789233.8622101869,410295.1443123939,185518.58200339557,0.0,69518.18044124219,0.0,110353.05086126007,209981.31635030193,143777.5155279503,1918677.651706731
893,Overhead line,HVAC with HTLS conductor,Stage 2 development: 2 × HTLS Conductor DCST 1724 MVA,"Second circuit strung on the vacant side of the double circuit tower. This reflects stage 2 of developing an Overhead lines double circuit single tower, twin conductors per phase. Ratings calculated for summer day, 1m/s wind speed, and air temperatures of 35oC (1724 MVA), 30oC (1820 MVA), 40oC (1638 MVA), 45oC (1552 MVA)","1. Plant amount includes: Strain + Structural tower associated costs (steel tower with single earth peak, structural foundation steel, foundation leg steel, climbing barrier, fittings, insulators) and insulator and conductor. 85% suspension, 15% strain and 400m span. Sag and OPGW has been appropriately assigned
2. Civil and structural works includes: Tower concrete footing, soil tests, installation of tower and foundations
3. Electrical works includes: installation of conductor (setup, draw wires,stringing, clamping off), installation of OHEW/OPGW (draw wire, stringing, clamping off)
4. Secondary system and testing and commissioning is accounted in the terminating end in the substation switchbay cost", 220,km,263077.9540700623,0.0,185518.58200339557,0.0,0.0,0.0,110353.05086126007,0.0,0.0,558949.586934718
894,Overhead line,HVAC with HTLS conductor,2 × HTLS Conductor DCST 2018 MVA,"Overhead lines double circuit single tower, twin HTLS conductor per phase. Ratings calculated for summer day, 1m/s wind speed, and air temperatures of 35oC (2018 MVA), 30oC (2131 MVA), 40oC (1917 MVA), 45oC (1817 MVA)","1. Plant amount includes: Strain + Structural tower associated costs (steel tower with single earth peak, structural foundation steel, foundation leg steel, climbing barrier, fittings, insulators) and insulator and conductor. 85% suspension, 15% strain and 400m span. Sag and OPGW has been appropriately assigned
2. Civil and structural works includes: Tower concrete footing, soil tests, installation of tower and foundations
3. Electrical works includes: installation of conductor (setup, draw wires,stringing, clamping off), installation of OHEW/OPGW (draw wire, stringing, clamping off)
4. Secondary system and testing and commisioning is accounted in the terminating end in the substation switchbay cost", 220,km,1327312.154942188,410295.1443123939,371037.16400679114,0.0,69518.18044124219,0.0,110353.05086126007,209981.31635030193,143777.5155279503,2642274.526442127
895,Overhead line,HVAC with HTLS conductor,Stage 1 development: 2 × HTLS Conductor DCST 2018 MVA,"Construction of a double circuit tower with initially a single circuit strung. This reflects stage 1 of developing an Overhead lines double circuit single tower, twin conductor per phase. Ratings calculated for summer day, 1m/s wind speed, and air temperatures of 35oC (2018 MVA), 30oC (2131 MVA), 40oC (1917 MVA), 45oC (1817 MVA)","1. Plant amount includes: Strain + Structural tower associated costs (steel tower with single earth peak, structural foundation steel, foundation leg steel, climbing barrier, fittings, insulators) and insulator and conductor. 85% suspension, 15% strain and 400m span. Sag and OPGW has been appropriately assigned
2. Civil and structural works includes: Tower concrete footing, soil tests, installation of tower and foundations
3. Electrical works includes: installation of conductor (setup, draw wires,stringing, clamping off), installation of OHEW/OPGW (draw wire, stringing, clamping off)
4. Secondary system and testing and commissioning is accounted in the terminating end in the substation switchbay cost", 220,km,995484.116206641,410295.1443123939,185518.58200339557,0.0,69518.18044124219,0.0,110353.05086126007,209981.31635030193,143777.5155279503,2124927.905703185
896,Overhead line,HVAC with HTLS conductor,Stage 2 development: 2 × HTLS Conductor DCST 2018 MVA,"Second circuit strung on the vacant side of the double circuit tower. This reflects stage 2 of developing an Overhead lines double circuit single tower, twin conductors per phase. Ratings calculated for summer day, 1m/s wind speed, and air temperatures of 35oC (2018 MVA), 30oC (2131 MVA), 40oC (1917 MVA), 45oC (1817 MVA)","1. Plant amount includes: Strain + Structural tower associated costs (steel tower with single earth peak, structural foundation steel, foundation leg steel, climbing barrier, fittings, insulators) and insulator and conductor. 85% suspension, 15% strain and 400m span. Sag and OPGW has been appropriately assigned
2. Civil and structural works includes: Tower concrete footing, soil tests, installation of tower and foundations
3. Electrical works includes: installation of conductor (setup, draw wires,stringing, clamping off), installation of OHEW/OPGW (draw wire, stringing, clamping off)
4. Secondary system and testing and commissioning is accounted in the terminating end in the substation switchbay cost", 220,km,331828.038735547,0.0,185518.58200339557,0.0,0.0,0.0,110353.05086126007,0.0,0.0,627699.6716002026
897,Overhead line,HVAC with HTLS conductor,2 × HTLS Conductor SCST 1009 MVA,"Overhead lines single circuit single tower, twin HTLS conductor per phase. Ratings calculated for summer day, 1m/s wind speed, and air temperatures of 35oC (1009 MVA), 30oC (1066 MVA), 40oC (959 MVA), 45oC (909 MVA)","1. Plant amount includes: Strain + Structural tower associated costs (steel tower with single earth peak, structural foundation steel, foundation leg steel, climbing barrier, fittings, insulators) and insulator and conductor. 85% suspension, 15% strain and 400m span. Sag and OPGW has been appropriately assigned
2. Civil and structural works includes: Tower concrete footing, soil tests, installation of tower and foundations
3. Electrical works includes: installation of conductor (setup, draw wires,stringing, clamping off), installation of OHEW/OPGW (draw wire, stringing, clamping off)
4. Secondary system and testing and commisioning is accounted in the terminating end in the substation switchbay cost", 220,km,997659.2677301643,410295.1443123939,208489.71952461798,0.0,52405.00961740393,0.0,93239.88003742181,209981.31635030193,143777.5155279503,2115847.853100254
898,Overhead line,HVAC with HTLS conductor,1 × HTLS Conductor SCST 505 MVA,"Overhead lines single circuit single tower, single HTLS conductor per phase. Ratings calculated for summer day, 1m/s wind speed, and air temperatures of 35oC (505 MVA), 30oC (533 MVA), 40oC (479 MVA), 45oC (454 MVA)","1. Plant amount includes: Strain + Structural tower associated costs (steel tower with single earth peak, structural foundation steel, foundation leg steel, climbing barrier, fittings, insulators) and insulator and conductor. 85% suspension, 15% strain and 400m span. Sag and OPGW has been appropriately assigned
2. Civil and structural works includes: Tower concrete footing, soil tests, installation of tower and foundations
3. Electrical works includes: installation of conductor (setup, draw wires,stringing, clamping off), installation of OHEW/OPGW (draw wire, stringing, clamping off)
4. Secondary system and testing and commisioning is accounted in the terminating end in the substation switchbay cost", 220,km,857711.7946008691,410295.1443123939,104244.85976230899,0.0,52405.00961740393,0.0,93239.88003742181,209981.31635030193,143777.5155279503,1871655.5202086498
899,Overhead line,HVAC with HTLS conductor,1 × HTLS Conductor SCST 259 MVA,"Overhead lines single circuit single tower, single HTLS conductor per phase. Ratings calculated for summer day, 1m/s wind speed, and air temperatures of 35oC (259 MVA), 30oC (273 MVA), 40oC (246 MVA), 45oC (233 MVA)","1. Plant amount includes: Strain + Structural tower associated costs (steel tower with single earth peak, structural foundation steel, foundation leg steel, climbing barrier, fittings, insulators) and insulator and conductor. 85% suspension, 15% strain and 400m span. Sag and OPGW has been appropriately assigned
2. Civil and structural works includes: Tower concrete footing, soil tests, installation of tower and foundations
3. Electrical works includes: installation of conductor (setup, draw wires,stringing, clamping off), installation of OHEW/OPGW (draw wire, stringing, clamping off)
4. Secondary system and testing and commisioning is accounted in the terminating end in the substation switchbay cost", 132,km,620717.9984899194,306744.04074702883,96436.6777589134,0.0,39710.26703355395,0.0,76382.57266358075,167030.59255137655,113967.39130434784,1420989.5405487206
900,Station,Transformer,2 winding Tx (3ph) 30MVA,"Transformers and associated civil, structural, electrical and secondary system","1. Plant amount includes: transformer and surge arrester 
2. Civil and structural works includes: foundation, drainage building, firewall, all civil work for control cabling, gantry and busbar
3. Electrical works includes: cabling, termination, control panel, bus connection, installation of surge arrestor and earth switch, and marshalling kiosk
4. Secondary systems includes: control panel equipments
5. Design and survey includes: civil design, primary design, secondary design, protection setting etc 
6. Contractor project management and overheads is allocated $0 at individual major plant level because it will be accounted for overall in the substation level building block", 220/22,ea.,1738000.0,1114000.0,144000.0,104000.0,71000.0,19000.0,0.0,0.0,0.0,3190000.0
901,Station,Transformer,2 winding Tx (3ph) 100MVA,"Transformers and associated civil, structural, electrical and secondary system","1. Plant amount includes: transformer and surge arrester 
2. Civil and structural works includes: foundation, drainage building, firewall, all civil work for control cabling, gantry and busbar
3. Electrical works includes: cabling, termination, control panel, bus connection, installation of surge arrestor and earth switch, and marshalling kiosk
4. Secondary systems includes: control panel equipments
5. Design and survey includes: civil design, primary design, secondary design, protection setting etc 
6. Contractor project management and overheads is allocated $0 at individual major plant level because it will be accounted for overall in the substation level building block", 220/22,ea.,3217000.0,1114000.0,266000.0,104000.0,132000.0,33000.0,0.0,0.0,0.0,4866000.0
902,Station,Transformer,2 winding Tx (3ph) 150MVA,"Transformers and associated civil, structural, electrical and secondary system","1. Plant amount includes: transformer and surge arrester 
2. Civil and structural works includes: foundation, drainage building, firewall, all civil work for control cabling, gantry and busbar
3. Electrical works includes: cabling, termination, control panel, bus connection, installation of surge arrestor and earth switch, and marshalling kiosk
4. Secondary systems includes: control panel equipments
5. Design and survey includes: civil design, primary design, secondary design, protection setting etc 
6. Contractor project management and overheads is allocated $0 at individual major plant level because it will be accounted for overall in the substation level building block", 220/22,ea.,3801000.0,1114000.0,315000.0,104000.0,156000.0,40000.0,0.0,0.0,0.0,5530000.0
903,Station,Transformer,2 winding Tx (3ph) 375MVA,"Transformers and associated civil, structural, electrical and secondary system","1. Plant amount includes: transformer and surge arrester 
2. Civil and structural works includes: foundation, drainage building, firewall, all civil work for control cabling, gantry and busbar
3. Electrical works includes: cabling, termination, control panel, bus connection, installation of surge arrestor and earth switch, and marshalling kiosk
4. Secondary systems includes: control panel equipments
5. Design and survey includes: civil design, primary design, secondary design, protection setting etc 
6. Contractor project management and overheads is allocated $0 at individual major plant level because it will be accounted for overall in the substation level building block", 275/110,ea.,5647000.0,1337000.0,468000.0,104000.0,232000.0,59000.0,0.0,0.0,0.0,7847000.0
904,Station,Transformer,2 winding Tx (3ph) 375MVA,"Transformers and associated civil, structural, electrical and secondary system","1. Plant amount includes: transformer and surge arrester 
2. Civil and structural works includes: foundation, drainage building, firewall, all civil work for control cabling, gantry and busbar
3. Electrical works includes: cabling, termination, control panel, bus connection, installation of surge arrestor and earth switch, and marshalling kiosk
4. Secondary systems includes: control panel equipments
5. Design and survey includes: civil design, primary design, secondary design, protection setting etc 
6. Contractor project management and overheads is allocated $0 at individual major plant level because it will be accounted for overall in the substation level building block", 275/132,ea.,5660000.0,1337000.0,469000.0,104000.0,232000.0,59000.0,0.0,0.0,0.0,7861000.0
905,Station,Transformer,2 winding Tx (3ph) 250MVA,"Transformers and associated civil, structural, electrical and secondary system","1. Plant amount includes: transformer and surge arrester 
2. Civil and structural works includes: foundation, drainage building, firewall, all civil work for control cabling, gantry and busbar
3. Electrical works includes: cabling, termination, control panel, bus connection, installation of surge arrestor and earth switch, and marshalling kiosk
4. Secondary systems includes: control panel equipments
5. Design and survey includes: civil design, primary design, secondary design, protection setting etc 
6. Contractor project management and overheads is allocated $0 at individual major plant level because it will be accounted for overall in the substation level building block", 275/132,ea.,5408000.0,1337000.0,449000.0,104000.0,221000.0,57000.0,0.0,0.0,0.0,7576000.0
906,Station,Transformer,2 winding Tx (3ph) 200MVA,"Transformers and associated civil, structural, electrical and secondary system","1. Plant amount includes: transformer and surge arrester 
2. Civil and structural works includes: foundation, drainage building, firewall, all civil work for control cabling, gantry and busbar
3. Electrical works includes: cabling, termination, control panel, bus connection, installation of surge arrestor and earth switch, and marshalling kiosk
4. Secondary systems includes: control panel equipments
5. Design and survey includes: civil design, primary design, secondary design, protection setting etc 
6. Contractor project management and overheads is allocated $0 at individual major plant level because it will be accounted for overall in the substation level building block", 330/132,ea.,5863000.0,1671000.0,486000.0,104000.0,241000.0,61000.0,0.0,0.0,0.0,8426000.0
907,Station,Transformer,2 winding Tx (3ph) 375MVA,"Transformers and associated civil, structural, electrical and secondary system","1. Plant amount includes: transformer and surge arrester 
2. Civil and structural works includes: foundation, drainage building, firewall, all civil work for control cabling, gantry and busbar
3. Electrical works includes: cabling, termination, control panel, bus connection, installation of surge arrestor and earth switch, and marshalling kiosk
4. Secondary systems includes: control panel equipments
5. Design and survey includes: civil design, primary design, secondary design, protection setting etc 
6. Contractor project management and overheads is allocated $0 at individual major plant level because it will be accounted for overall in the substation level building block", 330/132,ea.,5971000.0,1671000.0,495000.0,104000.0,245000.0,62000.0,0.0,0.0,0.0,8548000.0
908,Station,Transformer,2 winding Tx (3ph) 200MVA,"Transformers and associated civil, structural, electrical and secondary system","1. Plant amount includes: transformer and surge arrester 
2. Civil and structural works includes: foundation, drainage building, firewall, all civil work for control cabling, gantry and busbar
3. Electrical works includes: cabling, termination, control panel, bus connection, installation of surge arrestor and earth switch, and marshalling kiosk
4. Secondary systems includes: control panel equipments
5. Design and survey includes: civil design, primary design, secondary design, protection setting etc 
6. Contractor project management and overheads is allocated $0 at individual major plant level because it will be accounted for overall in the substation level building block", 330/220,ea.,4739000.0,1671000.0,392000.0,104000.0,193000.0,50000.0,0.0,0.0,0.0,7149000.0
909,Station,Transformer,2 winding Tx (3ph) 700MVA,"Transformers and associated civil, structural, electrical and secondary system","1. Plant amount includes: transformer and surge arrester 
2. Civil and structural works includes: foundation, drainage building, firewall, all civil work for control cabling, gantry and busbar
3. Electrical works includes: cabling, termination, control panel, bus connection, installation of surge arrestor and earth switch, and marshalling kiosk
4. Secondary systems includes: control panel equipments
5. Design and survey includes: civil design, primary design, secondary design, protection setting etc 
6. Contractor project management and overheads is allocated $0 at individual major plant level because it will be accounted for overall in the substation level building block", 330/220,ea.,6734000.0,1671000.0,557000.0,104000.0,275000.0,70000.0,0.0,0.0,0.0,9411000.0
910,Station,Transformer,2 winding Tx (3 banks of 1ph) 700MVA,"Transformers and associated civil, structural, electrical and secondary system","1. Plant amount includes: transformer and surge arrester 
2. Civil and structural works includes: foundation, drainage building, firewall, all civil work for control cabling, gantry and busbar
3. Electrical works includes: cabling, termination, control panel, bus connection, installation of surge arrestor and earth switch, and marshalling kiosk
4. Secondary systems includes: control panel equipments
5. Design and survey includes: civil design, primary design, secondary design, protection setting etc 
6. Contractor project management and overheads is allocated $0 at individual major plant level because it will be accounted for overall in the substation level building block", 330/220,ea.,15805000.0,2228000.0,1308000.0,104000.0,645000.0,164000.0,0.0,0.0,0.0,20254000.0
911,Station,Transformer,2 winding Tx (3ph) 700MVA,"Transformers and associated civil, structural, electrical and secondary system","1. Plant amount includes: transformer and surge arrester 
2. Civil and structural works includes: foundation, drainage building, firewall, all civil work for control cabling, gantry and busbar
3. Electrical works includes: cabling, termination, control panel, bus connection, installation of surge arrestor and earth switch, and marshalling kiosk
4. Secondary systems includes: control panel equipments
5. Design and survey includes: civil design, primary design, secondary design, protection setting etc 
6. Contractor project management and overheads is allocated $0 at individual major plant level because it will be accounted for overall in the substation level building block", 330/275,ea.,10164000.0,1671000.0,842000.0,104000.0,415000.0,106000.0,0.0,0.0,0.0,13302000.0
912,Station,Transformer,2 winding Tx (3 banks of 1ph) 700MVA,"Transformers and associated civil, structural, electrical and secondary system","1. Plant amount includes: transformer and surge arrester 
2. Civil and structural works includes: foundation, drainage building, firewall, all civil work for control cabling, gantry and busbar
3. Electrical works includes: cabling, termination, control panel, bus connection, installation of surge arrestor and earth switch, and marshalling kiosk
4. Secondary systems includes: control panel equipments
5. Design and survey includes: civil design, primary design, secondary design, protection setting etc 
6. Contractor project management and overheads is allocated $0 at individual major plant level because it will be accounted for overall in the substation level building block", 330/275,ea.,12891000.0,2228000.0,1066000.0,104000.0,526000.0,134000.0,0.0,0.0,0.0,16949000.0
913,Station,Transformer,2 winding Tx (3ph) 250MVA,"Transformers and associated civil, structural, electrical and secondary system","1. Plant amount includes: transformer and surge arrester 
2. Civil and structural works includes: foundation, drainage building, firewall, all civil work for control cabling, gantry and busbar
3. Electrical works includes: cabling, termination, control panel, bus connection, installation of surge arrestor and earth switch, and marshalling kiosk
4. Secondary systems includes: control panel equipments
5. Design and survey includes: civil design, primary design, secondary design, protection setting etc 
6. Contractor project management and overheads is allocated $0 at individual major plant level because it will be accounted for overall in the substation level building block", 330/66,ea.,5000000.0,1671000.0,372000.0,104000.0,183000.0,47000.0,0.0,0.0,0.0,7377000.0
914,Station,Transformer,2 winding Tx (3 banks of 1ph) 1200MVA,"Transformers and associated civil, structural, electrical and secondary system","1. Plant amount includes: transformer and surge arrester 
2. Civil and structural works includes: foundation, drainage building, firewall, all civil work for control cabling, gantry and busbar
3. Electrical works includes: cabling, termination, control panel, bus connection, installation of surge arrestor and earth switch, and marshalling kiosk
4. Secondary systems includes: control panel equipments
5. Design and survey includes: civil design, primary design, secondary design, protection setting etc 
6. Contractor project management and overheads is allocated $0 at individual major plant level because it will be accounted for overall in the substation level building block", 500/220,ea.,19268000.0,3341000.0,1594000.0,104000.0,786000.0,199000.0,0.0,0.0,0.0,25292000.0
915,Station,Transformer,2 winding Tx (3ph) 700MVA,"Transformers and associated civil, structural, electrical and secondary system","1. Plant amount includes: transformer and surge arrester 
2. Civil and structural works includes: foundation, drainage building, firewall, all civil work for control cabling, gantry and busbar
3. Electrical works includes: cabling, termination, control panel, bus connection, installation of surge arrestor and earth switch, and marshalling kiosk
4. Secondary systems includes: control panel equipments
5. Design and survey includes: civil design, primary design, secondary design, protection setting etc 
6. Contractor project management and overheads is allocated $0 at individual major plant level because it will be accounted for overall in the substation level building block", 500/220,ea.,9744000.0,2228000.0,806000.0,104000.0,398000.0,101000.0,0.0,0.0,0.0,13381000.0
916,Station,Transformer,2 winding Tx (3ph) 700MVA,"Transformers and associated civil, structural, electrical and secondary system","1. Plant amount includes: transformer and surge arrester 
2. Civil and structural works includes: foundation, drainage building, firewall, all civil work for control cabling, gantry and busbar
3. Electrical works includes: cabling, termination, control panel, bus connection, installation of surge arrestor and earth switch, and marshalling kiosk
4. Secondary systems includes: control panel equipments
5. Design and survey includes: civil design, primary design, secondary design, protection setting etc 
6. Contractor project management and overheads is allocated $0 at individual major plant level because it will be accounted for overall in the substation level building block", 500/275,ea.,9607000.0,2228000.0,796000.0,104000.0,393000.0,100000.0,0.0,0.0,0.0,13228000.0
917,Station,Transformer,2 winding Tx (3 banks of 1ph) 1200MVA,"Transformers and associated civil, structural, electrical and secondary system","1. Plant amount includes: transformer and surge arrester 
2. Civil and structural works includes: foundation, drainage building, firewall, all civil work for control cabling, gantry and busbar
3. Electrical works includes: cabling, termination, control panel, bus connection, installation of surge arrestor and earth switch, and marshalling kiosk
4. Secondary systems includes: control panel equipments
5. Design and survey includes: civil design, primary design, secondary design, protection setting etc 
6. Contractor project management and overheads is allocated $0 at individual major plant level because it will be accounted for overall in the substation level building block", 500/330,ea.,19018000.0,3341000.0,1574000.0,104000.0,776000.0,197000.0,0.0,0.0,0.0,25010000.0
918,Underground Cable,HVAC tunnel installed cable, 2061 MVA - 1000mm2 single circuit direct installed in a tunnel,"In cable tunnel with access shaft points within/alongside established public access infrastructure (road, park, public space). Rating calculated for ground temperare of 20oC",Per km costs based on 15km route distance and two cables per phase installed in a tunnel for the complete route distance. Urban/city route., 500,km,4856025.0,16699626.783153445,487072.0,0.0,171541.0,34791.0,1811476.4910086163,0.0,0.0,24060532.27416206
919,Underground Cable,HVAC tunnel installed cable, 2061 MVA - 2000mm2 single circuit direct installed in a tunnel,"In cable tunnel with access shaft points within/alongside established public access infrastructure (road, park, public space). Rating calculated for ground temperare of 20oC",Per km costs based on 15km route distance and two cables per phase installed in a tunnel for the complete route distance. Urban/city route., 500,km,9633759.0,19921296.28365973,595936.0,0.0,209882.0,42567.0,2669697.8331691963,0.0,0.0,33073138.116828926
920,Underground Cable,HVAC tunnel installed cable, 2546 MVA - 3000mm2 single circuit direct installed in a tunnel,"In cable tunnel with access shaft points within/alongside established public access infrastructure (road, park, public space). Rating calculated for ground temperare of 20oC",Per km costs based on 15km route distance and two cables per phase installed in a tunnel for the complete route distance. Urban/city route., 500,km,15417854.02395714,22253826.492582284,741794.0,0.0,261251.0,52985.0,3003170.0,0.0,0.0,41730880.516539425
921,Underground Cable,HVAC tunnel installed cable, 1029 MVA - 1000mm2 single circuit direct installed in a tunnel,"In cable tunnel with access shaft points within/alongside established public access infrastructure (road, park, public space). Rating calculated for ground temperare of 20oC",Per km costs based on 15km route distance and two cables per phase installed in a tunnel for the complete route distance. Urban/city route., 330,km,4532454.082996795,14330215.393469542,436137.0,0.0,153602.0,31153.0,1865348.151795615,0.0,0.0,21348909.62826195
922,Underground Cable,HVAC tunnel installed cable, 1252 MVA - 1600mm2 single circuit direct installed in a tunnel,"In cable tunnel with access shaft points within/alongside established public access infrastructure (road, park, public space). Rating calculated for ground temperare of 20oC",Per km costs based on 15km route distance and two cables per phase installed in a tunnel for the complete route distance. Urban/city route., 330,km,7965515.59234992,17805831.0,541048.0,0.0,190551.0,38646.0,2314049.8203358767,0.0,0.0,28855641.412685797
923,Underground Cable,HVAC tunnel installed cable, 1524 MVA - 2500mm2 single circuit direct installed in a tunnel,"In cable tunnel with access shaft points within/alongside established public access infrastructure (road, park, public space). Rating calculated for ground temperare of 20oC",Per km costs based on 15km route distance and two cables per phase installed in a tunnel for the complete route distance. Urban/city route., 330,km,13594024.81700141,22651671.29633762,689399.0,0.0,242798.0,49243.0,2948542.78372958,0.0,0.0,40175678.89706861
924,Underground Cable,HVAC tunnel installed cable, 2058 MVA - 1000mm2 per cct double circuit installed in a tunnel,"In cable tunnel with access shaft points within/alongside established public access infrastructure (road, park, public space). Rating calculated for ground temperare of 20oC",Per km costs based on 15km route distance and two cables per phase (two circuits) installed in a tunnel for the complete route distance. Urban/city route., 330,km,7251926.532794872,14330215.0,697819.2000000001,0.0,245763.2,49844.8,2387645.6342983874,0.0,0.0,24963214.367093258
925,Underground Cable,HVAC tunnel installed cable, 590 MVA - 500mm2 single circuit direct installed in a tunnel,"In cable tunnel with access shaft points within/alongside established public access infrastructure (road, park, public space). Rating calculated for ground temperare of 20oC",Per km costs based on 15km route distance and two cables per phase installed in a tunnel for the complete route distance. Urban/city route., 275,km,2564332.7574755177,13655755.02797996,434501.2963448169,0.0,153026.3772735379,31035.806881772638,1615958.5440085602,0.0,0.0,18454609.80996417
926,Underground Cable,HVAC tunnel installed cable, 858 MVA - 1000mm2 single circuit direct installed in a tunnel,"In cable tunnel with access shaft points within/alongside established public access infrastructure (road, park, public space). Rating calculated for ground temperare of 20oC",Per km costs based on 15km route distance and two cables per phase installed in a tunnel for the complete route distance. Urban/city route., 275,km,5182651.37441818,15791009.367675535,498702.45356944855,0.0,175637.28911546155,35621.60382638918,1854729.7730592736,0.0,0.0,23538351.86166429
927,Underground Cable,HVAC tunnel installed cable, 1044 MVA - 1600mm2 single circuit direct installed in a tunnel,"In cable tunnel with access shaft points within/alongside established public access infrastructure (road, park, public space). Rating calculated for ground temperare of 20oC",Per km costs based on 15km route distance and two cables per phase installed in a tunnel for the complete route distance. Urban/city route., 275,km,6467840.0,17658013.12,558940.0,0.0,196852.0,39924.24,2078751.4000000001,0.0,0.0,27000320.759999998
928,Underground Cable,HVAC tunnel installed cable, 1270 MVA - 2500mm2 single circuit direct installed in a tunnel,"In cable tunnel with access shaft points within/alongside established public access infrastructure (road, park, public space). Rating calculated for ground temperare of 20oC",Per km costs based on 15km route distance and two cables per phase installed in a tunnel for the complete route distance. Urban/city route., 275,km,9658943.081405077,20619402.74291161,656071.9054562785,0.0,231061.0066471415,46862.27896116275,2440004.2301938143,0.0,0.0,33652345.245575085
929,Underground Cable,HVAC tunnel installed cable, 2086 MVA - 1600mm2 per cct double circuit installed in a tunnel,"In cable tunnel with access shaft points within/alongside established public access infrastructure (road, park, public space). Rating calculated for ground temperare of 20oC",Per km costs based on 15km route distance and two cables per phase installed in a tunnel for the complete route distance. Urban/city route., 275,km,10348544.0,17658013.12,894304.0,0.0,314963.2,63878.784,2660801.7920000004,0.0,0.0,31940504.896
930,Underground Cable,HVAC tunnel installed cable, 2032 MVA - 2500mm2 per cct double circuit installed in a tunnel,"In cable tunnel with access shaft points within/alongside established public access infrastructure (road, park, public space). Rating calculated for ground temperare of 20oC",Per km costs based on 15km route distance and two cables per phase (two circuits) installed in a tunnel for the complete route distance. Urban/city route., 220,km,10718461.13685237,18545957.058603596,989117.7097921917,0.0,348355.92229505954,70651.26498515657,2541605.0,0.0,0.0,33214148.092528377
931,Underground Cable,HVAC underground direct buried cable,1044 MVA - 1600 mm2 single circuit direct buried,"In trench with joint pits and reinstated easement within/alongside established public access infrastructure (road, park, public space). Rating calculated for ground temperare of 20oC.","Per km costs based on 15km route distance and direct buried cables (single phase cables trefoil formation, two cables per phase) in trenches. Urban/city route.", 275,km,6467840.0,1605273.9200000002,558940.0,0.0,196852.0,39924.24,944887.0,0.0,0.0,9813717.16
932,Underground Cable,HVAC tunnel installed cable, 636 MVA - 870mm2 single circuit installed in a tunnel,"In cable tunnel with access shaft points within/alongside established public access infrastructure (road, park, public space). Rating calculated for ground temperare of 20oC",Per km costs based on 15km route distance and two cables per phase (one circuit) installed in a tunnel for the complete route distance. Urban/city route., 220,km,3202654.07544871,13867943.229982274,462264.7743327425,0.0,162804.35605690663,33018.91245233875,1492782.789170854,0.0,0.0,19221468.137443826
933,Underground Cable,HVAC tunnel installed cable, 1016 MVA - 2500mm2 single circuit installed in a tunnel,"In cable tunnel with access shaft points within/alongside established public access infrastructure (road, park, public space). Rating calculated for ground temperare of 20oC",Per km costs based on 15km route distance and two cables per phase (one circuit) installed in a tunnel for the complete route distance. Urban/city route., 220,km,6699038.210532731,18545957.058603596,618198.5686201198,0.0,217722.4514344122,44157.04061572285,1985628.757081839,0.0,0.0,28110702.08688842
934,Underground Cable,HVAC tunnel installed cable,472 MVA - 500 mm2 single circuit installed in a tunnel,"In cable tunnel with access shaft points within/alongside established public access infrastructure (road, park, public space). Rating calculated for ground temperare of 20oC",Per km costs based on 15km route distance and two cables per phase (one circuit) installed in a tunnel for the complete route distance. Urban/city route., 220,km,1688179.8860094445,12446853.267654605,414895.1089218203,0.0,146121.30274619698,29635.364922987163,1332626.2810453167,0.0,0.0,16058311.21130037
935,Overhead line,HVDC - VSC,"Asymmetrical Monopole, 1000 MW",Overhead lines with appropriate pole/tower configuration and conductor configuration for this technology,"1. Plant amount includes: Strain + Structural tower associated costs (steel tower with single earth peak, structural foundation steel, foundation leg steel, climbing barrier, fittings, insulators) and insulator and conductor.
2. Civil and structural works includes: Tower concrete footing, soil tests, installation of tower and foundations
3. Electrical works includes: installation of conductor (setup, draw wires,stringing, clamping off), installation of OHEW/OPGW (draw wire, stringing, clamping off)
4. Secondary system is accounted in the terminating end in the substation switchbay cost", 500 (<750km),km,143520.5513689818,527471.298121967,223562.27782509523,0.0,50238.59059977076,14555.802392157244,444970.37388368393,190892.10577300173,125608.6956521739,1720819.6956168315
936,Overhead line,HVDC - VSC,"Symmetrical Monopole, 1000MW",Overhead lines with appropriate pole/tower configuration and conductor configuration for this technology,"1. Plant amount includes: Strain + Structural tower associated costs (steel tower with single earth peak, structural foundation steel, foundation leg steel, climbing barrier, fittings, insulators) and insulator and conductor.
2. Civil and structural works includes: Tower concrete footing, soil tests, installation of tower and foundations
3. Electrical works includes: installation of conductor (setup, draw wires,stringing, clamping off), installation of OHEW/OPGW (draw wire, stringing, clamping off)
4. Secondary system is accounted in the terminating end in the substation switchbay cost", ±500,km,160008.76411821967,555449.8332608378,271198.98932484724,0.0,53020.79564418759,15361.900380924846,469612.76141994714,190892.10577300173,125608.6956521739,1841153.8455741399
937,Overhead line,HVDC - VSC,"Symmetrical Monopole, 1500MW",Overhead lines with appropriate pole/tower configuration and conductor configuration for this technology,"1. Plant amount includes: Strain + Structural tower associated costs (steel tower with single earth peak, structural foundation steel, foundation leg steel, climbing barrier, fittings, insulators) and insulator and conductor.
2. Civil and structural works includes: Tower concrete footing, soil tests, installation of tower and foundations
3. Electrical works includes: installation of conductor (setup, draw wires,stringing, clamping off), installation of OHEW/OPGW (draw wire, stringing, clamping off)
4. Secondary system is accounted in the terminating end in the substation switchbay cost", ±500,km,189923.44610553904,649151.8051326663,307044.42095734895,0.0,60028.76167715849,17392.34286605579,531683.3177119751,190892.10577300173,125608.6956521739,2071724.8958759194
938,Overhead line,HVDC - VSC,"Symmetrical Monopole, 2500MW",Overhead lines with appropriate pole/tower configuration and conductor configuration for this technology,"1. Plant amount includes: Strain + Structural tower associated costs (steel tower with single earth peak, structural foundation steel, foundation leg steel, climbing barrier, fittings, insulators) and insulator and conductor.
2. Civil and structural works includes: Tower concrete footing, soil tests, installation of tower and foundations
3. Electrical works includes: installation of conductor (setup, draw wires,stringing, clamping off), installation of OHEW/OPGW (draw wire, stringing, clamping off)
4. Secondary system is accounted in the terminating end in the substation switchbay cost", ±500,km,248411.5,838419.0,386011.5,0.0,75468.5,21865.25,668421.0,190892.10577300173,125608.6956521739,2555097.5514251757
939,Overhead line,HVDC - VSC,"2 × Asymmetrical Monopole (Bipole metallic return), 2 × 2000 MW",Overhead lines with appropriate pole/tower configuration and conductor configuration for this technology,"1. Plant amount includes: Strain + Structural tower associated costs (steel tower with single earth peak, structural foundation steel, foundation leg steel, climbing barrier, fittings, insulators) and insulator and conductor.
2. Civil and structural works includes: Tower concrete footing, soil tests, installation of tower and foundations
3. Electrical works includes: installation of conductor (setup, draw wires,stringing, clamping off), installation of OHEW/OPGW (draw wire, stringing, clamping off)
4. Secondary system is accounted in the terminating end in the substation switchbay cost", ±500,km,227988.0,828989.0,341133.0,0.0,76660.0,22211.0,678977.0,190892.10577300173,125608.6956521739,2492458.8014251757
940,Overhead line,HVDC - LCC,"2 × Asymmetrical Monopole (Bipole metallic return), 2 × 3000 MW",Overhead lines with appropriate pole/tower configuration and conductor configuration for this technology,"1. Plant amount includes: Strain + Structural tower associated costs (steel tower with single earth peak, structural foundation steel, foundation leg steel, climbing barrier, fittings, insulators) and insulator and conductor.
2. Civil and structural works includes: Tower concrete footing, soil tests, installation of tower and foundations
3. Electrical works includes: installation of conductor (setup, draw wires,stringing, clamping off), installation of OHEW/OPGW (draw wire, stringing, clamping off)
4. Secondary system is accounted in the terminating end in the substation switchbay cost", ±600,km,273019.0,992730.0,408513.0,0.0,91801.0,26597.9,813089.0,206799.78125408522,136076.08695652173,2948625.7682106066
941,Overhead line,HVDC built in two stages - VSC,"First Asymmetrical Monopole and then Second Asymmetrical Monopole, 2 × 2000 MW",Overhead lines with appropriate pole/tower configuration and conductor configuration for this technology,"1. Plant amount includes: Strain + Structural tower associated costs (steel tower with single earth peak, structural foundation steel, foundation leg steel, climbing barrier, fittings, insulators) and insulator and conductor.
2. Civil and structural works includes: Tower concrete footing, soil tests, installation of tower and foundations
3. Electrical works includes: installation of conductor (setup, draw wires,stringing, clamping off), installation of OHEW/OPGW (draw wire, stringing, clamping off)
4. Secondary system is accounted in the terminating end in the substation switchbay cost", ±500,km,250786.80000000002,911887.9,375246.30000000005,0.0,84326.0,24432.100000000002,746874.7000000001,190892.10577300173,125608.6956521739,2710054.601425176
942,Overhead line,HVDC built in two stages - LCC,"First Asymmetrical Monopole and then Second Asymmetrical Monopole, 2 × 3000 MW",Overhead lines with appropriate pole/tower configuration and conductor configuration for this technology,"1. Plant amount includes: Strain + Structural tower associated costs (steel tower with single earth peak, structural foundation steel, foundation leg steel, climbing barrier, fittings, insulators) and insulator and conductor.
2. Civil and structural works includes: Tower concrete footing, soil tests, installation of tower and foundations
3. Electrical works includes: installation of conductor (setup, draw wires,stringing, clamping off), installation of OHEW/OPGW (draw wire, stringing, clamping off)
4. Secondary system is accounted in the terminating end in the substation switchbay cost", ±600,km,300320.9,1092003.0,449364.30000000005,0.0,100981.1,29257.690000000002,894397.9,206799.78125408522,136076.08695652173,3209200.758210607
943,Underground Cable,HVDC underground direct buried cable,1000 MVA - Direct buried cable - twin 500 MVA symmetrical monopole circuits,In trench with joint pits and reinstated easement,"Per km costs based on 100 km route underground distance including cable supply, trenching and installation costs.", 500,km,1866596.0,1702674.8960392931,138468.0,0.0,335811.04819738324,68106.99584157173,418549.0,0.0,0.0,4530205.940078247
944,Underground Cable,HVDC underground direct buried cable,2000 MVA - Direct buried cable - twin 1000 MVA symmetrical monopole circuits,In trench with joint pits and reinstated easement,"Per km costs based on 100 km route underground distance including cable supply, trenching and installation costs.", 500,km,3695596.0,1702674.8960392931,158249.0,0.0,335811.04819738324,68106.99584157173,595209.0,0.0,0.0,6555646.940078248
945,Underground Cable,HVDC underground direct buried cable,2500 MVA - Direct buried cable - twin 1250 MVA symmetrical monopole circuits,In trench with joint pits and reinstated easement,"Per km costs based on 100 km route underground distance including cable supply, trenching and installation costs.", 500,km,4610096.0,1702674.8960392931,168139.5,0.0,335811.04819738324,68106.99584157173,683539.0,0.0,0.0,7568367.440078248
946,Underground Cable,HVDC underground direct buried cable,"1500 MVA - Direct buried cable - Asymmetrical Monopole (Bipole metallic return), 2x750 MW",In trench with joint pits and reinstated easement,"Per km costs based on 100 km route underground distance including cable supply, trenching and installation costs.", ±500,km,2315740.2870308515,1702674.8960392931,123632.3694032349,0.0,319820.0459022697,64863.80556340164,482066.1346896094,0.0,0.0,5008797.53862866
947,Underground Cable,HVDC underground direct buried cable,"2000 MW - Direct buried cable - Asymmetrical Monopole (Bipole metallic return), 2x1000 MW",In trench with joint pits and reinstated easement,"Per km costs based on 100 km route underground distance including cable supply, trenching and installation costs.", ±500,km,3079663.3333333335,1702674.8960392931,131874.1666666667,0.0,319820.0459022697,64863.80556340164,566865.7142857143,0.0,0.0,5865761.961790679
948,Underground Cable,HVDC underground direct buried cable,"3000 MW - Direct buried cable - Asymmetrical Monopole (Bipole metallic return), 2x1500 MW",In trench with joint pits and reinstated easement,"Per km costs based on 100 km route underground distance including cable supply, trenching and installation costs.", ±500,km,4603830.0,1702674.8960392931,148358.33333333334,0.0,319820.0459022697,64863.80556340164,735113.3333333333,0.0,0.0,7574660.4141716305
949,Underground Cable,HVDC underground direct buried cable,"4000 MW - Direct buried cable - Asymmetrical Monopole (Bipole metallic return), 2x2000 MW",In trench with joint pits and reinstated easement,"Per km costs based on 100 km route underground distance including cable supply, trenching and installation costs.", ±500,km,6127996.666666667,1702674.8960392931,164842.5,0.0,319820.0459022697,64863.80556340164,903360.9523809523,0.0,0.0,9283558.866552584
950,Underground Cable,HVDC underground direct buried cable,"6000 MW - Direct buried cable - Asymmetrical Monopole (Bipole metallic return), 2x3000 MW",In trench with joint pits and reinstated easement,"Per km costs based on 100 km route underground distance including cable supply, trenching and installation costs.", ±600,km,9176330.0,1702674.8960392931,197810.83333333334,0.0,319820.0459022697,64863.80556340164,1239856.1904761905,0.0,0.0,12701355.771314487
951,Underground Cable,HVDC underground direct buried cable - built in two stages,"2 × Asymmetrical Monopole (Bipole), 2 × 1000MW - First Stage 1000 MW, Second stage 1000 MW",In trench with joint pits and reinstated easement,"Per km costs based on 100 km route underground distance including cable supply, trenching and installation costs.", 500,km,3079663.3333333335,1702674.8960392931,151655.2916666667,0.0,367793.05278761016,74593.37639791188,651895.5714285714,0.0,0.0,6028275.521653386
952,Underground Cable,HVDC underground direct buried cable - built in two stages,"2 × Asymmetrical Monopole (Bipole), 2 × 1500MW - First Stage 1500 MW, Second Stage 1500 MW",In trench with joint pits and reinstated easement,"Per km costs based on 100 km route underground distance including cable supply, trenching and installation costs.", 500,km,4603830.0,1702674.8960392931,170612.08333333334,0.0,367793.05278761016,74593.37639791188,845380.3333333331,0.0,0.0,7764883.741891481
953,Underground Cable,HVDC underground direct buried cable - built in two stages,"2 × Asymmetrical Monopole (Bipole), 2 × 2000MW - First Stage 2000 MW, Second Stage 2000 MW",In trench with joint pits and reinstated easement,"Per km costs based on 100 km route underground distance including cable supply, trenching and installation costs.", 500,km,6127996.666666667,1702674.8960392931,189568.87499999997,0.0,367793.05278761016,74593.37639791188,1038865.095238095,0.0,0.0,9501491.962129578
954,Underground Cable,HVDC underground direct buried cable - built in two stages,"2 × Asymmetrical Monopole (Bipole), 2 × 3000MW - First Stage 3000 MW, Second Stage 3000 MW",In trench with joint pits and reinstated easement,"Per km costs based on 100 km route underground distance including cable supply, trenching and installation costs.", 600,km,9176330.0,1702674.8960392931,227482.4583333333,0.0,367793.05278761016,74593.37639791188,1425834.619047619,0.0,0.0,12974708.402605766
955,Underground Cable,HVDC subsea cable,1000 MW - Subsea Cable - twin 500 MVA symmetrical monopole circuits,In seabed,"Per km costs based on 250km route subsea distance including cable supply, installation, sea bed protection,  shore crossings costs.  Includes cost of pre-construction marine surveys.", 500,km,1866596.0,601755.0,138468.0,0.0,48088.4,9752.9,162180.0,0.0,0.0,2826840.3
956,Underground Cable,HVDC subsea cable,2000 MW - Subsea Cable - twin 1000 MVA symmetrical monopole circuits,In seabed,"Per km costs based on 250km route subsea distance including cable supply, installation, sea bed protection,  shore crossings costs.  Includes cost of pre-construction marine surveys.", 500,km,3695596.0,733835.0,158249.0,0.0,56412.8,11441.2,296850.0,0.0,0.0,4952384.0
957,Underground Cable,HVDC subsea cable,2500 MW - Subsea Cable - twin 1250 MVA symmetrical monopole circuits,In seabed,"Per km costs based on 250km route subsea distance including cable supply, installation, sea bed protection,  shore crossings costs.  Includes cost of pre-construction marine surveys.", 500,km,4610096.0,799875.0,168139.5,0.0,60575.0,12285.35,364184.99999999994,0.0,0.0,6015155.85
958,Underground Cable,HVDC subsea cable,"1500 MW - Subsea Cable - Asymmetrical Monopole (Bipole metallic return), 2x750 MW",In seabed,"Per km costs based on 250km route subsea distance including cable supply, installation, sea bed protection,  shore crossings costs.  Includes cost of pre-construction marine surveys.", ±500,km,2315740.2870308515,635997.2040128598,123632.3694032349,0.0,43541.90370126501,8830.883528802495,189640.15490020855,0.0,0.0,3317382.8025772218
959,Underground Cable,HVDC subsea cable,"2000 MW - Subsea Cable - Asymmetrical Monopole (Bipole metallic return), 2x1000 MW",In seabed,"Per km costs based on 250km route subsea distance including cable supply, installation, sea bed protection,  shore crossings costs.  Includes cost of pre-construction marine surveys.", ±500,km,3079663.3333333335,698890.4761904762,131874.1666666667,0.0,47010.66666666667,9534.333333333334,247375.0,0.0,0.0,4214347.976190476
960,Underground Cable,HVDC subsea cable,"3000 MW - Subsea Cable - Asymmetrical Monopole (Bipole metallic return), 2x1500 MW",In seabed,"Per km costs based on 250km route subsea distance including cable supply, installation, sea bed protection,  shore crossings costs.  Includes cost of pre-construction marine surveys.", ±500,km,4603830.0,824680.9523809523,148358.33333333334,0.0,53947.666666666664,10941.25,359599.99999999994,0.0,0.0,6001358.202380952
961,Underground Cable,HVDC subsea cable,"4000 MW - Subsea Cable - Asymmetrical Monopole (Bipole metallic return), 2x2000 MW",In seabed,"Per km costs based on 250km route subsea distance including cable supply, installation, sea bed protection,  shore crossings costs.  Includes cost of pre-construction marine surveys.", ±500,km,6127996.666666667,950471.4285714285,164842.5,0.0,60884.66666666667,12348.166666666666,471825.0,0.0,0.0,7788368.428571429
962,Underground Cable,HVDC subsea cable,"6000 MW - Subsea Cable - Asymmetrical Monopole (Bipole metallic return), 2x3000 MW",In seabed,"Per km costs based on 250km route subsea distance including cable supply, installation, sea bed protection,  shore crossings costs.  Includes cost of pre-construction marine surveys.", ±600,km,9176330.0,1202052.3809523808,197810.83333333334,0.0,74758.66666666667,15162.000000000002,696274.9999999999,0.0,0.0,11362388.88095238
963,Underground Cable,HVDC subsea cable - built in two stages,"2 × Asymmetrical Monopole (Bipole), 2 × 1000MW - First Stage 1000 MW, Second stage 1000 MW",In seabed,"Per km costs based on 250km route subsea distance including cable supply, installation, sea bed protection,  shore crossings costs.  Includes cost of pre-construction marine surveys.", 500,km,3079663.3333333335,698890.4761904762,151655.2916666667,0.0,54062.26666666667,10964.483333333334,284481.25,0.0,0.0,4279717.101190476
964,Underground Cable,HVDC subsea cable - built in two stages,"2 × Asymmetrical Monopole (Bipole), 2 × 1500MW - First Stage 1500 MW, Second Stage 1500 MW",In seabed,"Per km costs based on 250km route subsea distance including cable supply, installation, sea bed protection,  shore crossings costs.  Includes cost of pre-construction marine surveys.", 500,km,4603830.0,824680.9523809523,170612.08333333334,0.0,62039.81666666666,12582.437499999998,413539.9999999999,0.0,0.0,6087285.289880952
965,Underground Cable,HVDC subsea cable - built in two stages,"2 × Asymmetrical Monopole (Bipole), 2 × 2000MW - First Stage 2000 MW, Second Stage 2000 MW",In seabed,"Per km costs based on 250km route subsea distance including cable supply, installation, sea bed protection,  shore crossings costs.  Includes cost of pre-construction marine surveys.", 500,km,6127996.666666667,950471.4285714285,189568.87499999997,0.0,70017.36666666667,14200.391666666665,542598.75,0.0,0.0,7894853.478571428
966,Underground Cable,HVDC subsea cable - built in two stages,"2 × Asymmetrical Monopole (Bipole), 2 × 3000MW - First Stage 3000 MW, Second Stage 3000 MW",In seabed,"Per km costs based on 250km route subsea distance including cable supply, installation, sea bed protection,  shore crossings costs.  Includes cost of pre-construction marine surveys.", 600,km,9176330.0,1202052.3809523808,227482.4583333333,0.0,85972.46666666666,17436.3,800716.2499999998,0.0,0.0,11509989.855952382
967,Underground Cable,HVAC underground direct buried cable, 1559 MVA - 1000mm2 single circuit direct buried,"In trench with joint pits and reinstated easement within/alongside established public access infrastructure (road, park, public space). Rating calculated for ground temperare of 20oC.","Per km costs based on 15km route distance and direct buried cables (single phase cables trefoil formation, two cables per phase) in trenches. Urban/city route.", 500,km,4856025.407069401,1391635.565262787,487072.4478419755,0.0,171541.33437581593,34790.889131569675,823398.4050039165,0.0,0.0,7764464.048685466
968,Underground Cable,HVAC underground direct buried cable, 2061 MVA -2000mm2 single circuit direct buried,"In trench with joint pits and reinstated easement within/alongside established public access infrastructure (road, park, public space). Rating calculated for ground temperare of 20oC.","Per km costs based on 15km route distance and direct buried cables (single phase cables trefoil formation, two cables per phase) in trenches. Urban/city route.", 500,km,9633759.369434612,1702674.8960392931,595936.2136137526,0.0,209881.9051233645,42566.87240098233,1007433.1445921496,0.0,0.0,13192252.401204154
969,Underground Cable,HVAC underground direct buried cable, 2546 MVA - 3000mm2 single circuit direct buried,"In trench with joint pits and reinstated easement within/alongside established public access infrastructure (road, park, public space). Rating calculated for ground temperare of 20oC.","Per km costs based on 15km route distance and direct buried cables (single phase cables trefoil formation, two cables per phase) in trenches. Urban/city route.", 500,km,15417854.02395714,2119412.0469125984,741794.2164194094,0.0,261251.42220759002,52985.30117281496,1254006.826596432,0.0,0.0,19847303.837265987
970,Underground Cable,HVAC underground direct buried cable, 1029 MVA - 1000mm2 single circuit direct buried,"In trench with joint pits and reinstated easement within/alongside established public access infrastructure (road, park, public space). Rating calculated for ground temperare of 20oC.","Per km costs based on 15km route distance and direct buried cables (single phase cables trefoil formation, two cables per phase) in trenches. Urban/city route.", 330,km,4532454.082996795,1246105.6863886558,436136.9902360295,0.0,153602.44991729376,31152.642159716394,737291.7596030099,0.0,0.0,7136743.6113015
971,Underground Cable,HVAC underground direct buried cable, 1252 MVA -1600mm2 single circuit direct buried,"In trench with joint pits and reinstated easement within/alongside established public access infrastructure (road, park, public space). Rating calculated for ground temperare of 20oC.","Per km costs based on 15km route distance and direct buried cables (single phase cables trefoil formation, two cables per phase) in trenches. Urban/city route.", 330,km,7965515.59234992,1545851.1790045358,541047.9126515875,0.0,190550.87453358673,38646.27947511339,914644.1977612162,0.0,0.0,11196256.03577596
972,Underground Cable,HVAC underground direct buried cable, 1524 MVA - 2500mm2 single circuit direct buried,"In trench with joint pits and reinstated easement within/alongside established public access infrastructure (road, park, public space). Rating calculated for ground temperare of 20oC.","Per km costs based on 15km route distance and direct buried cables (single phase cables trefoil formation, two cables per phase) in trenches. Urban/city route.", 330,km,13594024.81700141,1969710.547507619,689398.6916276667,0.0,242798.31881831196,49242.76368769048,1165431.9303278974,0.0,0.0,17710607.068970595
973,Underground Cable,HVAC underground direct buried cable, 590 MVA - 500mm2 single circuit direct buried,"In trench with joint pits and reinstated easement within/alongside established public access infrastructure (road, park, public space). Rating calculated for ground temperare of 20oC.","Per km costs based on 15km route distance and direct buried cables (single phase cables trefoil formation, two cables per phase) in trenches. Urban/city route.", 275,km,2564332.7574755177,1241432.2752709056,434501.2963448169,0.0,153026.3772735379,31035.806881772638,734526.6109129819,0.0,0.0,5158855.124159532
974,Underground Cable,HVAC underground direct buried cable, 858 MVA -1000mm2 single circuit direct buried,"In trench with joint pits and reinstated easement within/alongside established public access infrastructure (road, park, public space). Rating calculated for ground temperare of 20oC.","Per km costs based on 15km route distance and direct buried cables (single phase cables trefoil formation, two cables per phase) in trenches. Urban/city route.", 275,km,5182651.37441818,1424864.1530555675,498702.45356944855,0.0,175637.28911546155,35621.60382638918,843058.9877542153,0.0,0.0,8160535.861739262
975,Underground Cable,HVAC underground direct buried cable, 1270 MVA - 2500mm2 single circuit direct buried,"In trench with joint pits and reinstated easement within/alongside established public access infrastructure (road, park, public space). Rating calculated for ground temperare of 20oC.","Per km costs based on 15km route distance and direct buried cables (single phase cables trefoil formation, two cables per phase) in trenches. Urban/city route.", 275,km,9658943.081405077,1874491.15844651,656071.9054562785,0.0,231061.0066471415,46862.27896116275,1109092.831906279,0.0,0.0,13576522.26282245
976,Underground Cable,HVAC underground direct buried cable, 472 MVA - 500mm2 single circuit direct buried,"In trench with joint pits and reinstated easement within/alongside established public access infrastructure (road, park, public space). Rating calculated for ground temperare of 20oC.","Per km costs based on 15km route distance and direct buried cables (single phase cables trefoil formation, two cables per phase) in trenches. Urban/city route.", 220,km,1688179.8860094445,1185414.5969194863,414895.1089218203,0.0,146121.30274619698,29635.364922987163,701382.2531817456,0.0,0.0,4165628.5127016813
977,Underground Cable,HVAC underground direct buried cable, 636 MVA -870mm2 single circuit direct buried,"In trench with joint pits and reinstated easement within/alongside established public access infrastructure (road, park, public space). Rating calculated for ground temperare of 20oC.","Per km costs based on 15km route distance and direct buried cables (single phase cables trefoil formation, two cables per phase) in trenches. Urban/city route.", 220,km,3202654.07544871,1320756.4980935499,462264.7743327425,0.0,162804.35605690663,33018.91245233875,781460.909073152,0.0,0.0,5962959.525457399
978,Underground Cable,HVAC underground direct buried cable, 1016 MVA - 2500mm2 single circuit direct buried,"In trench with joint pits and reinstated easement within/alongside established public access infrastructure (road, park, public space). Rating calculated for ground temperare of 20oC.","Per km costs based on 15km route distance and direct buried cables (single phase cables trefoil formation, two cables per phase) in trenches. Urban/city route.", 220,km,6699038.210532731,1766281.6246289138,618198.5686201198,0.0,217722.4514344122,44157.04061572285,1045067.7668851785,0.0,0.0,10390465.662717078
979,Underground Cable,HVAC underground direct buried cable, 283 MVA - 500mm2 single circuit direct buried,"In trench with joint pits and reinstated easement within/alongside established public access infrastructure (road, park, public space). Rating calculated for ground temperare of 20oC.","Per km costs based on 15km route distance and direct buried cables (single phase cables trefoil formation, two cables per phase) in trenches. Urban/city route.", 132,km,825233.4918293828,632025.9083478161,221209.06792173564,0.0,77907.29870977283,15800.647708695404,373955.03380690963,0.0,0.0,2146131.4483243125
980,Underground Cable,HVAC underground direct buried cable, 412 MVA -1000mm2 single circuit direct buried,"In trench with joint pits and reinstated easement within/alongside established public access infrastructure (road, park, public space). Rating calculated for ground temperare of 20oC.","Per km costs based on 15km route distance and direct buried cables (single phase cables trefoil formation, two cables per phase) in trenches. Urban/city route.", 132,km,1591509.20746036,711023.5504190976,248858.2426466842,0.0,87645.02119381397,17775.58876047744,420696.1017303071,0.0,0.0,3077507.7122107404
981,Underground Cable,HVAC underground direct buried cable, 610 MVA - 2500mm2 single circuit direct buried,"In trench with joint pits and reinstated easement within/alongside established public access infrastructure (road, park, public space). Rating calculated for ground temperare of 20oC.","Per km costs based on 15km route distance and direct buried cables (single phase cables trefoil formation, two cables per phase) in trenches. Urban/city route.", 132,km,3765601.695068715,1035275.2833179012,362346.3491612654,0.0,127614.23175694587,25881.88208294753,612548.3124333402,0.0,0.0,5929267.753821116
982,Underground Cable,HVAC underground direct buried cable, 4122 MVA -2000mm2 per cct -double circuit direct buried,"In trench with joint pits and reinstated easement within/alongside established public access infrastructure (road, park, public space). Rating calculated for ground temperare of 20oC.",Per km costs based on 15km route distance and two cables per phase (two circuits) direct buried in the same trench. Urban/city route., 500,km,15414014.991095379,1702674.8960392931,953497.9417820042,0.0,335811.04819738324,68106.99584157173,1289514.4250779517,0.0,0.0,19763620.298033584
983,Underground Cable,HVAC underground direct buried cable, 2503 MVA -1600mm2 per cct double circuit direct buried,"In trench with joint pits and reinstated easement within/alongside established public access infrastructure (road, park, public space). Rating calculated for ground temperare of 20oC.",Per km costs based on 15km route distance and two cables per phase (two circuits) direct buried in the same trench. Urban/city route., 330,km,12744824.947759872,1545851.1790045358,865676.6602425401,0.0,304881.39925373875,61834.047160181435,1170744.5731343569,0.0,0.0,16693812.806555226
984,Underground Cable,HVAC underground direct buried cable, 1716 MVA -1000mm2 per cct double circuit direct buried,"In trench with joint pits and reinstated easement within/alongside established public access infrastructure (road, park, public space). Rating calculated for ground temperare of 20oC.",Per km costs based on 15km route distance and two cables per phase (two circuits) direct buried in the same trench. Urban/city route., 275,km,8292242.19906909,1424864.1530555675,797923.9257111178,0.0,281019.6625847385,56994.5661222227,1079115.5043253957,0.0,0.0,11932160.010868132
985,Underground Cable,HVAC underground direct buried cable, 1272 MVA -870mm2 per cct double circuit direct buried,"In trench with joint pits and reinstated easement within/alongside established public access infrastructure (road, park, public space). Rating calculated for ground temperare of 20oC.",Per km costs based on 15km route distance and two cables per phase (two circuits) direct buried in the same trench. Urban/city route., 220,km,5124246.520717936,1320756.4980935499,739623.638932388,0.0,260486.96969105062,52830.25992374199,1000269.9636136346,0.0,0.0,8498213.8509723
986,Underground Cable,HVAC underground direct buried cable, 824 MVA -1000mm2 per cct double circuit direct buried,"In trench with joint pits and reinstated easement within/alongside established public access infrastructure (road, park, public space). Rating calculated for ground temperare of 20oC.","Per km costs based on 15km route distance and direct buried cables (single phase cables trefoil formation, two cables per phase) in trenches. Urban/city route.", 132,km,2546414.731936576,711023.5504190976,398173.18823469477,0.0,140232.03391010236,28440.942016763907,538491.0102147931,0.0,0.0,4362775.456732028
987,Underground Cable,HVDC underground direct buried cable,375 MVA - Direct buried cable single monopole 375MVA circuit (offshore windfarms),In trench with joint pits and reinstated easement,"Per km costs based on 100 km route underground distance including cable supply, trenching and installation costs.", 500,km,719004.0845126015,1702674.8960392931,93466.07126884557,0.0,335811.04819738324,68106.99584157173,306706.17459562485,0.0,0.0,3225769.2704553194
988,Underground Cable,HVDC underground direct buried cable,750 MVA - Direct buried cable - twin 375 MVA symmetrical monopole circuits,In trench with joint pits and reinstated easement,"Per km costs based on 100 km route underground distance including cable supply, trenching and installation costs.", 500,km,1416071.245619611,1702674.8960392931,133522.9589554937,0.0,335811.04819738324,68106.99584157173,376534.9130849528,0.0,0.0,4032722.057738305
989,Underground Cable,HVDC underground direct buried cable,1500 MVA - Direct buried cable - twin 750 MVA symmetrical monopole circuits,In trench with joint pits and reinstated easement,"Per km costs based on 100 km route underground distance including cable supply, trenching and installation costs.", 500,km,2778888.3444370218,1702674.8960392931,148358.84328388187,0.0,335811.04819738324,68106.99584157173,506169.4414240899,0.0,0.0,5540009.569223241
990,Underground Cable,HVAC tunnel installed cable, 6786 MVA - 3000mm2 per cct double circuit installed in a tunnel,"In cable tunnel with access shaft points within/alongside established public access infrastructure (road, park, public space). Rating calculated for ground temperare of 20oC",Per km costs based on 15km route distance and two cables per phase (two circuits) installed in a tunnel for the complete route distance. Urban/city route., 500,km,24668566.438331425,22275042.44482173,1186870.746271055,0.0,362439.6782841823,72393.88794567062,3844057.1939231455,0.0,0.0,52409370.3895772
991,Underground Cable,HVAC tunnel installed cable, 5230 MVA - 2000mm2 per cct double circuit installed in a tunnel,"In cable tunnel with access shaft points within/alongside established public access infrastructure (road, park, public space). Rating calculated for ground temperare of 20oC",Per km costs based on 15km route distance and two cables per phase (two circuits) installed in a tunnel for the complete route distance. Urban/city route., 500,km,15414014.991095379,19921296.283659726,953497.9417820042,0.0,335811.04819738324,68106.99584157173,3415198.3601673874,0.0,0.0,40107925.620743446
992,Underground Cable,HVAC tunnel installed cable, 2503 MVA - 1600mm2 per cct double circuit installed in a tunnel,"In cable tunnel with access shaft points within/alongside established public access infrastructure (road, park, public space). Rating calculated for ground temperare of 20oC",Per km costs based on 15km route distance and two cables per phase (two circuits) installed in a tunnel for the complete route distance. Urban/city route., 330,km,12744824.947759872,17805831.141103573,865676.6602425401,0.0,304881.39925373875,61834.047160181435,2966261.8644813695,0.0,0.0,34749310.06000128
993,Underground Cable,HVAC tunnel installed cable, 1716 MVA - 1000mm2 per cct double circuit installed in a tunnel,"In cable tunnel with access shaft points within/alongside established public access infrastructure (road, park, public space). Rating calculated for ground temperare of 20oC",Per km costs based on 15km route distance and two cables per phase (two circuits) installed in a tunnel for the complete route distance. Urban/city route., 275,km,8292242.19906909,15791009.367675535,797923.9257111178,0.0,281019.6625847385,56994.5661222227,2377772.925231854,0.0,0.0,27596962.64639456
994,Underground Cable,HVAC tunnel installed cable, 1272 MVA - 870mm2 per cct double circuit installed in a tunnel,"In cable tunnel with access shaft points within/alongside established public access infrastructure (road, park, public space). Rating calculated for ground temperare of 20oC",Per km costs based on 15km route distance and two cables per phase (two circuits) installed in a tunnel for the complete route distance. Urban/city route., 220,km,5124246.520717936,13882063.936693506,739623.638932388,0.0,260486.96969105062,52830.25992374199,1910761.9701386932,0.0,0.0,21970013.296097316
995,Underground Cable,HVAC tunnel installed cable, 824 MVA - 1000mm2 per cct double circuit installed in a tunnel,"In cable tunnel with access shaft points within/alongside established public access infrastructure (road, park, public space). Rating calculated for ground temperare of 20oC","Per km costs based on 15km route distance and direct buried cables (single phase cables trefoil formation, two cables per phase) in trenches. Urban/city route.", 132,km,2546414.731936576,11612984.316282261,398173.18823469477,0.0,140232.03391010236,28440.942016763907,1418749.1351521476,0.0,0.0,16144994.347532546
996,Underground Cable,HVDC subsea cable,375 MVA - Subsea Cable single monopole 375MVA circuit (offshore windfarm),In seabed,"Per km costs based on 250km route subsea distance including cable supply, installation, sea bed protection,  shore crossings costs.  Includes cost of pre-construction marine surveys.", 500,km,719004.0845126015,355704.5863180594,93466.07126884557,0.0,42885.33359395398,8697.722282892419,74108.2698626711,0.0,0.0,1293866.0678390241
997,Underground Cable,HVDC subsea cable,750 MVA - Subsea Cable - twin 375 MVA symmetrical monopole circuits,In seabed,"Per km costs based on 250km route subsea distance including cable supply, installation, sea bed protection,  shore crossings costs.  Includes cost of pre-construction marine surveys.", 500,km,1416071.245619611,568736.0477080719,133522.9589554937,0.0,62964.57153700935,12770.061720294696,134371.7165324734,0.0,0.0,2328436.6020729546
998,Underground Cable,HVDC subsea cable,1500 MVA - Subsea Cable - twin 750 MVA symmetrical monopole circuits,In seabed,"Per km costs based on 250km route subsea distance including cable supply, installation, sea bed protection,  shore crossings costs.  Includes cost of pre-construction marine surveys.", 500,km,2778888.3444370218,667797.0642135029,148358.84328388187,0.0,52250.28444151801,10597.060234562992,227568.18588025024,0.0,0.0,3885459.782490738
